Src_X,Src_Y,Ref_X,Ref_Y,Proj_X,Proj_Y,Residual_X,Residual_Y,Residual_px
198.00,32.00,32.00,689.00,32.57,688.95,0.572,-0.051,0.575
196.00,33.00,32.00,689.00,32.57,688.95,0.572,-0.051,0.575
761.00,33.00,32.00,689.00,32.57,688.97,0.570,-0.025,0.571
168.00,34.00,32.00,689.00,32.57,688.95,0.572,-0.052,0.575
201.00,34.00,32.00,689.00,32.57,688.95,0.572,-0.051,0.575
753.00,34.00,32.00,689.00,32.57,688.97,0.570,-0.026,0.571
1061.00,34.00,32.00,689.00,32.55,689.25,0.547,0.247,0.600
524.00,35.00,32.00,689.00,32.57,688.96,0.572,-0.042,0.573
1051.00,35.00,32.00,689.00,32.55,689.19,0.552,0.195,0.585
749.00,36.00,32.00,689.00,32.57,688.97,0.570,-0.027,0.571
81.00,37.00,32.00,689.00,32.57,688.95,0.573,-0.053,0.575
200.00,37.00,32.00,689.00,32.57,688.95,0.572,-0.051,0.575
205.00,37.00,32.00,689.00,32.57,688.95,0.572,-0.051,0.575
209.00,37.00,32.00,689.00,32.57,688.95,0.572,-0.051,0.575
756.00,37.00,32.00,689.00,32.57,688.97,0.570,-0.026,0.571
859.00,37.00,32.00,689.00,32.57,688.99,0.569,-0.008,0.569
119.00,38.00,32.00,689.00,32.57,688.95,0.573,-0.052,0.575
335.00,39.00,32.00,689.00,32.57,688.95,0.572,-0.048,0.574
341.00,39.00,32.00,689.00,32.57,688.95,0.572,-0.048,0.574
76.00,40.00,32.00,689.00,32.57,688.95,0.573,-0.053,0.575
113.00,40.00,32.00,689.00,32.57,688.95,0.573,-0.052,0.575
118.00,40.00,32.00,689.00,32.57,688.95,0.573,-0.052,0.575
343.00,40.00,32.00,689.00,32.57,688.95,0.572,-0.048,0.574
848.00,40.00,32.00,689.00,32.57,688.99,0.569,-0.010,0.569
80.00,41.00,32.00,689.00,32.57,688.95,0.573,-0.053,0.575
83.00,41.00,32.00,689.00,32.57,688.95,0.573,-0.053,0.575
860.00,41.00,32.00,689.00,32.57,688.99,0.569,-0.008,0.569
171.00,42.00,32.00,689.00,32.57,688.95,0.572,-0.052,0.575
333.00,42.00,32.00,689.00,32.57,688.95,0.572,-0.048,0.574
336.00,42.00,32.00,689.00,32.57,688.95,0.572,-0.048,0.574
381.00,42.00,32.00,689.00,32.57,688.95,0.572,-0.047,0.574
73.00,43.00,32.00,689.00,32.57,688.95,0.573,-0.053,0.575
169.00,43.00,32.00,689.00,32.57,688.95,0.572,-0.052,0.575
258.00,43.00,32.00,689.00,32.57,688.95,0.572,-0.050,0.574
386.00,43.00,32.00,689.00,32.57,688.95,0.572,-0.047,0.574
674.00,43.00,32.00,689.00,32.57,688.97,0.571,-0.033,0.572
687.00,43.00,32.00,689.00,32.57,688.97,0.571,-0.032,0.572
860.00,43.00,32.00,689.00,32.57,688.99,0.569,-0.007,0.569
889.00,43.00,32.00,689.00,32.57,689.00,0.568,0.001,0.568
80.00,44.00,32.00,689.00,32.57,688.95,0.573,-0.053,0.575
255.00,44.00,32.00,689.00,32.57,688.95,0.572,-0.050,0.574
847.00,44.00,32.00,689.00,32.57,688.99,0.569,-0.010,0.569
863.00,44.00,32.00,689.00,32.57,688.99,0.569,-0.006,0.569
880.00,44.00,32.00,689.00,32.57,689.00,0.568,-0.002,0.568
74.00,45.00,32.00,689.00,32.57,688.95,0.573,-0.053,0.575
117.00,45.00,32.00,689.00,32.57,688.95,0.573,-0.052,0.575
171.00,45.00,32.00,689.00,32.57,688.95,0.572,-0.052,0.575
865.00,45.00,32.00,689.00,32.57,688.99,0.569,-0.006,0.569
76.00,46.00,32.00,689.00,32.57,688.95,0.573,-0.053,0.575
79.00,46.00,32.00,689.00,32.57,688.95,0.573,-0.053,0.575
81.00,46.00,32.00,689.00,32.57,688.95,0.573,-0.053,0.575
167.00,46.00,32.00,689.00,32.57,688.95,0.572,-0.052,0.575
249.00,46.00,32.00,689.00,32.57,688.95,0.572,-0.050,0.575
697.00,46.00,32.00,689.00,32.57,688.97,0.571,-0.031,0.572
854.00,46.00,32.00,689.00,32.57,688.99,0.569,-0.008,0.569
859.00,46.00,32.00,689.00,32.57,688.99,0.569,-0.007,0.569
172.00,47.00,32.00,689.00,32.57,688.95,0.572,-0.052,0.575
255.00,47.00,32.00,689.00,32.57,688.95,0.572,-0.050,0.574
845.00,47.00,32.00,689.00,32.57,688.99,0.569,-0.010,0.569
77.00,48.00,32.00,689.00,32.57,688.95,0.573,-0.053,0.575
257.00,48.00,32.00,689.00,32.57,688.95,0.572,-0.050,0.574
793.00,48.00,32.00,689.00,32.57,688.98,0.570,-0.020,0.570
694.00,49.00,32.00,689.00,32.57,688.97,0.571,-0.031,0.572
865.00,49.00,32.00,689.00,32.57,689.00,0.568,-0.005,0.569
254.00,50.00,32.00,689.00,32.57,688.95,0.572,-0.050,0.574
696.00,50.00,32.00,689.00,32.57,688.97,0.571,-0.031,0.572
258.00,51.00,32.00,689.00,32.57,688.95,0.572,-0.050,0.574
689.00,51.00,32.00,689.00,32.57,688.97,0.571,-0.032,0.572
866.00,51.00,32.00,689.00,32.57,689.00,0.568,-0.004,0.568
324.00,52.00,32.00,689.00,32.57,688.95,0.572,-0.049,0.574
685.00,52.00,32.00,689.00,32.57,688.97,0.571,-0.032,0.572
326.00,53.00,32.00,689.00,32.57,688.95,0.572,-0.049,0.574
259.00,54.00,32.00,689.00,32.57,688.95,0.572,-0.050,0.574
689.00,54.00,32.00,689.00,32.57,688.97,0.571,-0.032,0.572
903.00,54.00,32.00,689.00,32.57,689.01,0.567,0.009,0.567
939.00,54.00,32.00,689.00,32.57,689.03,0.566,0.027,0.566
900.00,55.00,32.00,689.00,32.57,689.01,0.567,0.008,0.567
916.00,55.00,32.00,689.00,32.57,689.01,0.567,0.015,0.567
920.00,55.00,32.00,689.00,32.57,689.02,0.567,0.017,0.567
925.00,55.00,32.00,689.00,32.57,689.02,0.566,0.019,0.567
918.00,56.00,32.00,689.00,32.57,689.02,0.567,0.016,0.567
964.00,56.00,32.00,689.00,32.56,689.05,0.564,0.047,0.566
227.00,57.00,32.00,689.00,32.57,688.95,0.572,-0.051,0.575
230.00,57.00,32.00,689.00,32.57,688.95,0.572,-0.051,0.575
498.00,57.00,32.00,689.00,32.57,688.96,0.572,-0.043,0.573
805.00,57.00,32.00,689.00,32.57,688.98,0.569,-0.017,0.570
903.00,57.00,32.00,689.00,32.57,689.01,0.567,0.010,0.567
914.00,57.00,32.00,689.00,32.57,689.01,0.567,0.014,0.567
936.00,57.00,32.00,689.00,32.57,689.03,0.566,0.026,0.566
942.00,57.00,32.00,689.00,32.57,689.03,0.565,0.030,0.566
968.00,57.00,32.00,689.00,32.56,689.05,0.564,0.051,0.566
906.00,58.00,32.00,689.00,32.57,689.01,0.567,0.011,0.567
46.00,59.00,32.00,689.00,32.57,688.95,0.573,-0.054,0.575
133.00,59.00,32.00,689.00,32.57,688.95,0.572,-0.052,0.575
914.00,59.00,32.00,689.00,32.57,689.02,0.567,0.015,0.567
961.00,59.00,32.00,689.00,32.56,689.05,0.564,0.046,0.566
965.00,59.00,32.00,689.00,32.56,689.05,0.564,0.050,0.566
42.00,60.00,32.00,689.00,32.57,688.95,0.573,-0.054,0.575
129.00,60.00,32.00,689.00,32.57,688.95,0.572,-0.052,0.575
223.00,60.00,32.00,689.00,32.57,688.95,0.572,-0.051,0.575
746.00,60.00,32.00,689.00,32.57,688.97,0.570,-0.026,0.571
916.00,60.00,32.00,689.00,32.57,689.02,0.567,0.016,0.567
938.00,60.00,32.00,689.00,32.57,689.03,0.566,0.029,0.566
942.00,60.00,32.00,689.00,32.57,689.03,0.565,0.032,0.566
234.00,61.00,32.00,689.00,32.57,688.95,0.572,-0.051,0.575
332.00,61.00,32.00,689.00,32.57,688.95,0.572,-0.048,0.574
840.00,61.00,32.00,689.00,32.57,688.99,0.569,-0.009,0.569
843.00,61.00,32.00,689.00,32.57,688.99,0.569,-0.009,0.569
901.00,61.00,32.00,689.00,32.57,689.01,0.567,0.010,0.567
907.00,61.00,32.00,689.00,32.57,689.01,0.567,0.012,0.567
45.00,62.00,32.00,689.00,32.57,688.95,0.573,-0.054,0.575
500.00,62.00,32.00,689.00,32.57,688.96,0.572,-0.043,0.573
911.00,62.00,32.00,689.00,32.57,689.01,0.567,0.015,0.567
939.00,62.00,32.00,689.00,32.57,689.03,0.565,0.031,0.566
137.00,63.00,32.00,689.00,32.57,688.95,0.572,-0.052,0.575
140.00,63.00,32.00,689.00,32.57,688.95,0.572,-0.052,0.575
843.00,63.00,32.00,689.00,32.57,688.99,0.569,-0.008,0.569
905.00,63.00,32.00,689.00,32.57,689.01,0.567,0.012,0.567
133.00,64.00,32.00,689.00,32.57,688.95,0.572,-0.052,0.575
323.00,64.00,32.00,689.00,32.57,688.95,0.572,-0.049,0.574
841.00,64.00,32.00,689.00,32.57,688.99,0.569,-0.009,0.569
908.00,64.00,32.00,689.00,32.57,689.01,0.567,0.014,0.567
230.00,65.00,32.00,689.00,32.57,688.95,0.572,-0.051,0.575
232.00,65.00,32.00,689.00,32.57,688.95,0.572,-0.051,0.575
873.00,65.00,32.00,689.00,32.57,689.00,0.568,0.000,0.568
910.00,65.00,32.00,689.00,32.57,689.02,0.567,0.015,0.567
922.00,65.00,32.00,689.00,32.57,689.02,0.566,0.021,0.567
48.00,66.00,32.00,689.00,32.57,688.95,0.573,-0.054,0.575
70.00,66.00,32.00,689.00,32.57,688.95,0.573,-0.053,0.575
75.00,66.00,32.00,689.00,32.57,688.95,0.573,-0.053,0.575
227.00,66.00,32.00,689.00,32.57,688.95,0.572,-0.051,0.575
907.00,66.00,32.00,689.00,32.57,689.01,0.567,0.014,0.567
322.00,67.00,32.00,689.00,32.57,688.95,0.572,-0.049,0.574
326.00,67.00,32.00,689.00,32.57,688.95,0.572,-0.049,0.574
331.00,67.00,32.00,689.00,32.57,688.95,0.572,-0.048,0.574
143.00,68.00,32.00,689.00,32.57,688.95,0.572,-0.052,0.575
230.00,68.00,32.00,689.00,32.57,688.95,0.572,-0.051,0.575
39.00,69.00,32.00,689.00,32.57,688.95,0.573,-0.054,0.575
44.00,69.00,32.00,689.00,32.57,688.95,0.573,-0.054,0.575
74.00,69.00,32.00,689.00,32.57,688.95,0.573,-0.053,0.575
227.00,70.00,32.00,689.00,32.57,688.95,0.572,-0.051,0.575
914.00,70.00,32.00,689.00,32.57,689.02,0.566,0.019,0.567
47.00,71.00,32.00,689.00,32.57,688.95,0.573,-0.054,0.575
309.00,71.00,32.00,689.00,32.57,688.95,0.572,-0.049,0.574
513.00,71.00,32.00,689.00,32.57,688.96,0.572,-0.042,0.573
42.00,72.00,32.00,689.00,32.57,688.95,0.573,-0.054,0.575
79.00,72.00,32.00,689.00,32.57,688.95,0.573,-0.053,0.575
231.00,72.00,32.00,689.00,32.57,688.95,0.572,-0.051,0.575
676.00,72.00,32.00,689.00,32.57,688.97,0.571,-0.032,0.572
712.00,72.00,32.00,689.00,32.57,688.97,0.570,-0.029,0.571
105.00,73.00,32.00,689.00,32.57,688.95,0.573,-0.053,0.575
844.00,73.00,32.00,689.00,32.57,688.99,0.569,-0.007,0.569
307.00,74.00,32.00,689.00,32.57,688.95,0.572,-0.049,0.574
670.00,74.00,32.00,689.00,32.57,688.97,0.571,-0.033,0.572
516.00,75.00,32.00,689.00,32.57,688.96,0.572,-0.042,0.573
676.00,75.00,32.00,689.00,32.57,688.97,0.571,-0.032,0.572
678.00,75.00,32.00,689.00,32.57,688.97,0.571,-0.032,0.572
42.00,76.00,32.00,689.00,32.57,688.95,0.573,-0.054,0.575
101.00,76.00,32.00,689.00,32.57,688.95,0.573,-0.053,0.575
301.00,76.00,32.00,689.00,32.57,688.95,0.572,-0.049,0.574
511.00,76.00,32.00,689.00,32.57,688.96,0.572,-0.042,0.573
709.00,76.00,32.00,689.00,32.57,688.97,0.570,-0.029,0.571
676.00,78.00,32.00,689.00,32.57,688.97,0.571,-0.032,0.572
672.00,79.00,32.00,689.00,32.57,688.97,0.571,-0.032,0.572
679.00,79.00,32.00,689.00,32.57,688.97,0.571,-0.032,0.572
849.00,79.00,32.00,689.00,32.57,689.00,0.568,-0.004,0.568
925.00,79.00,32.00,689.00,32.57,689.03,0.565,0.029,0.566
46.00,80.00,32.00,689.00,32.57,688.95,0.573,-0.054,0.575
676.00,80.00,32.00,689.00,32.57,688.97,0.571,-0.032,0.572
927.00,80.00,32.00,689.00,32.57,689.03,0.565,0.031,0.566
518.00,81.00,32.00,689.00,32.57,688.96,0.572,-0.042,0.573
678.00,81.00,32.00,689.00,32.57,688.97,0.571,-0.032,0.572
521.00,82.00,32.00,689.00,32.57,688.96,0.572,-0.042,0.573
153.00,83.00,32.00,689.00,32.57,688.95,0.572,-0.052,0.575
516.00,83.00,32.00,689.00,32.57,688.96,0.572,-0.042,0.573
809.00,84.00,32.00,689.00,32.57,688.99,0.569,-0.013,0.569
916.00,84.00,32.00,689.00,32.57,689.03,0.566,0.026,0.566
920.00,84.00,32.00,689.00,32.57,689.03,0.566,0.028,0.566
520.00,86.00,32.00,689.00,32.57,688.96,0.572,-0.042,0.573
314.00,87.00,32.00,689.00,32.57,688.95,0.572,-0.049,0.574
919.00,88.00,32.00,689.00,32.57,689.03,0.565,0.029,0.566
52.00,89.00,32.00,689.00,32.57,688.95,0.573,-0.054,0.575
127.00,89.00,32.00,689.00,32.57,688.95,0.572,-0.052,0.575
517.00,89.00,32.00,689.00,32.57,688.96,0.572,-0.042,0.573
519.00,89.00,32.00,689.00,32.57,688.96,0.572,-0.042,0.573
628.00,89.00,32.00,689.00,32.57,688.96,0.571,-0.036,0.572
638.00,89.00,32.00,689.00,32.57,688.97,0.571,-0.035,0.572
125.00,90.00,32.00,689.00,32.57,688.95,0.572,-0.053,0.575
921.00,90.00,32.00,689.00,32.57,689.03,0.565,0.032,0.566
121.00,91.00,32.00,689.00,32.57,688.95,0.572,-0.053,0.575
643.00,91.00,32.00,689.00,32.57,688.97,0.571,-0.034,0.572
916.00,91.00,32.00,689.00,32.57,689.03,0.565,0.029,0.566
123.00,92.00,32.00,689.00,32.57,688.95,0.572,-0.053,0.575
129.00,92.00,32.00,689.00,32.57,688.95,0.572,-0.052,0.575
628.00,92.00,32.00,689.00,32.57,688.96,0.571,-0.036,0.572
919.00,92.00,32.00,689.00,32.57,689.03,0.565,0.031,0.566
517.00,93.00,32.00,689.00,32.57,688.96,0.572,-0.042,0.573
631.00,93.00,32.00,689.00,32.57,688.96,0.571,-0.035,0.572
121.00,94.00,32.00,689.00,32.57,688.95,0.572,-0.053,0.575
313.00,94.00,32.00,689.00,32.57,688.95,0.572,-0.049,0.574
659.00,94.00,32.00,689.00,32.57,688.97,0.571,-0.033,0.572
54.00,95.00,32.00,689.00,32.57,688.95,0.573,-0.054,0.575
127.00,95.00,32.00,689.00,32.57,688.95,0.572,-0.052,0.575
642.00,95.00,32.00,689.00,32.57,688.97,0.571,-0.034,0.572
647.00,95.00,32.00,689.00,32.57,688.97,0.571,-0.034,0.572
123.00,96.00,32.00,689.00,32.57,688.95,0.572,-0.053,0.575
650.00,96.00,32.00,689.00,32.57,688.97,0.571,-0.034,0.572
127.00,97.00,32.00,689.00,32.57,688.95,0.572,-0.053,0.575
314.00,97.00,32.00,689.00,32.57,688.95,0.572,-0.049,0.574
170.00,98.00,32.00,689.00,32.57,688.95,0.572,-0.052,0.575
657.00,98.00,32.00,689.00,32.57,688.97,0.571,-0.033,0.572
168.00,99.00,32.00,689.00,32.57,688.95,0.572,-0.052,0.575
68.00,100.00,32.00,689.00,32.57,688.95,0.573,-0.053,0.575
166.00,100.00,32.00,689.00,32.57,688.95,0.572,-0.052,0.575
127.00,101.00,32.00,689.00,32.57,688.95,0.572,-0.053,0.575
161.00,101.00,32.00,689.00,32.57,688.95,0.572,-0.052,0.575
169.00,102.00,32.00,689.00,32.57,688.95,0.572,-0.052,0.575
72.00,103.00,32.00,689.00,32.57,688.95,0.573,-0.053,0.575
77.00,103.00,32.00,689.00,32.57,688.95,0.573,-0.053,0.575
315.00,103.00,32.00,689.00,32.57,688.95,0.572,-0.049,0.574
69.00,104.00,32.00,689.00,32.57,688.95,0.573,-0.053,0.575
166.00,104.00,32.00,689.00,32.57,688.95,0.572,-0.052,0.575
140.00,105.00,32.00,689.00,32.57,688.95,0.572,-0.052,0.575
170.00,106.00,32.00,689.00,32.57,688.95,0.572,-0.052,0.575
137.00,107.00,32.00,689.00,32.57,688.95,0.572,-0.052,0.575
144.00,107.00,32.00,689.00,32.57,688.95,0.572,-0.052,0.575
99.00,108.00,32.00,689.00,32.57,688.95,0.573,-0.053,0.575
132.00,108.00,32.00,689.00,32.57,688.95,0.572,-0.052,0.575
134.00,108.00,32.00,689.00,32.57,688.95,0.572,-0.052,0.575
142.00,108.00,32.00,689.00,32.57,688.95,0.572,-0.052,0.575
147.00,111.00,32.00,689.00,32.57,688.95,0.572,-0.052,0.575
139.00,112.00,32.00,689.00,32.57,688.95,0.572,-0.052,0.575
144.00,112.00,32.00,689.00,32.57,688.95,0.572,-0.052,0.575
413.00,113.00,32.00,689.00,32.57,688.95,0.572,-0.046,0.574
147.00,114.00,32.00,689.00,32.57,688.95,0.572,-0.052,0.575
410.00,116.00,32.00,689.00,32.57,688.95,0.572,-0.046,0.574
429.00,116.00,32.00,689.00,32.57,688.95,0.572,-0.045,0.574
436.00,116.00,32.00,689.00,32.57,688.95,0.572,-0.045,0.574
585.00,119.00,32.00,689.00,32.57,688.96,0.571,-0.038,0.572
588.00,119.00,32.00,689.00,32.57,688.96,0.571,-0.038,0.572
142.00,120.00,32.00,689.00,32.57,688.95,0.572,-0.052,0.575
146.00,120.00,32.00,689.00,32.57,688.95,0.572,-0.052,0.575
149.00,120.00,32.00,689.00,32.57,688.95,0.572,-0.052,0.575
404.00,120.00,32.00,689.00,32.57,688.95,0.572,-0.046,0.574
591.00,120.00,32.00,689.00,32.57,688.96,0.571,-0.037,0.572
783.00,120.00,32.00,689.00,32.57,688.99,0.569,-0.015,0.569
410.00,121.00,32.00,689.00,32.57,688.95,0.572,-0.046,0.574
731.00,121.00,32.00,689.00,32.57,688.98,0.570,-0.024,0.570
142.00,122.00,32.00,689.00,32.57,688.95,0.572,-0.052,0.575
414.00,122.00,32.00,689.00,32.57,688.95,0.572,-0.046,0.574
147.00,123.00,32.00,689.00,32.57,688.95,0.572,-0.052,0.575
149.00,123.00,32.00,689.00,32.57,688.95,0.572,-0.052,0.575
412.00,123.00,32.00,689.00,32.57,688.95,0.572,-0.046,0.574
732.00,123.00,32.00,689.00,32.57,688.98,0.570,-0.023,0.570
730.00,124.00,32.00,689.00,32.57,688.98,0.570,-0.024,0.570
45.00,125.00,32.00,689.00,32.57,688.95,0.573,-0.054,0.575
588.00,125.00,32.00,689.00,32.57,688.96,0.571,-0.038,0.572
409.00,126.00,32.00,689.00,32.57,688.95,0.572,-0.046,0.574
732.00,126.00,32.00,689.00,32.57,688.98,0.570,-0.023,0.570
780.00,126.00,32.00,689.00,32.57,688.99,0.569,-0.015,0.569
785.00,126.00,32.00,689.00,32.57,688.99,0.569,-0.013,0.569
40.00,127.00,32.00,689.00,32.57,688.95,0.573,-0.054,0.575
48.00,127.00,32.00,689.00,32.57,688.95,0.573,-0.054,0.575
744.00,127.00,32.00,689.00,32.57,688.98,0.570,-0.021,0.570
782.00,127.00,32.00,689.00,32.57,688.99,0.569,-0.014,0.569
53.00,128.00,32.00,689.00,32.57,688.95,0.573,-0.054,0.575
55.00,128.00,32.00,689.00,32.57,688.95,0.573,-0.054,0.575
59.00,128.00,32.00,689.00,32.57,688.95,0.573,-0.054,0.575
149.00,128.00,32.00,689.00,32.57,688.95,0.572,-0.052,0.575
394.00,128.00,32.00,689.00,32.57,688.95,0.572,-0.047,0.574
735.00,128.00,32.00,689.00,32.57,688.98,0.570,-0.023,0.570
739.00,128.00,32.00,689.00,32.57,688.98,0.570,-0.022,0.570
747.00,128.00,32.00,689.00,32.57,688.98,0.570,-0.021,0.570
64.00,129.00,32.00,689.00,32.57,688.95,0.573,-0.054,0.575
69.00,129.00,32.00,689.00,32.57,688.95,0.573,-0.054,0.575
146.00,129.00,32.00,689.00,32.57,688.95,0.572,-0.052,0.575
43.00,130.00,32.00,689.00,32.57,688.95,0.573,-0.054,0.575
152.00,130.00,32.00,689.00,32.57,688.95,0.572,-0.052,0.575
707.00,130.00,32.00,689.00,32.57,688.97,0.570,-0.026,0.571
72.00,131.00,32.00,689.00,32.57,688.95,0.573,-0.054,0.575
79.00,132.00,32.00,689.00,32.57,688.95,0.573,-0.053,0.575
82.00,132.00,32.00,689.00,32.57,688.95,0.573,-0.053,0.575
159.00,133.00,32.00,689.00,32.57,688.95,0.572,-0.052,0.575
394.00,133.00,32.00,689.00,32.57,688.95,0.572,-0.047,0.574
397.00,133.00,32.00,689.00,32.57,688.95,0.572,-0.046,0.574
65.00,134.00,32.00,689.00,32.57,688.95,0.573,-0.054,0.575
124.00,134.00,32.00,689.00,32.57,688.95,0.572,-0.053,0.575
76.00,135.00,32.00,689.00,32.57,688.95,0.573,-0.053,0.575
393.00,135.00,32.00,689.00,32.57,688.95,0.572,-0.047,0.574
643.00,136.00,32.00,689.00,32.57,688.97,0.571,-0.033,0.572
72.00,137.00,32.00,689.00,32.57,688.95,0.573,-0.054,0.575
640.00,137.00,32.00,689.00,32.57,688.97,0.571,-0.033,0.572
172.00,139.00,32.00,689.00,32.57,688.95,0.572,-0.052,0.575
79.00,140.00,32.00,689.00,32.57,688.95,0.573,-0.053,0.575
361.00,140.00,32.00,689.00,32.57,688.95,0.572,-0.048,0.574
364.00,140.00,32.00,689.00,32.57,688.95,0.572,-0.047,0.574
576.00,141.00,32.00,689.00,32.57,688.96,0.571,-0.038,0.572
170.00,142.00,32.00,689.00,32.57,688.95,0.572,-0.052,0.575
428.00,142.00,32.00,689.00,32.57,688.95,0.572,-0.045,0.574
176.00,143.00,32.00,689.00,32.57,688.95,0.572,-0.052,0.575
78.00,144.00,32.00,689.00,32.57,688.95,0.573,-0.053,0.575
173.00,144.00,32.00,689.00,32.57,688.95,0.572,-0.052,0.575
425.00,144.00,32.00,689.00,32.57,688.95,0.572,-0.045,0.574
870.00,144.00,32.00,689.00,32.57,689.02,0.566,0.023,0.566
171.00,145.00,32.00,689.00,32.57,688.95,0.572,-0.052,0.575
362.00,145.00,32.00,689.00,32.57,688.95,0.572,-0.048,0.574
428.00,145.00,32.00,689.00,32.57,688.95,0.572,-0.045,0.574
573.00,145.00,32.00,689.00,32.57,688.96,0.571,-0.038,0.572
64.00,147.00,32.00,689.00,32.57,688.95,0.573,-0.054,0.575
806.00,147.00,32.00,689.00,32.57,689.00,0.568,-0.005,0.568
808.00,147.00,32.00,689.00,32.57,689.00,0.568,-0.004,0.568
765.00,148.00,32.00,689.00,32.57,688.98,0.569,-0.015,0.569
565.00,149.00,32.00,689.00,32.57,688.96,0.571,-0.039,0.573
49.00,150.00,32.00,689.00,32.57,688.95,0.573,-0.054,0.575
67.00,150.00,32.00,689.00,32.57,688.95,0.573,-0.054,0.575
79.00,150.00,32.00,689.00,32.57,688.95,0.573,-0.054,0.575
604.00,150.00,32.00,689.00,32.57,688.96,0.571,-0.036,0.572
46.00,151.00,32.00,689.00,32.57,688.95,0.573,-0.054,0.575
58.00,151.00,32.00,689.00,32.57,688.95,0.573,-0.054,0.575
76.00,151.00,32.00,689.00,32.57,688.95,0.573,-0.054,0.575
761.00,151.00,32.00,689.00,32.57,688.98,0.569,-0.016,0.569
800.00,151.00,32.00,689.00,32.57,688.99,0.568,-0.006,0.568
802.00,151.00,32.00,689.00,32.57,688.99,0.568,-0.005,0.568
52.00,152.00,32.00,689.00,32.57,688.95,0.573,-0.054,0.575
43.00,153.00,32.00,689.00,32.57,688.95,0.573,-0.054,0.575
66.00,153.00,32.00,689.00,32.57,688.95,0.573,-0.054,0.575
573.00,153.00,32.00,689.00,32.57,688.96,0.571,-0.038,0.572
609.00,153.00,32.00,689.00,32.57,688.96,0.571,-0.035,0.572
764.00,153.00,32.00,689.00,32.57,688.99,0.569,-0.015,0.569
33.00,154.00,32.00,689.00,32.57,688.95,0.573,-0.054,0.575
37.00,154.00,32.00,689.00,32.57,688.95,0.573,-0.054,0.575
68.00,154.00,32.00,689.00,32.57,688.95,0.573,-0.054,0.575
81.00,154.00,32.00,689.00,32.57,688.95,0.573,-0.054,0.575
761.00,154.00,32.00,689.00,32.57,688.98,0.569,-0.015,0.569
42.00,155.00,32.00,689.00,32.57,688.95,0.573,-0.054,0.575
50.00,155.00,32.00,689.00,32.57,688.95,0.573,-0.054,0.575
71.00,155.00,32.00,689.00,32.57,688.95,0.573,-0.054,0.575
613.00,156.00,32.00,689.00,32.57,688.97,0.571,-0.035,0.572
759.00,156.00,32.00,689.00,32.57,688.98,0.569,-0.015,0.569
762.00,156.00,32.00,689.00,32.57,688.99,0.569,-0.015,0.569
765.00,156.00,32.00,689.00,32.57,688.99,0.569,-0.014,0.569
44.00,157.00,32.00,689.00,32.57,688.95,0.573,-0.054,0.575
47.00,157.00,32.00,689.00,32.57,688.95,0.573,-0.054,0.575
332.00,158.00,32.00,689.00,32.57,688.95,0.572,-0.048,0.574
765.00,158.00,32.00,689.00,32.57,688.99,0.569,-0.014,0.569
36.00,160.00,32.00,689.00,32.57,688.95,0.573,-0.054,0.575
344.00,161.00,32.00,689.00,32.57,688.95,0.572,-0.048,0.574
760.00,161.00,32.00,689.00,32.57,688.99,0.569,-0.015,0.569
41.00,162.00,32.00,689.00,32.57,688.95,0.573,-0.054,0.575
800.00,162.00,32.00,689.00,32.57,689.00,0.568,-0.004,0.568
818.00,162.00,32.00,689.00,32.57,689.00,0.567,0.003,0.567
763.00,163.00,32.00,689.00,32.57,688.99,0.569,-0.014,0.569
827.00,163.00,32.00,689.00,32.57,689.01,0.567,0.007,0.567
38.00,164.00,32.00,689.00,32.57,688.95,0.573,-0.054,0.575
44.00,164.00,32.00,689.00,32.57,688.95,0.573,-0.054,0.575
333.00,164.00,32.00,689.00,32.57,688.95,0.572,-0.048,0.574
36.00,165.00,32.00,689.00,32.57,688.95,0.573,-0.054,0.575
41.00,165.00,32.00,689.00,32.57,688.95,0.573,-0.054,0.575
159.00,166.00,32.00,689.00,32.57,688.95,0.572,-0.052,0.575
824.00,166.00,32.00,689.00,32.57,689.01,0.567,0.006,0.567
329.00,167.00,32.00,689.00,32.57,688.95,0.572,-0.049,0.574
157.00,168.00,32.00,689.00,32.57,688.95,0.572,-0.052,0.575
792.00,168.00,32.00,689.00,32.57,688.99,0.568,-0.005,0.568
336.00,169.00,32.00,689.00,32.57,688.95,0.572,-0.048,0.574
791.00,170.00,32.00,689.00,32.57,688.99,0.568,-0.005,0.568
159.00,171.00,32.00,689.00,32.57,688.95,0.572,-0.052,0.575
332.00,171.00,32.00,689.00,32.57,688.95,0.572,-0.048,0.574
793.00,172.00,32.00,689.00,32.57,689.00,0.568,-0.004,0.568
796.00,172.00,32.00,689.00,32.57,689.00,0.568,-0.003,0.568
155.00,174.00,32.00,689.00,32.57,688.95,0.572,-0.052,0.575
795.00,174.00,32.00,689.00,32.57,689.00,0.568,-0.003,0.568
798.00,174.00,32.00,689.00,32.57,689.00,0.568,-0.002,0.568
871.00,175.00,32.00,689.00,32.56,689.04,0.564,0.041,0.565
156.00,176.00,32.00,689.00,32.57,688.95,0.572,-0.052,0.575
312.00,176.00,32.00,689.00,32.57,688.95,0.572,-0.049,0.574
574.00,176.00,32.00,689.00,32.57,688.96,0.571,-0.037,0.572
136.00,179.00,32.00,689.00,32.57,688.95,0.572,-0.053,0.575
156.00,179.00,32.00,689.00,32.57,688.95,0.572,-0.052,0.575
1002.00,180.00,32.00,689.00,32.62,688.42,0.620,-0.576,0.846
996.00,182.00,32.00,689.00,32.63,688.31,0.630,-0.686,0.931
187.00,187.00,32.00,689.00,32.57,688.95,0.572,-0.052,0.575
816.00,187.00,32.00,689.00,32.57,689.01,0.567,0.009,0.567
819.00,187.00,32.00,689.00,32.57,689.01,0.567,0.010,0.567
179.00,188.00,32.00,689.00,32.57,688.95,0.572,-0.052,0.575
822.00,188.00,32.00,689.00,32.57,689.01,0.567,0.012,0.567
814.00,189.00,32.00,689.00,32.57,689.01,0.567,0.009,0.567
759.00,190.00,32.00,689.00,32.57,688.99,0.569,-0.011,0.569
800.00,190.00,32.00,689.00,32.57,689.00,0.567,0.003,0.567
816.00,191.00,32.00,689.00,32.57,689.01,0.567,0.010,0.567
821.00,191.00,32.00,689.00,32.57,689.01,0.566,0.013,0.567
183.00,192.00,32.00,689.00,32.57,688.95,0.572,-0.052,0.575
814.00,192.00,32.00,689.00,32.57,689.01,0.567,0.010,0.567
818.00,192.00,32.00,689.00,32.57,689.01,0.567,0.012,0.567
811.00,193.00,32.00,689.00,32.57,689.01,0.567,0.009,0.567
814.00,194.00,32.00,689.00,32.57,689.01,0.567,0.010,0.567
217.00,195.00,32.00,689.00,32.57,688.95,0.572,-0.051,0.575
315.00,195.00,32.00,689.00,32.57,688.95,0.572,-0.049,0.574
256.00,197.00,32.00,689.00,32.57,688.95,0.572,-0.050,0.574
1031.00,197.00,32.00,689.00,32.59,688.76,0.590,-0.240,0.637
241.00,198.00,32.00,689.00,32.57,688.95,0.572,-0.051,0.574
812.00,198.00,32.00,689.00,32.57,689.01,0.567,0.011,0.567
802.00,199.00,32.00,689.00,32.57,689.01,0.567,0.006,0.567
250.00,200.00,32.00,689.00,32.57,688.95,0.572,-0.051,0.574
1036.00,200.00,32.00,689.00,32.59,688.78,0.588,-0.222,0.629
258.00,201.00,32.00,689.00,32.57,688.95,0.572,-0.050,0.574
390.00,201.00,32.00,689.00,32.57,688.95,0.572,-0.047,0.574
814.00,201.00,32.00,689.00,32.57,689.01,0.566,0.013,0.567
1032.00,202.00,32.00,689.00,32.59,688.77,0.588,-0.226,0.630
255.00,203.00,32.00,689.00,32.57,688.95,0.572,-0.050,0.574
1037.00,203.00,32.00,689.00,32.59,688.79,0.587,-0.214,0.625
946.00,204.00,32.00,689.00,32.48,689.96,0.479,0.962,1.075
1034.00,204.00,32.00,689.00,32.59,688.78,0.588,-0.218,0.627
258.00,205.00,32.00,689.00,32.57,688.95,0.572,-0.050,0.574
944.00,205.00,32.00,689.00,32.49,689.87,0.488,0.868,0.996
237.00,206.00,32.00,689.00,32.57,688.95,0.572,-0.051,0.575
393.00,206.00,32.00,689.00,32.57,688.95,0.572,-0.046,0.574
566.00,206.00,32.00,689.00,32.57,688.96,0.571,-0.037,0.572
942.00,206.00,32.00,689.00,32.49,689.79,0.495,0.789,0.932
950.00,206.00,32.00,689.00,32.38,691.03,0.380,2.035,2.070
315.00,207.00,32.00,689.00,32.57,688.95,0.572,-0.049,0.574
395.00,207.00,32.00,689.00,32.57,688.95,0.572,-0.046,0.574
398.00,207.00,32.00,689.00,32.57,688.95,0.572,-0.046,0.574
944.00,207.00,32.00,689.00,32.47,690.02,0.474,1.020,1.125
1036.00,207.00,32.00,689.00,32.59,688.79,0.587,-0.209,0.623
256.00,208.00,32.00,689.00,32.57,688.95,0.572,-0.050,0.574
947.00,208.00,32.00,689.00,32.42,690.64,0.416,1.644,1.696
1033.00,208.00,32.00,689.00,32.59,688.79,0.587,-0.212,0.624
253.00,209.00,32.00,689.00,32.57,688.95,0.572,-0.051,0.574
393.00,209.00,32.00,689.00,32.57,688.95,0.572,-0.046,0.574
258.00,210.00,32.00,689.00,32.57,688.95,0.572,-0.050,0.574
271.00,210.00,32.00,689.00,32.57,688.95,0.572,-0.050,0.574
566.00,210.00,32.00,689.00,32.57,688.96,0.571,-0.037,0.572
1032.00,210.00,32.00,689.00,32.59,688.79,0.587,-0.211,0.624
316.00,211.00,32.00,689.00,32.57,688.95,0.572,-0.049,0.574
413.00,211.00,32.00,689.00,32.57,688.95,0.572,-0.046,0.574
410.00,212.00,32.00,689.00,32.57,688.95,0.572,-0.046,0.574
271.00,213.00,32.00,689.00,32.57,688.95,0.572,-0.050,0.574
348.00,214.00,32.00,689.00,32.57,688.95,0.572,-0.048,0.574
344.00,215.00,32.00,689.00,32.57,688.95,0.572,-0.048,0.574
728.00,215.00,32.00,689.00,32.57,688.98,0.569,-0.015,0.569
746.00,215.00,32.00,689.00,32.57,688.99,0.568,-0.010,0.569
787.00,215.00,32.00,689.00,32.57,689.00,0.567,0.004,0.567
276.00,216.00,32.00,689.00,32.57,688.95,0.572,-0.050,0.574
340.00,216.00,32.00,689.00,32.57,688.95,0.572,-0.048,0.574
346.00,216.00,32.00,689.00,32.57,688.95,0.572,-0.048,0.574
350.00,216.00,32.00,689.00,32.57,688.95,0.572,-0.048,0.574
916.00,216.00,32.00,689.00,32.54,689.30,0.539,0.304,0.619
278.00,217.00,32.00,689.00,32.57,688.95,0.572,-0.050,0.574
355.00,217.00,32.00,689.00,32.57,688.95,0.572,-0.048,0.574
567.00,217.00,32.00,689.00,32.57,688.96,0.571,-0.037,0.572
340.00,218.00,32.00,689.00,32.57,688.95,0.572,-0.048,0.574
352.00,218.00,32.00,689.00,32.57,688.95,0.572,-0.048,0.574
358.00,218.00,32.00,689.00,32.57,688.95,0.572,-0.048,0.574
745.00,218.00,32.00,689.00,32.57,688.99,0.568,-0.010,0.569
749.00,218.00,32.00,689.00,32.57,688.99,0.568,-0.009,0.568
348.00,219.00,32.00,689.00,32.57,688.95,0.572,-0.048,0.574
356.00,219.00,32.00,689.00,32.57,688.95,0.572,-0.048,0.574
413.00,220.00,32.00,689.00,32.57,688.95,0.572,-0.046,0.574
786.00,220.00,32.00,689.00,32.57,689.01,0.567,0.005,0.567
788.00,221.00,32.00,689.00,32.57,689.01,0.567,0.006,0.567
360.00,222.00,32.00,689.00,32.57,688.95,0.572,-0.048,0.574
369.00,223.00,32.00,689.00,32.57,688.95,0.572,-0.047,0.574
752.00,223.00,32.00,689.00,32.57,688.99,0.568,-0.007,0.568
373.00,224.00,32.00,689.00,32.57,688.95,0.572,-0.047,0.574
1156.00,224.00,32.00,689.00,32.58,688.88,0.579,-0.119,0.591
680.00,225.00,32.00,689.00,32.57,688.98,0.570,-0.024,0.570
224.00,226.00,32.00,689.00,32.57,688.95,0.572,-0.051,0.575
250.00,226.00,32.00,689.00,32.57,688.95,0.572,-0.051,0.574
363.00,226.00,32.00,689.00,32.57,688.95,0.572,-0.047,0.574
759.00,226.00,32.00,689.00,32.57,689.00,0.568,-0.004,0.568
1153.00,226.00,32.00,689.00,32.58,688.88,0.579,-0.119,0.591
252.00,227.00,32.00,689.00,32.57,688.95,0.572,-0.051,0.574
373.00,227.00,32.00,689.00,32.57,688.95,0.572,-0.047,0.574
375.00,227.00,32.00,689.00,32.57,688.95,0.572,-0.047,0.574
226.00,229.00,32.00,689.00,32.57,688.95,0.572,-0.051,0.575
1155.00,229.00,32.00,689.00,32.58,688.88,0.578,-0.118,0.590
1121.00,230.00,32.00,689.00,32.58,688.87,0.579,-0.127,0.593
255.00,231.00,32.00,689.00,32.57,688.95,0.572,-0.051,0.574
362.00,231.00,32.00,689.00,32.57,688.95,0.572,-0.048,0.574
861.00,231.00,32.00,689.00,32.56,689.09,0.559,0.087,0.566
1008.00,231.00,32.00,689.00,32.59,688.78,0.588,-0.216,0.626
367.00,232.00,32.00,689.00,32.57,688.95,0.572,-0.047,0.574
751.00,232.00,32.00,689.00,32.57,688.99,0.568,-0.006,0.568
1027.00,232.00,32.00,689.00,32.58,688.82,0.585,-0.185,0.613
253.00,233.00,32.00,689.00,32.57,688.95,0.572,-0.051,0.574
507.00,233.00,32.00,689.00,32.57,688.96,0.571,-0.041,0.573
1006.00,233.00,32.00,689.00,32.59,688.78,0.588,-0.216,0.626
1048.00,233.00,32.00,689.00,32.58,688.84,0.583,-0.163,0.605
248.00,234.00,32.00,689.00,32.57,688.95,0.572,-0.051,0.574
932.00,234.00,32.00,689.00,33.45,679.55,1.454,-9.451,9.563
1154.00,234.00,32.00,689.00,32.58,688.88,0.578,-0.117,0.590
223.00,235.00,32.00,689.00,32.57,688.95,0.572,-0.051,0.575
501.00,235.00,32.00,689.00,32.57,688.96,0.571,-0.041,0.573
505.00,235.00,32.00,689.00,32.57,688.96,0.571,-0.041,0.573
927.00,235.00,32.00,689.00,32.22,692.70,0.220,3.703,3.710
1051.00,236.00,32.00,689.00,32.58,688.84,0.582,-0.158,0.603
1120.00,236.00,32.00,689.00,32.58,688.88,0.579,-0.125,0.592
498.00,237.00,32.00,689.00,32.57,688.96,0.571,-0.041,0.573
1029.00,237.00,32.00,689.00,32.58,688.82,0.584,-0.177,0.610
1125.00,237.00,32.00,689.00,32.58,688.88,0.579,-0.123,0.592
1052.00,238.00,32.00,689.00,32.58,688.84,0.582,-0.155,0.602
609.00,239.00,32.00,689.00,32.57,688.97,0.570,-0.032,0.571
1050.00,240.00,32.00,689.00,32.58,688.84,0.582,-0.155,0.602
1032.00,245.00,32.00,689.00,32.58,688.83,0.583,-0.165,0.606
1036.00,245.00,32.00,689.00,32.58,688.84,0.583,-0.162,0.605
405.00,249.00,32.00,689.00,32.57,688.95,0.572,-0.046,0.574
1039.00,249.00,32.00,689.00,32.58,688.84,0.582,-0.156,0.603
564.00,250.00,32.00,689.00,32.57,688.96,0.571,-0.036,0.572
574.00,251.00,32.00,689.00,32.57,688.96,0.571,-0.035,0.572
770.00,251.00,32.00,689.00,32.57,689.01,0.567,0.007,0.567
1030.00,251.00,32.00,689.00,32.58,688.84,0.583,-0.162,0.605
359.00,252.00,32.00,689.00,32.57,688.95,0.572,-0.048,0.574
572.00,252.00,32.00,689.00,32.57,688.96,0.571,-0.036,0.572
1039.00,252.00,32.00,689.00,32.58,688.85,0.582,-0.154,0.602
357.00,253.00,32.00,689.00,32.57,688.95,0.572,-0.048,0.574
1030.00,253.00,32.00,689.00,32.58,688.84,0.583,-0.160,0.604
1036.00,253.00,32.00,689.00,32.58,688.84,0.582,-0.155,0.602
567.00,254.00,32.00,689.00,32.57,688.96,0.571,-0.036,0.572
1120.00,254.00,32.00,689.00,32.58,688.88,0.579,-0.119,0.591
365.00,255.00,32.00,689.00,32.57,688.95,0.572,-0.047,0.574
506.00,255.00,32.00,689.00,32.57,688.96,0.571,-0.041,0.573
565.00,255.00,32.00,689.00,32.57,688.96,0.571,-0.036,0.572
1039.00,255.00,32.00,689.00,32.58,688.85,0.582,-0.152,0.601
1066.00,255.00,32.00,689.00,32.58,688.86,0.580,-0.137,0.596
367.00,256.00,32.00,689.00,32.57,688.95,0.572,-0.047,0.574
1026.00,256.00,32.00,689.00,32.58,688.84,0.583,-0.161,0.604
503.00,257.00,32.00,689.00,32.57,688.96,0.571,-0.041,0.573
515.00,257.00,32.00,689.00,32.57,688.96,0.571,-0.040,0.573
931.00,257.00,32.00,689.00,32.62,688.41,0.624,-0.590,0.859
935.00,257.00,32.00,689.00,32.62,688.50,0.615,-0.505,0.796
1111.00,257.00,32.00,689.00,32.58,688.88,0.579,-0.120,0.591
360.00,258.00,32.00,689.00,32.57,688.95,0.572,-0.048,0.574
926.00,258.00,32.00,689.00,32.64,688.28,0.636,-0.721,0.961
1065.00,258.00,32.00,689.00,32.58,688.86,0.580,-0.136,0.596
1188.00,259.00,32.00,689.00,32.58,688.89,0.577,-0.105,0.587
514.00,260.00,32.00,689.00,32.57,688.96,0.571,-0.040,0.573
570.00,260.00,32.00,689.00,32.57,688.96,0.571,-0.036,0.572
932.00,260.00,32.00,689.00,32.62,688.49,0.616,-0.509,0.799
1035.00,260.00,32.00,689.00,32.58,688.85,0.582,-0.151,0.601
1142.00,260.00,32.00,689.00,32.58,688.89,0.578,-0.112,0.589
1108.00,261.00,32.00,689.00,32.58,688.88,0.579,-0.120,0.591
1138.00,262.00,32.00,689.00,32.58,688.89,0.578,-0.113,0.589
1143.00,262.00,32.00,689.00,32.58,688.89,0.578,-0.112,0.589
509.00,263.00,32.00,689.00,32.57,688.96,0.571,-0.040,0.573
1111.00,263.00,32.00,689.00,32.58,688.88,0.579,-0.119,0.591
1139.00,264.00,32.00,689.00,32.58,688.89,0.578,-0.112,0.589
1170.00,264.00,32.00,689.00,32.58,688.89,0.578,-0.107,0.587
367.00,265.00,32.00,689.00,32.57,688.95,0.572,-0.047,0.574
1133.00,266.00,32.00,689.00,32.58,688.89,0.578,-0.113,0.589
745.00,267.00,32.00,689.00,32.57,689.00,0.567,0.000,0.567
852.00,267.00,32.00,689.00,32.55,689.14,0.553,0.145,0.572
742.00,268.00,32.00,689.00,32.57,689.00,0.567,-0.001,0.567
748.00,268.00,32.00,689.00,32.57,689.00,0.567,0.002,0.567
1134.00,268.00,32.00,689.00,32.58,688.89,0.578,-0.112,0.589
432.00,269.00,32.00,689.00,32.57,688.96,0.572,-0.045,0.573
745.00,269.00,32.00,689.00,32.57,689.00,0.567,0.001,0.567
1136.00,269.00,32.00,689.00,32.58,688.89,0.578,-0.112,0.589
430.00,270.00,32.00,689.00,32.57,688.96,0.572,-0.045,0.573
740.00,270.00,32.00,689.00,32.57,689.00,0.567,-0.001,0.567
393.00,271.00,32.00,689.00,32.57,688.95,0.572,-0.046,0.574
423.00,271.00,32.00,689.00,32.57,688.96,0.572,-0.045,0.573
500.00,271.00,32.00,689.00,32.57,688.96,0.571,-0.041,0.573
390.00,272.00,32.00,689.00,32.57,688.95,0.572,-0.046,0.574
429.00,272.00,32.00,689.00,32.57,688.96,0.572,-0.045,0.573
1134.00,272.00,32.00,689.00,32.58,688.89,0.578,-0.111,0.589
434.00,273.00,32.00,689.00,32.57,688.96,0.572,-0.044,0.573
503.00,273.00,32.00,689.00,32.57,688.96,0.571,-0.041,0.573
745.00,273.00,32.00,689.00,32.57,689.00,0.567,0.002,0.567
1083.00,273.00,32.00,689.00,32.58,688.88,0.579,-0.123,0.592
421.00,274.00,32.00,689.00,32.57,688.95,0.572,-0.045,0.573
432.00,274.00,32.00,689.00,32.57,688.96,0.572,-0.045,0.573
496.00,274.00,32.00,689.00,32.57,688.96,0.571,-0.041,0.573
499.00,275.00,32.00,689.00,32.57,688.96,0.571,-0.041,0.573
676.00,275.00,32.00,689.00,32.57,688.98,0.569,-0.019,0.569
742.00,275.00,32.00,689.00,32.57,689.00,0.567,0.001,0.567
75.00,276.00,32.00,689.00,32.57,688.95,0.573,-0.054,0.575
390.00,276.00,32.00,689.00,32.57,688.95,0.572,-0.046,0.574
425.00,276.00,32.00,689.00,32.57,688.96,0.572,-0.045,0.573
888.00,276.00,32.00,689.00,32.40,690.72,0.400,1.724,1.770
156.00,277.00,32.00,689.00,32.57,688.95,0.572,-0.053,0.575
395.00,277.00,32.00,689.00,32.57,688.95,0.572,-0.046,0.574
504.00,277.00,32.00,689.00,32.57,688.96,0.571,-0.040,0.573
48.00,278.00,32.00,689.00,32.57,688.95,0.573,-0.055,0.575
200.00,278.00,32.00,689.00,32.57,688.95,0.572,-0.052,0.575
672.00,278.00,32.00,689.00,32.57,688.98,0.569,-0.020,0.570
883.00,278.00,32.00,689.00,32.46,690.08,0.463,1.079,1.174
887.00,278.00,32.00,689.00,32.37,690.99,0.374,1.989,2.024
678.00,279.00,32.00,689.00,32.57,688.98,0.569,-0.019,0.569
151.00,280.00,32.00,689.00,32.57,688.95,0.572,-0.053,0.575
157.00,280.00,32.00,689.00,32.57,688.95,0.572,-0.053,0.575
166.00,280.00,32.00,689.00,32.57,688.95,0.572,-0.053,0.575
392.00,280.00,32.00,689.00,32.57,688.95,0.572,-0.046,0.574
529.00,280.00,32.00,689.00,32.57,688.96,0.571,-0.038,0.572
394.00,281.00,32.00,689.00,32.57,688.95,0.572,-0.046,0.574
1165.00,281.00,32.00,689.00,32.58,688.90,0.577,-0.104,0.587
166.00,282.00,32.00,689.00,32.57,688.95,0.572,-0.053,0.575
878.00,282.00,32.00,689.00,32.48,689.91,0.479,0.911,1.029
524.00,283.00,32.00,689.00,32.57,688.96,0.571,-0.039,0.572
880.00,283.00,32.00,689.00,32.44,690.28,0.443,1.279,1.353
1205.00,283.00,32.00,689.00,32.58,688.90,0.577,-0.099,0.585
875.00,284.00,32.00,689.00,32.49,689.81,0.489,0.805,0.942
878.00,284.00,32.00,689.00,32.46,690.10,0.460,1.105,1.197
168.00,285.00,32.00,689.00,32.57,688.95,0.572,-0.053,0.575
881.00,285.00,32.00,689.00,32.37,691.04,0.369,2.037,2.070
165.00,286.00,32.00,689.00,32.57,688.95,0.572,-0.053,0.575
1197.00,286.00,32.00,689.00,32.58,688.90,0.577,-0.100,0.585
167.00,287.00,32.00,689.00,32.57,688.95,0.572,-0.053,0.575
523.00,289.00,32.00,689.00,32.57,688.96,0.571,-0.039,0.572
170.00,290.00,32.00,689.00,32.57,688.95,0.572,-0.053,0.575
270.00,290.00,32.00,689.00,32.57,688.95,0.572,-0.050,0.574
505.00,291.00,32.00,689.00,32.57,688.96,0.571,-0.040,0.572
938.00,291.00,32.00,689.00,32.59,688.76,0.591,-0.243,0.639
944.00,292.00,32.00,689.00,32.59,688.78,0.589,-0.224,0.630
1229.00,292.00,32.00,689.00,32.58,688.90,0.577,-0.096,0.584
1232.00,292.00,32.00,689.00,32.58,688.90,0.577,-0.096,0.584
265.00,293.00,32.00,689.00,32.57,688.95,0.572,-0.051,0.574
263.00,294.00,32.00,689.00,32.57,688.95,0.572,-0.051,0.574
404.00,294.00,32.00,689.00,32.57,688.95,0.572,-0.046,0.573
1232.00,294.00,32.00,689.00,32.58,688.90,0.577,-0.095,0.584
267.00,295.00,32.00,689.00,32.57,688.95,0.572,-0.051,0.574
271.00,295.00,32.00,689.00,32.57,688.95,0.572,-0.050,0.574
401.00,295.00,32.00,689.00,32.57,688.95,0.572,-0.046,0.573
1229.00,296.00,32.00,689.00,32.58,688.90,0.577,-0.095,0.584
173.00,298.00,32.00,689.00,32.57,688.95,0.572,-0.053,0.575
176.00,298.00,32.00,689.00,32.57,688.95,0.572,-0.053,0.575
944.00,298.00,32.00,689.00,32.59,688.79,0.588,-0.211,0.625
277.00,299.00,32.00,689.00,32.57,688.95,0.572,-0.050,0.574
428.00,299.00,32.00,689.00,32.57,688.96,0.572,-0.045,0.573
404.00,300.00,32.00,689.00,32.57,688.95,0.572,-0.046,0.573
421.00,300.00,32.00,689.00,32.57,688.96,0.572,-0.045,0.573
436.00,300.00,32.00,689.00,32.57,688.96,0.571,-0.044,0.573
174.00,301.00,32.00,689.00,32.57,688.95,0.572,-0.053,0.575
176.00,301.00,32.00,689.00,32.57,688.95,0.572,-0.053,0.575
406.00,301.00,32.00,689.00,32.57,688.95,0.572,-0.046,0.573
418.00,301.00,32.00,689.00,32.57,688.95,0.572,-0.045,0.573
498.00,301.00,32.00,689.00,32.57,688.96,0.571,-0.040,0.573
939.00,301.00,32.00,689.00,32.59,688.78,0.588,-0.215,0.626
594.00,302.00,32.00,689.00,32.57,688.97,0.570,-0.031,0.571
177.00,303.00,32.00,689.00,32.57,688.95,0.572,-0.053,0.575
439.00,303.00,32.00,689.00,32.57,688.96,0.571,-0.044,0.573
946.00,303.00,32.00,689.00,32.59,688.80,0.587,-0.198,0.619
424.00,304.00,32.00,689.00,32.57,688.96,0.572,-0.045,0.573
590.00,304.00,32.00,689.00,32.57,688.97,0.570,-0.031,0.571
943.00,304.00,32.00,689.00,32.59,688.80,0.587,-0.201,0.620
1190.00,304.00,32.00,689.00,32.58,688.90,0.577,-0.098,0.585
437.00,305.00,32.00,689.00,32.57,688.96,0.571,-0.044,0.573
439.00,306.00,32.00,689.00,32.57,688.96,0.571,-0.044,0.573
263.00,307.00,32.00,689.00,32.57,688.95,0.572,-0.051,0.574
1192.00,307.00,32.00,689.00,32.58,688.90,0.577,-0.097,0.585
1225.00,307.00,32.00,689.00,32.58,688.91,0.576,-0.094,0.584
502.00,308.00,32.00,689.00,32.57,688.96,0.571,-0.040,0.572
948.00,308.00,32.00,689.00,32.59,688.81,0.586,-0.186,0.615
1182.00,308.00,32.00,689.00,32.58,688.90,0.577,-0.098,0.585
1184.00,309.00,32.00,689.00,32.58,688.90,0.577,-0.098,0.585
288.00,310.00,32.00,689.00,32.57,688.95,0.572,-0.050,0.574
504.00,310.00,32.00,689.00,32.57,688.96,0.571,-0.040,0.572
195.00,311.00,32.00,689.00,32.57,688.95,0.572,-0.052,0.575
262.00,311.00,32.00,689.00,32.57,688.95,0.572,-0.051,0.574
294.00,311.00,32.00,689.00,32.57,688.95,0.572,-0.050,0.574
669.00,312.00,32.00,689.00,32.57,688.98,0.569,-0.016,0.569
671.00,312.00,32.00,689.00,32.57,688.98,0.569,-0.016,0.569
1172.00,312.00,32.00,689.00,32.58,688.90,0.577,-0.099,0.585
291.00,313.00,32.00,689.00,32.57,688.95,0.572,-0.050,0.574
555.00,313.00,32.00,689.00,32.57,688.96,0.571,-0.035,0.572
1174.00,313.00,32.00,689.00,32.58,688.90,0.577,-0.098,0.585
1178.00,313.00,32.00,689.00,32.58,688.90,0.577,-0.098,0.585
196.00,314.00,32.00,689.00,32.57,688.95,0.572,-0.052,0.575
208.00,314.00,32.00,689.00,32.57,688.95,0.572,-0.052,0.575
445.00,314.00,32.00,689.00,32.57,688.96,0.571,-0.044,0.573
561.00,314.00,32.00,689.00,32.57,688.97,0.570,-0.034,0.572
889.00,314.00,32.00,689.00,32.61,688.59,0.608,-0.406,0.731
1009.00,314.00,32.00,689.00,32.58,688.87,0.580,-0.133,0.595
1054.00,314.00,32.00,689.00,32.58,688.88,0.579,-0.117,0.591
289.00,315.00,32.00,689.00,32.57,688.95,0.572,-0.050,0.574
887.00,315.00,32.00,689.00,32.61,688.58,0.609,-0.419,0.739
256.00,316.00,32.00,689.00,32.57,688.95,0.572,-0.051,0.574
300.00,316.00,32.00,689.00,32.57,688.95,0.572,-0.050,0.574
558.00,316.00,32.00,689.00,32.57,688.97,0.571,-0.035,0.572
882.00,316.00,32.00,689.00,32.62,688.52,0.615,-0.481,0.781
1007.00,316.00,32.00,689.00,32.58,688.87,0.580,-0.132,0.595
297.00,317.00,32.00,689.00,32.57,688.95,0.572,-0.050,0.574
560.00,317.00,32.00,689.00,32.57,688.97,0.570,-0.034,0.572
575.00,317.00,32.00,689.00,32.57,688.97,0.570,-0.033,0.571
563.00,318.00,32.00,689.00,32.57,688.97,0.570,-0.034,0.571
594.00,318.00,32.00,689.00,32.57,688.97,0.570,-0.030,0.571
634.00,318.00,32.00,689.00,32.57,688.98,0.569,-0.024,0.570
1006.00,318.00,32.00,689.00,32.58,688.87,0.580,-0.132,0.595
1072.00,318.00,32.00,689.00,32.58,688.89,0.578,-0.112,0.589
559.00,319.00,32.00,689.00,32.57,688.97,0.570,-0.034,0.572
572.00,319.00,32.00,689.00,32.57,688.97,0.570,-0.033,0.571
575.00,319.00,32.00,689.00,32.57,688.97,0.570,-0.033,0.571
889.00,319.00,32.00,689.00,32.60,688.64,0.603,-0.359,0.702
579.00,320.00,32.00,689.00,32.57,688.97,0.570,-0.032,0.571
586.00,320.00,32.00,689.00,32.57,688.97,0.570,-0.031,0.571
883.00,320.00,32.00,689.00,32.61,688.59,0.608,-0.411,0.734
584.00,321.00,32.00,689.00,32.57,688.97,0.570,-0.031,0.571
634.00,321.00,32.00,689.00,32.57,688.98,0.569,-0.023,0.570
393.00,322.00,32.00,689.00,32.57,688.95,0.572,-0.046,0.573
582.00,322.00,32.00,689.00,32.57,688.97,0.570,-0.032,0.571
591.00,322.00,32.00,689.00,32.57,688.97,0.570,-0.030,0.571
1216.00,322.00,32.00,689.00,32.58,688.91,0.576,-0.094,0.584
588.00,323.00,32.00,689.00,32.57,688.97,0.570,-0.031,0.571
636.00,323.00,32.00,689.00,32.57,688.98,0.569,-0.023,0.570
1091.00,323.00,32.00,689.00,32.58,688.89,0.578,-0.107,0.588
1209.00,324.00,32.00,689.00,32.58,688.91,0.576,-0.094,0.584
1084.00,326.00,32.00,689.00,32.58,688.89,0.578,-0.108,0.588
1217.00,326.00,32.00,689.00,32.58,688.91,0.576,-0.093,0.584
283.00,327.00,32.00,689.00,32.57,688.95,0.572,-0.050,0.574
281.00,328.00,32.00,689.00,32.57,688.95,0.572,-0.050,0.574
1086.00,328.00,32.00,689.00,32.58,688.89,0.578,-0.107,0.588
1211.00,328.00,32.00,689.00,32.58,688.91,0.576,-0.093,0.584
223.00,329.00,32.00,689.00,32.57,688.95,0.572,-0.052,0.575
637.00,329.00,32.00,689.00,32.57,688.98,0.569,-0.022,0.570
279.00,331.00,32.00,689.00,32.57,688.95,0.572,-0.050,0.574
490.00,331.00,32.00,689.00,32.57,688.96,0.571,-0.040,0.572
1092.00,331.00,32.00,689.00,32.58,688.89,0.578,-0.105,0.587
285.00,333.00,32.00,689.00,32.57,688.95,0.572,-0.050,0.574
491.00,333.00,32.00,689.00,32.57,688.96,0.571,-0.040,0.572
608.00,333.00,32.00,689.00,32.57,688.97,0.570,-0.027,0.570
1088.00,333.00,32.00,689.00,32.58,688.89,0.578,-0.106,0.587
321.00,334.00,32.00,689.00,32.57,688.95,0.572,-0.049,0.574
1097.00,334.00,32.00,689.00,32.58,688.90,0.577,-0.104,0.587
495.00,335.00,32.00,689.00,32.57,688.96,0.571,-0.040,0.572
884.00,335.00,32.00,689.00,32.60,688.71,0.596,-0.289,0.663
323.00,336.00,32.00,689.00,32.57,688.95,0.572,-0.049,0.574
492.00,336.00,32.00,689.00,32.57,688.96,0.571,-0.040,0.572
1208.00,337.00,32.00,689.00,32.58,688.91,0.576,-0.092,0.584
494.00,338.00,32.00,689.00,32.57,688.96,0.571,-0.040,0.572
492.00,339.00,32.00,689.00,32.57,688.96,0.571,-0.040,0.572
509.00,339.00,32.00,689.00,32.57,688.96,0.571,-0.039,0.572
611.00,339.00,32.00,689.00,32.57,688.97,0.570,-0.026,0.570
1051.00,340.00,37.00,690.00,32.58,688.89,-4.422,-1.111,4.559
1082.00,340.00,32.00,689.00,32.58,688.89,0.578,-0.105,0.587
1189.00,340.00,32.00,689.00,32.58,688.91,0.576,-0.093,0.584
1213.00,340.00,32.00,689.00,32.58,688.91,0.576,-0.092,0.584
1216.00,340.00,32.00,689.00,32.58,688.91,0.576,-0.092,0.583
282.00,341.00,32.00,689.00,32.57,688.95,0.572,-0.050,0.574
495.00,341.00,32.00,689.00,32.57,688.96,0.571,-0.040,0.572
501.00,341.00,32.00,689.00,32.57,688.96,0.571,-0.039,0.572
1222.00,342.00,32.00,689.00,32.58,688.91,0.576,-0.091,0.583
40.00,343.00,32.00,689.00,32.57,688.94,0.573,-0.055,0.575
612.00,343.00,32.00,689.00,32.57,688.97,0.569,-0.026,0.570
899.00,343.00,32.00,689.00,32.59,688.79,0.588,-0.211,0.625
1218.00,343.00,32.00,689.00,32.58,688.91,0.576,-0.091,0.583
255.00,345.00,32.00,689.00,32.57,688.95,0.572,-0.051,0.574
609.00,347.00,32.00,689.00,32.57,688.97,0.569,-0.026,0.570
676.00,348.00,32.00,689.00,32.57,688.99,0.568,-0.008,0.568
567.00,349.00,32.00,689.00,32.57,688.97,0.570,-0.032,0.571
679.00,349.00,32.00,689.00,32.57,688.99,0.567,-0.006,0.568
572.00,350.00,32.00,689.00,32.57,688.97,0.570,-0.031,0.571
676.00,350.00,32.00,689.00,32.57,688.99,0.568,-0.007,0.568
1075.00,350.00,32.00,689.00,32.58,688.90,0.578,-0.104,0.587
354.00,351.00,32.00,689.00,32.57,688.95,0.572,-0.048,0.574
460.00,351.00,32.00,689.00,32.57,688.96,0.571,-0.042,0.573
1072.00,351.00,32.00,689.00,32.58,688.90,0.578,-0.104,0.587
1079.00,351.00,32.00,689.00,32.58,688.90,0.577,-0.103,0.587
576.00,352.00,32.00,689.00,32.57,688.97,0.570,-0.031,0.571
1074.00,352.00,32.00,689.00,32.58,688.90,0.578,-0.104,0.587
571.00,353.00,32.00,689.00,32.57,688.97,0.570,-0.031,0.571
1078.00,354.00,32.00,689.00,32.58,688.90,0.577,-0.103,0.587
352.00,355.00,32.00,689.00,32.57,688.95,0.572,-0.048,0.574
437.00,355.00,32.00,689.00,32.57,688.96,0.571,-0.044,0.573
1073.00,356.00,32.00,689.00,32.58,688.90,0.577,-0.103,0.587
53.00,357.00,32.00,689.00,32.57,688.94,0.573,-0.055,0.575
430.00,357.00,32.00,689.00,32.57,688.96,0.571,-0.044,0.573
576.00,358.00,32.00,689.00,32.57,688.97,0.570,-0.030,0.571
1076.00,359.00,32.00,689.00,32.58,688.90,0.577,-0.102,0.586
1078.00,359.00,32.00,689.00,32.58,688.90,0.577,-0.102,0.586
428.00,360.00,32.00,689.00,32.57,688.96,0.571,-0.044,0.573
454.00,360.00,32.00,689.00,32.57,688.96,0.571,-0.043,0.573
477.00,360.00,32.00,689.00,32.57,688.96,0.571,-0.041,0.572
1111.00,360.00,32.00,689.00,32.58,688.90,0.577,-0.098,0.585
491.00,361.00,32.00,689.00,32.57,688.96,0.571,-0.040,0.572
459.00,362.00,32.00,689.00,32.57,688.96,0.571,-0.042,0.573
474.00,362.00,32.00,689.00,32.57,688.96,0.571,-0.041,0.573
488.00,362.00,32.00,689.00,32.57,688.96,0.571,-0.040,0.572
1108.00,362.00,32.00,689.00,32.58,688.90,0.577,-0.098,0.585
1080.00,363.00,32.00,689.00,32.58,688.90,0.577,-0.101,0.586
79.00,364.00,32.00,689.00,32.57,688.95,0.572,-0.055,0.575
457.00,364.00,32.00,689.00,32.57,688.96,0.571,-0.042,0.573
491.00,364.00,32.00,689.00,32.57,688.96,0.571,-0.040,0.572
544.00,364.00,32.00,689.00,32.57,688.97,0.570,-0.034,0.571
1102.00,364.00,32.00,689.00,32.58,688.90,0.577,-0.098,0.585
77.00,365.00,32.00,689.00,32.57,688.95,0.572,-0.055,0.575
322.00,365.00,32.00,689.00,32.57,688.95,0.572,-0.049,0.574
460.00,365.00,32.00,689.00,32.57,688.96,0.571,-0.042,0.573
462.00,365.00,32.00,689.00,32.57,688.96,0.571,-0.042,0.573
482.00,365.00,32.00,689.00,32.57,688.96,0.571,-0.040,0.572
45.00,366.00,32.00,689.00,32.57,688.94,0.573,-0.055,0.575
1074.00,366.00,32.00,689.00,32.58,688.90,0.577,-0.101,0.586
1104.00,366.00,32.00,689.00,32.58,688.90,0.577,-0.098,0.585
38.00,368.00,32.00,689.00,32.57,688.94,0.573,-0.056,0.575
1075.00,368.00,32.00,689.00,32.58,688.90,0.577,-0.101,0.586
1081.00,368.00,32.00,689.00,32.58,688.90,0.577,-0.100,0.586
451.00,369.00,32.00,689.00,32.57,688.96,0.571,-0.043,0.573
482.00,369.00,32.00,689.00,32.57,688.96,0.571,-0.040,0.572
486.00,369.00,32.00,689.00,32.57,688.96,0.571,-0.040,0.572
82.00,370.00,32.00,689.00,32.57,688.95,0.572,-0.055,0.575
447.00,370.00,32.00,689.00,32.57,688.96,0.571,-0.043,0.573
477.00,370.00,32.00,689.00,32.57,688.96,0.571,-0.041,0.572
675.00,370.00,32.00,689.00,32.57,689.00,0.567,-0.002,0.567
1076.00,370.00,32.00,689.00,32.58,688.90,0.577,-0.100,0.586
1082.00,370.00,32.00,689.00,32.58,688.90,0.577,-0.099,0.586
484.00,371.00,32.00,689.00,32.57,688.96,0.571,-0.040,0.572
488.00,371.00,32.00,689.00,32.57,688.96,0.571,-0.040,0.572
600.00,371.00,32.00,689.00,32.57,688.97,0.569,-0.025,0.570
678.00,371.00,32.00,689.00,32.57,689.00,0.567,-0.001,0.567
1080.00,371.00,32.00,689.00,32.58,688.90,0.577,-0.100,0.586
1108.00,372.00,32.00,689.00,32.58,688.90,0.577,-0.096,0.585
599.00,373.00,32.00,689.00,32.57,688.97,0.569,-0.025,0.570
35.00,374.00,32.00,689.00,32.57,688.94,0.573,-0.056,0.575
38.00,374.00,32.00,689.00,32.57,688.94,0.573,-0.056,0.575
439.00,374.00,32.00,689.00,32.57,688.96,0.571,-0.043,0.573
448.00,374.00,32.00,689.00,32.57,688.96,0.571,-0.043,0.573
481.00,374.00,32.00,689.00,32.57,688.96,0.571,-0.040,0.572
569.00,374.00,32.00,689.00,32.57,688.97,0.570,-0.030,0.571
675.00,374.00,32.00,689.00,32.57,689.00,0.567,-0.001,0.567
567.00,375.00,32.00,689.00,32.57,688.97,0.570,-0.031,0.571
595.00,375.00,32.00,689.00,32.57,688.97,0.569,-0.026,0.570
448.00,376.00,32.00,689.00,32.57,688.96,0.571,-0.043,0.573
457.00,376.00,32.00,689.00,32.57,688.96,0.571,-0.042,0.573
679.00,376.00,32.00,689.00,32.57,689.00,0.566,0.002,0.566
996.00,376.00,32.00,689.00,32.58,688.89,0.579,-0.113,0.589
1081.00,376.00,32.00,689.00,32.58,688.90,0.577,-0.099,0.585
32.00,377.00,32.00,689.00,32.57,688.94,0.573,-0.056,0.575
451.00,377.00,32.00,689.00,32.57,688.96,0.571,-0.042,0.573
565.00,377.00,32.00,689.00,32.57,688.97,0.570,-0.031,0.571
676.00,377.00,32.00,689.00,32.57,689.00,0.567,0.000,0.567
1084.00,377.00,32.00,689.00,32.58,688.90,0.577,-0.098,0.585
449.00,378.00,32.00,689.00,32.57,688.96,0.571,-0.043,0.573
567.00,379.00,32.00,689.00,32.57,688.97,0.570,-0.030,0.571
570.00,379.00,32.00,689.00,32.57,688.97,0.570,-0.030,0.571
948.00,379.00,32.00,689.00,32.58,688.87,0.580,-0.127,0.594
446.00,380.00,32.00,689.00,32.57,688.96,0.571,-0.043,0.573
668.00,380.00,32.00,689.00,32.57,689.00,0.567,-0.003,0.567
450.00,381.00,32.00,689.00,32.57,688.96,0.571,-0.042,0.573
568.00,381.00,32.00,689.00,32.57,688.97,0.570,-0.030,0.571
675.00,381.00,32.00,689.00,32.57,689.00,0.566,0.001,0.566
670.00,382.00,32.00,689.00,32.57,689.00,0.567,-0.001,0.567
711.00,382.00,32.00,689.00,32.56,689.03,0.564,0.029,0.564
449.00,383.00,32.00,689.00,32.57,688.96,0.571,-0.043,0.573
951.00,383.00,32.00,689.00,32.58,688.88,0.580,-0.124,0.593
675.00,384.00,32.00,689.00,32.57,689.00,0.566,0.002,0.566
715.00,384.00,32.00,689.00,32.56,689.04,0.563,0.035,0.564
713.00,385.00,32.00,689.00,32.56,689.03,0.563,0.034,0.564
712.00,387.00,32.00,689.00,32.56,689.03,0.563,0.034,0.564
799.00,388.00,33.00,606.00,32.80,686.77,-0.195,80.775,80.775
344.00,389.00,32.00,689.00,32.57,688.95,0.572,-0.048,0.574
1122.00,389.00,32.00,689.00,32.58,688.91,0.576,-0.093,0.584
1124.00,389.00,32.00,689.00,32.58,688.91,0.576,-0.093,0.584
348.00,391.00,32.00,689.00,32.57,688.95,0.572,-0.048,0.574
597.00,391.00,32.00,689.00,32.57,688.98,0.569,-0.024,0.570
351.00,392.00,32.00,689.00,32.57,688.95,0.572,-0.048,0.574
471.00,393.00,32.00,689.00,32.57,688.96,0.571,-0.041,0.572
647.00,393.00,32.00,689.00,32.57,688.99,0.567,-0.008,0.568
1125.00,393.00,32.00,689.00,32.58,688.91,0.576,-0.092,0.584
348.00,394.00,32.00,689.00,32.57,688.95,0.572,-0.048,0.574
467.00,394.00,32.00,689.00,32.57,688.96,0.571,-0.041,0.572
650.00,394.00,32.00,689.00,32.57,688.99,0.567,-0.007,0.567
1127.00,394.00,32.00,689.00,32.58,688.91,0.576,-0.092,0.584
1130.00,394.00,32.00,689.00,32.58,688.91,0.576,-0.092,0.584
795.00,395.00,33.00,606.00,32.72,687.56,-0.279,81.562,81.562
541.00,396.00,32.00,689.00,32.57,688.97,0.570,-0.033,0.571
651.00,396.00,32.00,689.00,32.57,688.99,0.567,-0.006,0.567
699.00,397.00,32.00,689.00,32.56,689.03,0.564,0.028,0.564
90.00,398.00,32.00,689.00,32.57,688.94,0.572,-0.055,0.575
678.00,399.00,32.00,689.00,32.57,689.01,0.565,0.010,0.565
474.00,400.00,32.00,689.00,32.57,688.96,0.571,-0.040,0.572
467.00,401.00,32.00,689.00,32.57,688.96,0.571,-0.041,0.572
1092.00,401.00,32.00,689.00,32.58,688.91,0.577,-0.094,0.584
240.00,402.00,32.00,689.00,32.57,688.95,0.572,-0.052,0.574
245.00,403.00,32.00,689.00,32.57,688.95,0.572,-0.052,0.574
237.00,404.00,32.00,689.00,32.57,688.95,0.572,-0.052,0.574
241.00,405.00,32.00,689.00,32.57,688.95,0.572,-0.052,0.574
94.00,406.00,32.00,689.00,32.57,688.94,0.572,-0.055,0.575
236.00,406.00,32.00,689.00,32.57,688.95,0.572,-0.052,0.574
245.00,407.00,32.00,689.00,32.57,688.95,0.572,-0.052,0.574
401.00,407.00,32.00,689.00,32.57,688.95,0.571,-0.045,0.573
239.00,408.00,32.00,689.00,32.57,688.95,0.572,-0.052,0.574
96.00,411.00,32.00,689.00,32.57,688.94,0.572,-0.055,0.575
89.00,412.00,32.00,689.00,32.57,688.94,0.572,-0.055,0.575
241.00,413.00,32.00,689.00,32.57,688.95,0.572,-0.052,0.574
394.00,413.00,32.00,689.00,32.57,688.95,0.571,-0.046,0.573
397.00,413.00,32.00,689.00,32.57,688.95,0.571,-0.046,0.573
898.00,413.00,32.00,689.00,32.58,688.87,0.581,-0.132,0.596
76.00,414.00,32.00,689.00,32.57,688.94,0.572,-0.055,0.575
900.00,414.00,32.00,689.00,32.58,688.87,0.581,-0.130,0.595
194.00,415.00,32.00,689.00,32.57,688.95,0.572,-0.053,0.575
241.00,415.00,32.00,689.00,32.57,688.95,0.572,-0.052,0.574
249.00,415.00,32.00,689.00,32.57,688.95,0.572,-0.052,0.574
898.00,415.00,32.00,689.00,32.58,688.87,0.581,-0.130,0.595
78.00,416.00,32.00,689.00,32.57,688.94,0.572,-0.055,0.575
93.00,416.00,32.00,689.00,32.57,688.94,0.572,-0.055,0.575
903.00,416.00,32.00,689.00,32.58,688.87,0.580,-0.128,0.594
72.00,417.00,32.00,689.00,32.57,688.94,0.572,-0.056,0.575
76.00,417.00,32.00,689.00,32.57,688.94,0.572,-0.055,0.575
90.00,417.00,32.00,689.00,32.57,688.94,0.572,-0.055,0.575
905.00,417.00,32.00,689.00,32.58,688.87,0.580,-0.126,0.594
1115.00,417.00,32.00,689.00,32.58,688.91,0.576,-0.090,0.583
196.00,418.00,32.00,689.00,32.57,688.95,0.572,-0.053,0.575
902.00,418.00,32.00,689.00,32.58,688.87,0.580,-0.127,0.594
1108.00,418.00,32.00,689.00,32.58,688.91,0.576,-0.091,0.583
979.00,419.00,32.00,689.00,32.58,688.90,0.578,-0.105,0.587
69.00,420.00,32.00,689.00,32.57,688.94,0.572,-0.056,0.575
193.00,420.00,32.00,689.00,32.57,688.95,0.572,-0.053,0.575
205.00,420.00,32.00,689.00,32.57,688.95,0.572,-0.053,0.575
191.00,421.00,32.00,689.00,32.57,688.95,0.572,-0.053,0.575
1108.00,421.00,32.00,689.00,32.58,688.91,0.576,-0.090,0.583
1115.00,421.00,32.00,689.00,32.58,688.91,0.576,-0.090,0.583
1111.00,423.00,32.00,689.00,32.58,688.91,0.576,-0.090,0.583
1118.00,423.00,32.00,689.00,32.58,688.91,0.576,-0.089,0.583
78.00,424.00,32.00,689.00,32.57,688.94,0.572,-0.056,0.575
208.00,424.00,32.00,689.00,32.57,688.95,0.572,-0.053,0.575
215.00,425.00,32.00,689.00,32.57,688.95,0.572,-0.053,0.575
704.00,425.00,32.00,689.00,32.56,689.07,0.559,0.068,0.563
706.00,426.00,32.00,689.00,32.56,689.07,0.558,0.074,0.563
73.00,427.00,32.00,689.00,32.57,688.94,0.572,-0.056,0.575
75.00,427.00,32.00,689.00,32.57,688.94,0.572,-0.056,0.575
215.00,427.00,32.00,689.00,32.57,688.95,0.572,-0.053,0.575
700.00,427.00,32.00,689.00,32.56,689.06,0.559,0.062,0.563
97.00,428.00,32.00,689.00,32.57,688.94,0.572,-0.055,0.575
217.00,428.00,32.00,689.00,32.57,688.95,0.572,-0.053,0.575
267.00,428.00,32.00,689.00,32.57,688.95,0.572,-0.051,0.574
710.00,428.00,32.00,689.00,32.56,689.09,0.556,0.090,0.563
864.00,428.00,32.00,689.00,32.58,688.86,0.582,-0.142,0.599
877.00,428.00,32.00,689.00,32.58,688.87,0.581,-0.134,0.596
1047.00,428.00,32.00,689.00,32.58,688.91,0.577,-0.094,0.584
93.00,429.00,32.00,689.00,32.57,688.94,0.572,-0.055,0.575
33.00,430.00,32.00,689.00,32.57,688.94,0.573,-0.056,0.575
90.00,430.00,32.00,689.00,32.57,688.94,0.572,-0.055,0.575
266.00,430.00,32.00,689.00,32.57,688.95,0.572,-0.051,0.574
874.00,430.00,32.00,689.00,32.58,688.87,0.581,-0.134,0.597
1041.00,430.00,32.00,689.00,32.58,688.91,0.577,-0.095,0.585
1050.00,430.00,32.00,689.00,32.58,688.91,0.577,-0.094,0.584
37.00,431.00,32.00,689.00,32.57,688.94,0.573,-0.056,0.575
40.00,431.00,32.00,689.00,32.57,688.94,0.573,-0.056,0.575
97.00,431.00,32.00,689.00,32.57,688.94,0.572,-0.055,0.575
1043.00,431.00,32.00,689.00,32.58,688.91,0.577,-0.094,0.584
1056.00,431.00,32.00,689.00,32.58,688.91,0.577,-0.093,0.584
49.00,432.00,32.00,689.00,32.57,688.94,0.572,-0.056,0.575
87.00,432.00,32.00,689.00,32.57,688.94,0.572,-0.055,0.575
92.00,432.00,32.00,689.00,32.57,688.94,0.572,-0.055,0.575
864.00,432.00,32.00,689.00,32.58,688.86,0.582,-0.139,0.598
872.00,432.00,32.00,689.00,32.58,688.87,0.581,-0.134,0.596
1052.00,432.00,32.00,689.00,32.58,688.91,0.577,-0.093,0.584
32.00,433.00,32.00,689.00,32.57,688.94,0.573,-0.056,0.575
95.00,433.00,32.00,689.00,32.57,688.94,0.572,-0.055,0.575
678.00,433.00,32.00,689.00,32.56,689.03,0.562,0.033,0.563
877.00,433.00,32.00,689.00,32.58,688.87,0.581,-0.131,0.595
883.00,433.00,32.00,689.00,32.58,688.87,0.581,-0.128,0.594
38.00,434.00,32.00,689.00,32.57,688.94,0.573,-0.056,0.575
48.00,434.00,32.00,689.00,32.57,688.94,0.573,-0.056,0.575
90.00,434.00,32.00,689.00,32.57,688.94,0.572,-0.055,0.575
93.00,434.00,32.00,689.00,32.57,688.94,0.572,-0.055,0.575
672.00,434.00,32.00,689.00,32.56,689.03,0.563,0.026,0.564
260.00,435.00,32.00,689.00,32.57,688.95,0.572,-0.051,0.574
262.00,435.00,32.00,689.00,32.57,688.95,0.572,-0.051,0.574
737.00,435.00,32.00,689.00,32.52,689.40,0.522,0.396,0.655
740.00,435.00,32.00,689.00,32.51,689.50,0.510,0.498,0.713
458.00,436.00,32.00,689.00,32.57,688.96,0.571,-0.041,0.572
672.00,436.00,32.00,689.00,32.56,689.03,0.563,0.028,0.564
160.00,437.00,32.00,689.00,32.57,688.95,0.572,-0.054,0.575
162.00,437.00,32.00,689.00,32.57,688.95,0.572,-0.054,0.575
221.00,437.00,32.00,689.00,32.57,688.95,0.572,-0.053,0.575
229.00,437.00,32.00,689.00,32.57,688.95,0.572,-0.052,0.574
1125.00,437.00,32.00,689.00,32.58,688.91,0.576,-0.088,0.583
1128.00,437.00,32.00,689.00,32.58,688.91,0.576,-0.087,0.583
95.00,438.00,32.00,689.00,32.57,688.94,0.572,-0.055,0.575
158.00,438.00,32.00,689.00,32.57,688.95,0.572,-0.054,0.575
215.00,438.00,32.00,689.00,32.57,688.95,0.572,-0.053,0.575
262.00,438.00,32.00,689.00,32.57,688.95,0.572,-0.051,0.574
266.00,438.00,32.00,689.00,32.57,688.95,0.572,-0.051,0.574
455.00,438.00,32.00,689.00,32.57,688.96,0.571,-0.041,0.572
628.00,438.00,32.00,689.00,32.57,689.00,0.567,-0.005,0.567
739.00,438.00,32.00,689.00,32.50,689.57,0.502,0.571,0.760
98.00,439.00,32.00,689.00,32.57,688.94,0.572,-0.055,0.575
165.00,439.00,32.00,689.00,32.57,688.95,0.572,-0.054,0.575
169.00,439.00,32.00,689.00,32.57,688.95,0.572,-0.054,0.575
641.00,439.00,32.00,689.00,32.57,689.00,0.566,0.003,0.566
735.00,439.00,32.00,689.00,32.52,689.44,0.517,0.438,0.677
162.00,440.00,32.00,689.00,32.57,688.95,0.572,-0.054,0.575
1089.00,440.00,32.00,689.00,32.58,688.91,0.576,-0.089,0.583
97.00,441.00,32.00,689.00,32.57,688.94,0.572,-0.055,0.575
160.00,441.00,32.00,689.00,32.57,688.95,0.572,-0.054,0.575
1095.00,441.00,32.00,689.00,32.58,688.91,0.576,-0.089,0.583
94.00,442.00,32.00,689.00,32.57,688.94,0.572,-0.055,0.575
157.00,442.00,32.00,689.00,32.57,688.95,0.572,-0.054,0.575
643.00,442.00,32.00,689.00,32.57,689.01,0.565,0.006,0.566
1103.00,442.00,32.00,689.00,32.58,688.91,0.576,-0.088,0.583
1126.00,442.00,32.00,689.00,32.58,688.91,0.576,-0.087,0.583
90.00,443.00,32.00,689.00,32.57,688.94,0.572,-0.055,0.575
151.00,443.00,32.00,689.00,32.57,688.95,0.572,-0.054,0.575
164.00,443.00,32.00,689.00,32.57,688.95,0.572,-0.054,0.575
263.00,443.00,32.00,689.00,32.57,688.95,0.572,-0.051,0.574
631.00,443.00,32.00,689.00,32.57,689.00,0.566,-0.002,0.566
780.00,443.00,32.00,689.00,32.60,688.71,0.599,-0.293,0.667
1093.00,443.00,32.00,689.00,32.58,688.91,0.576,-0.089,0.583
709.00,444.00,32.00,689.00,32.55,689.14,0.550,0.139,0.567
782.00,444.00,32.00,689.00,32.60,688.73,0.597,-0.275,0.658
784.00,444.00,32.00,689.00,32.60,688.74,0.596,-0.264,0.652
1131.00,444.00,32.00,689.00,32.58,688.91,0.576,-0.087,0.582
171.00,445.00,32.00,689.00,32.57,688.95,0.572,-0.054,0.575
853.00,445.00,32.00,689.00,32.58,688.86,0.582,-0.137,0.597
1123.00,446.00,32.00,689.00,32.58,688.91,0.576,-0.087,0.583
471.00,447.00,32.00,689.00,32.57,688.96,0.571,-0.039,0.572
707.00,447.00,32.00,689.00,32.55,689.14,0.550,0.141,0.568
1087.00,447.00,32.00,689.00,32.58,688.91,0.576,-0.089,0.583
469.00,448.00,32.00,689.00,32.57,688.96,0.571,-0.040,0.572
474.00,448.00,32.00,689.00,32.57,688.96,0.571,-0.039,0.572
1096.00,448.00,32.00,689.00,32.58,688.91,0.576,-0.088,0.583
491.00,449.00,32.00,689.00,32.57,688.96,0.570,-0.037,0.572
785.00,449.00,32.00,689.00,32.59,688.76,0.593,-0.238,0.639
985.00,449.00,32.00,689.00,32.58,688.90,0.577,-0.098,0.585
1094.00,449.00,32.00,689.00,32.58,688.91,0.576,-0.088,0.583
1211.00,449.00,32.00,689.00,32.58,688.92,0.576,-0.083,0.581
472.00,450.00,32.00,689.00,32.57,688.96,0.571,-0.039,0.572
489.00,450.00,32.00,689.00,32.57,688.96,0.570,-0.037,0.572
804.00,450.00,32.00,689.00,32.59,688.82,0.587,-0.184,0.615
844.00,450.00,32.00,689.00,32.58,688.86,0.582,-0.139,0.598
1127.00,450.00,32.00,689.00,32.58,688.91,0.576,-0.086,0.582
487.00,451.00,32.00,689.00,32.57,688.96,0.570,-0.038,0.572
786.00,451.00,32.00,689.00,32.59,688.77,0.592,-0.227,0.634
852.00,451.00,32.00,689.00,32.58,688.87,0.581,-0.133,0.596
478.00,452.00,32.00,689.00,32.57,688.96,0.570,-0.039,0.572
777.00,452.00,32.00,689.00,32.60,688.74,0.596,-0.260,0.650
1212.00,452.00,32.00,689.00,32.58,688.92,0.576,-0.083,0.581
1126.00,453.00,32.00,689.00,32.58,688.91,0.576,-0.086,0.582
429.00,454.00,32.00,689.00,32.57,688.96,0.571,-0.043,0.573
497.00,454.00,32.00,689.00,32.57,688.96,0.570,-0.036,0.571
471.00,455.00,32.00,689.00,32.57,688.96,0.571,-0.039,0.572
841.00,455.00,32.00,689.00,32.58,688.86,0.582,-0.137,0.598
903.00,455.00,32.00,689.00,32.58,688.89,0.579,-0.111,0.589
1127.00,455.00,32.00,689.00,32.58,688.91,0.576,-0.086,0.582
908.00,456.00,32.00,689.00,32.58,688.89,0.579,-0.109,0.589
496.00,457.00,32.00,689.00,32.57,688.96,0.570,-0.036,0.571
774.00,457.00,32.00,689.00,32.60,688.75,0.595,-0.251,0.646
123.00,458.00,32.00,689.00,32.57,688.94,0.572,-0.055,0.575
133.00,458.00,32.00,689.00,32.57,688.95,0.572,-0.055,0.575
471.00,458.00,32.00,689.00,32.57,688.96,0.570,-0.039,0.572
772.00,458.00,32.00,689.00,32.60,688.74,0.596,-0.256,0.648
473.00,459.00,32.00,689.00,32.57,688.96,0.570,-0.039,0.572
644.00,459.00,32.00,689.00,32.56,689.02,0.564,0.015,0.564
1124.00,459.00,32.00,689.00,32.58,688.91,0.576,-0.086,0.582
1158.00,459.00,32.00,689.00,32.58,688.92,0.576,-0.084,0.582
476.00,460.00,32.00,689.00,32.57,688.96,0.570,-0.039,0.572
138.00,462.00,32.00,689.00,32.57,688.95,0.572,-0.055,0.575
949.00,463.00,32.00,689.00,32.58,688.90,0.578,-0.100,0.586
138.00,464.00,32.00,689.00,32.57,688.95,0.572,-0.055,0.575
319.00,465.00,32.00,689.00,32.57,688.95,0.572,-0.049,0.574
820.00,467.00,32.00,689.00,32.58,688.86,0.583,-0.143,0.600
823.00,467.00,32.00,689.00,32.58,688.86,0.582,-0.140,0.599
323.00,468.00,32.00,689.00,32.57,688.95,0.572,-0.049,0.574
825.00,468.00,32.00,689.00,32.58,688.86,0.582,-0.138,0.598
951.00,468.00,32.00,689.00,32.58,688.90,0.577,-0.099,0.586
319.00,469.00,32.00,689.00,32.57,688.95,0.572,-0.049,0.574
818.00,469.00,32.00,689.00,32.58,688.86,0.583,-0.143,0.600
821.00,470.00,32.00,689.00,32.58,688.86,0.582,-0.139,0.599
322.00,471.00,32.00,689.00,32.57,688.95,0.572,-0.049,0.574
610.00,471.00,32.00,689.00,32.57,689.00,0.566,-0.004,0.566
1141.00,471.00,32.00,689.00,32.58,688.92,0.576,-0.084,0.582
282.00,472.00,32.00,689.00,32.57,688.95,0.572,-0.051,0.574
285.00,472.00,32.00,689.00,32.57,688.95,0.572,-0.051,0.574
318.00,472.00,32.00,689.00,32.57,688.95,0.572,-0.049,0.574
829.00,472.00,32.00,689.00,32.58,688.87,0.581,-0.133,0.596
279.00,473.00,32.00,689.00,32.57,688.95,0.572,-0.051,0.574
339.00,474.00,32.00,689.00,32.57,688.95,0.572,-0.049,0.574
168.00,476.00,32.00,689.00,32.57,688.95,0.572,-0.054,0.575
162.00,477.00,32.00,689.00,32.57,688.95,0.572,-0.054,0.575
341.00,477.00,32.00,689.00,32.57,688.95,0.572,-0.048,0.574
901.00,477.00,32.00,689.00,32.58,688.90,0.578,-0.105,0.588
319.00,478.00,32.00,689.00,32.57,688.95,0.572,-0.049,0.574
477.00,481.00,32.00,689.00,32.57,688.96,0.570,-0.038,0.571
164.00,482.00,32.00,689.00,32.57,688.95,0.572,-0.054,0.575
542.00,482.00,32.00,689.00,32.57,688.97,0.569,-0.026,0.569
894.00,483.00,32.00,689.00,32.58,688.90,0.578,-0.105,0.588
896.00,483.00,32.00,689.00,32.58,688.90,0.578,-0.104,0.588
904.00,483.00,32.00,689.00,32.58,688.90,0.578,-0.103,0.587
167.00,484.00,32.00,689.00,32.57,688.95,0.572,-0.054,0.575
337.00,484.00,32.00,689.00,32.57,688.95,0.572,-0.049,0.574
164.00,486.00,32.00,689.00,32.57,688.95,0.572,-0.054,0.575
338.00,486.00,32.00,689.00,32.57,688.95,0.572,-0.049,0.574
482.00,486.00,32.00,689.00,32.57,688.96,0.570,-0.037,0.571
902.00,486.00,32.00,689.00,32.58,688.90,0.578,-0.102,0.587
118.00,487.00,32.00,689.00,32.57,688.94,0.572,-0.055,0.575
124.00,487.00,32.00,689.00,32.57,688.94,0.572,-0.055,0.575
167.00,487.00,32.00,689.00,32.57,688.95,0.572,-0.054,0.575
946.00,487.00,32.00,689.00,32.58,688.90,0.577,-0.096,0.585
1095.00,487.00,32.00,689.00,32.58,688.92,0.576,-0.085,0.582
165.00,488.00,32.00,689.00,32.57,688.95,0.572,-0.054,0.575
840.00,488.00,32.00,689.00,32.58,688.88,0.580,-0.118,0.592
848.00,488.00,32.00,689.00,32.58,688.88,0.580,-0.115,0.591
1093.00,488.00,32.00,689.00,32.58,688.92,0.576,-0.085,0.582
1098.00,488.00,32.00,689.00,32.58,688.92,0.576,-0.084,0.582
128.00,489.00,32.00,689.00,32.57,688.94,0.572,-0.055,0.575
1096.00,489.00,32.00,689.00,32.58,688.92,0.576,-0.084,0.582
123.00,490.00,32.00,689.00,32.57,688.94,0.572,-0.055,0.575
845.00,490.00,32.00,689.00,32.58,688.88,0.580,-0.115,0.591
945.00,490.00,32.00,689.00,32.58,688.90,0.577,-0.095,0.585
1093.00,490.00,32.00,689.00,32.58,688.92,0.576,-0.084,0.582
536.00,491.00,32.00,689.00,32.57,688.97,0.569,-0.027,0.569
854.00,491.00,32.00,689.00,32.58,688.89,0.579,-0.112,0.590
948.00,491.00,32.00,689.00,32.58,688.91,0.577,-0.095,0.585
952.00,491.00,32.00,689.00,32.58,688.91,0.577,-0.094,0.585
166.00,492.00,32.00,689.00,32.57,688.95,0.572,-0.055,0.575
297.00,492.00,32.00,689.00,32.57,688.95,0.572,-0.050,0.574
539.00,492.00,32.00,689.00,32.57,688.97,0.569,-0.026,0.569
839.00,492.00,32.00,689.00,32.58,688.88,0.580,-0.117,0.591
163.00,493.00,32.00,689.00,32.57,688.95,0.572,-0.055,0.575
318.00,493.00,32.00,689.00,32.57,688.95,0.572,-0.050,0.574
323.00,493.00,32.00,689.00,32.57,688.95,0.572,-0.049,0.574
953.00,493.00,32.00,689.00,32.58,688.91,0.577,-0.094,0.585
1082.00,493.00,32.00,689.00,32.58,688.92,0.576,-0.085,0.582
131.00,494.00,32.00,689.00,32.57,688.94,0.572,-0.055,0.575
298.00,494.00,32.00,689.00,32.57,688.95,0.572,-0.050,0.574
119.00,495.00,32.00,689.00,32.57,688.94,0.572,-0.056,0.575
322.00,495.00,32.00,689.00,32.57,688.95,0.572,-0.049,0.574
1074.00,495.00,32.00,689.00,32.58,688.92,0.576,-0.085,0.582
1078.00,495.00,32.00,689.00,32.58,688.92,0.576,-0.085,0.582
1091.00,495.00,32.00,689.00,32.58,688.92,0.576,-0.084,0.582
302.00,496.00,32.00,689.00,32.57,688.95,0.572,-0.050,0.574
320.00,496.00,32.00,689.00,32.57,688.95,0.572,-0.049,0.574
848.00,496.00,32.00,689.00,32.58,688.89,0.579,-0.112,0.590
852.00,496.00,32.00,689.00,32.58,688.89,0.579,-0.111,0.590
298.00,497.00,32.00,689.00,32.57,688.95,0.572,-0.050,0.574
1078.00,497.00,32.00,689.00,32.58,688.92,0.576,-0.085,0.582
1080.00,497.00,32.00,689.00,32.58,688.92,0.576,-0.084,0.582
325.00,498.00,32.00,689.00,32.57,688.95,0.572,-0.049,0.574
842.00,498.00,32.00,689.00,32.58,688.89,0.579,-0.113,0.590
840.00,499.00,32.00,689.00,32.58,688.89,0.579,-0.113,0.590
976.00,499.00,32.00,689.00,32.58,688.91,0.577,-0.091,0.584
1085.00,499.00,32.00,689.00,32.58,688.92,0.576,-0.084,0.582
844.00,500.00,32.00,689.00,32.58,688.89,0.579,-0.112,0.590
1043.00,500.00,32.00,689.00,32.58,688.91,0.576,-0.086,0.582
1080.00,500.00,32.00,689.00,32.58,688.92,0.576,-0.084,0.582
439.00,501.00,32.00,689.00,32.57,688.96,0.571,-0.041,0.572
840.00,501.00,32.00,689.00,32.58,688.89,0.579,-0.113,0.590
1191.00,501.00,32.00,689.00,32.58,688.92,0.575,-0.080,0.581
976.00,502.00,32.00,689.00,32.58,688.91,0.577,-0.090,0.584
198.00,504.00,32.00,689.00,32.57,688.95,0.572,-0.054,0.575
974.00,504.00,32.00,689.00,32.58,688.91,0.577,-0.090,0.584
196.00,505.00,32.00,689.00,32.57,688.95,0.572,-0.054,0.575
1042.00,505.00,32.00,689.00,32.58,688.91,0.576,-0.086,0.582
1144.00,506.00,32.00,689.00,32.58,688.92,0.576,-0.081,0.581
1195.00,507.00,32.00,689.00,32.58,688.92,0.575,-0.080,0.581
1198.00,507.00,32.00,689.00,32.58,688.92,0.575,-0.080,0.581
1036.00,510.00,32.00,689.00,32.58,688.91,0.576,-0.085,0.582
1093.00,510.00,32.00,689.00,32.58,688.92,0.576,-0.083,0.582
122.00,511.00,32.00,689.00,32.57,688.94,0.572,-0.056,0.575
1033.00,511.00,32.00,689.00,32.58,688.91,0.576,-0.086,0.582
1200.00,511.00,32.00,689.00,32.58,688.92,0.575,-0.080,0.581
115.00,512.00,32.00,689.00,32.57,688.94,0.572,-0.056,0.575
186.00,513.00,32.00,689.00,32.57,688.95,0.572,-0.054,0.575
354.00,513.00,32.00,689.00,32.57,688.95,0.571,-0.048,0.573
361.00,513.00,32.00,689.00,32.57,688.95,0.571,-0.047,0.573
1095.00,513.00,32.00,689.00,32.58,688.92,0.576,-0.083,0.582
357.00,514.00,32.00,689.00,32.57,688.95,0.571,-0.048,0.573
1029.00,514.00,32.00,689.00,32.58,688.91,0.576,-0.085,0.582
147.00,515.00,32.00,689.00,32.57,688.94,0.572,-0.055,0.575
225.00,515.00,32.00,689.00,32.57,688.95,0.572,-0.053,0.574
958.00,515.00,32.00,689.00,32.58,688.91,0.577,-0.090,0.584
953.00,516.00,32.00,689.00,32.58,688.91,0.577,-0.090,0.584
1216.00,516.00,32.00,689.00,32.58,688.92,0.575,-0.079,0.581
1222.00,516.00,32.00,689.00,32.58,688.92,0.575,-0.079,0.581
122.00,517.00,32.00,689.00,32.57,688.94,0.572,-0.056,0.575
955.00,517.00,32.00,689.00,32.58,688.91,0.577,-0.090,0.584
1164.00,517.00,32.00,689.00,32.58,688.92,0.575,-0.080,0.581
473.00,518.00,32.00,689.00,32.57,688.96,0.570,-0.037,0.571
1102.00,518.00,32.00,689.00,32.58,688.92,0.576,-0.082,0.581
967.00,519.00,32.00,689.00,32.58,688.91,0.576,-0.089,0.583
153.00,520.00,32.00,689.00,32.57,688.94,0.572,-0.055,0.575
1161.00,520.00,32.00,689.00,32.58,688.92,0.575,-0.080,0.581
1166.00,520.00,32.00,689.00,32.58,688.92,0.575,-0.080,0.581
469.00,521.00,32.00,689.00,32.57,688.96,0.570,-0.037,0.571
1164.00,521.00,32.00,689.00,32.58,688.92,0.575,-0.080,0.581
112.00,522.00,32.00,689.00,32.57,688.94,0.572,-0.056,0.575
442.00,523.00,32.00,689.00,32.57,688.96,0.570,-0.040,0.572
117.00,524.00,32.00,689.00,32.57,688.94,0.572,-0.056,0.575
437.00,524.00,32.00,689.00,32.57,688.96,0.570,-0.041,0.572
439.00,524.00,32.00,689.00,32.57,688.96,0.570,-0.041,0.572
845.00,524.00,32.00,689.00,32.58,688.90,0.578,-0.104,0.588
1142.00,524.00,32.00,689.00,32.58,688.92,0.575,-0.080,0.581
1170.00,524.00,32.00,689.00,32.58,688.92,0.575,-0.080,0.581
472.00,525.00,32.00,689.00,32.57,688.96,0.570,-0.036,0.571
819.00,525.00,32.00,689.00,32.58,688.89,0.579,-0.110,0.589
856.00,525.00,32.00,689.00,32.58,688.90,0.578,-0.101,0.587
967.00,525.00,32.00,689.00,32.58,688.91,0.576,-0.088,0.583
1096.00,525.00,32.00,689.00,32.58,688.92,0.576,-0.082,0.581
1167.00,525.00,32.00,689.00,32.58,688.92,0.575,-0.080,0.581
422.00,526.00,32.00,689.00,32.57,688.96,0.571,-0.042,0.572
842.00,526.00,32.00,689.00,32.58,688.90,0.578,-0.104,0.588
1098.00,526.00,32.00,689.00,32.58,688.92,0.576,-0.082,0.581
854.00,527.00,32.00,689.00,32.58,688.90,0.578,-0.101,0.587
1222.00,527.00,32.00,689.00,32.58,688.92,0.575,-0.078,0.580
297.00,528.00,32.00,689.00,32.57,688.95,0.572,-0.051,0.574
422.00,528.00,32.00,689.00,32.57,688.96,0.571,-0.042,0.572
849.00,528.00,32.00,689.00,32.58,688.90,0.578,-0.102,0.587
1161.00,528.00,32.00,689.00,32.58,688.92,0.575,-0.080,0.581
1163.00,528.00,32.00,689.00,32.58,688.92,0.575,-0.079,0.581
419.00,529.00,32.00,689.00,32.57,688.96,0.571,-0.043,0.572
690.00,529.00,32.00,689.00,32.61,688.62,0.615,-0.385,0.725
859.00,529.00,32.00,689.00,32.58,688.90,0.578,-0.099,0.586
306.00,530.00,32.00,689.00,32.57,688.95,0.572,-0.050,0.574
425.00,530.00,32.00,689.00,32.57,688.96,0.571,-0.042,0.572
1103.00,530.00,32.00,689.00,32.58,688.92,0.576,-0.081,0.581
1161.00,530.00,32.00,689.00,32.58,688.92,0.575,-0.079,0.581
852.00,531.00,32.00,689.00,32.58,688.90,0.578,-0.100,0.587
1100.00,531.00,32.00,689.00,32.58,688.92,0.576,-0.081,0.581
422.00,532.00,32.00,689.00,32.57,688.96,0.571,-0.042,0.572
691.00,532.00,32.00,689.00,32.61,688.67,0.608,-0.332,0.693
694.00,532.00,32.00,689.00,32.60,688.70,0.604,-0.301,0.675
822.00,532.00,32.00,689.00,32.58,688.89,0.579,-0.106,0.589
969.00,532.00,32.00,689.00,32.58,688.91,0.576,-0.087,0.583
1001.00,532.00,32.00,689.00,32.58,688.91,0.576,-0.085,0.582
1104.00,532.00,32.00,689.00,32.58,688.92,0.576,-0.081,0.581
1141.00,532.00,32.00,689.00,32.58,688.92,0.575,-0.080,0.581
1159.00,532.00,32.00,689.00,32.58,688.92,0.575,-0.079,0.581
855.00,533.00,32.00,689.00,32.58,688.90,0.578,-0.099,0.586
1004.00,533.00,32.00,689.00,32.58,688.92,0.576,-0.085,0.582
687.00,534.00,32.00,689.00,32.61,688.64,0.612,-0.359,0.709
297.00,536.00,32.00,689.00,32.57,688.95,0.572,-0.051,0.574
1036.00,536.00,32.00,689.00,32.58,688.92,0.576,-0.083,0.582
299.00,537.00,32.00,689.00,32.57,688.95,0.572,-0.051,0.574
302.00,538.00,32.00,689.00,32.57,688.95,0.572,-0.050,0.574
979.00,538.00,32.00,689.00,32.58,688.91,0.576,-0.086,0.583
1019.00,538.00,32.00,689.00,32.58,688.92,0.576,-0.084,0.582
300.00,539.00,32.00,689.00,32.57,688.95,0.572,-0.051,0.574
1029.00,539.00,32.00,689.00,32.58,688.92,0.576,-0.083,0.582
298.00,540.00,32.00,689.00,32.57,688.95,0.572,-0.051,0.574
362.00,540.00,32.00,689.00,32.57,688.95,0.571,-0.047,0.573
1032.00,540.00,32.00,689.00,32.58,688.92,0.576,-0.083,0.582
1107.00,540.00,32.00,689.00,32.58,688.92,0.575,-0.080,0.581
296.00,541.00,32.00,689.00,32.57,688.95,0.572,-0.051,0.574
1027.00,541.00,32.00,689.00,32.58,688.92,0.576,-0.083,0.582
1037.00,541.00,32.00,689.00,32.58,688.92,0.576,-0.083,0.582
1102.00,541.00,32.00,689.00,32.58,688.92,0.575,-0.080,0.581
335.00,542.00,32.00,689.00,32.57,688.95,0.571,-0.049,0.573
833.00,542.00,32.00,689.00,32.58,688.90,0.578,-0.101,0.587
1030.00,542.00,32.00,689.00,32.58,688.92,0.576,-0.083,0.582
1198.00,542.00,32.00,689.00,32.58,688.92,0.575,-0.078,0.580
365.00,543.00,32.00,689.00,32.57,688.95,0.571,-0.047,0.573
1034.00,543.00,32.00,689.00,32.58,688.92,0.576,-0.083,0.582
661.00,544.00,32.00,689.00,32.80,687.24,0.798,-1.765,1.937
1102.00,544.00,32.00,689.00,32.58,688.92,0.575,-0.080,0.581
343.00,545.00,32.00,689.00,32.57,688.95,0.571,-0.048,0.573
659.00,545.00,32.00,689.00,32.91,686.43,0.905,-2.572,2.727
853.00,545.00,32.00,689.00,32.58,688.90,0.578,-0.097,0.586
1038.00,545.00,32.00,689.00,32.58,688.92,0.576,-0.082,0.582
1196.00,546.00,32.00,689.00,32.58,688.92,0.575,-0.078,0.580
217.00,547.00,32.00,689.00,32.57,688.95,0.572,-0.054,0.574
331.00,547.00,32.00,689.00,32.57,688.95,0.571,-0.049,0.573
340.00,547.00,32.00,689.00,32.57,688.95,0.571,-0.049,0.573
796.00,547.00,32.00,689.00,32.58,688.89,0.579,-0.108,0.589
336.00,549.00,32.00,689.00,32.57,688.95,0.571,-0.049,0.573
793.00,550.00,32.00,689.00,32.58,688.89,0.579,-0.108,0.589
1196.00,550.00,32.00,689.00,32.58,688.92,0.575,-0.078,0.580
1223.00,550.00,32.00,689.00,32.58,688.92,0.575,-0.077,0.580
1231.00,550.00,32.00,689.00,32.58,688.92,0.575,-0.077,0.580
653.00,551.00,32.00,689.00,33.05,685.39,1.047,-3.609,3.758
796.00,551.00,32.00,689.00,32.58,688.89,0.579,-0.107,0.589
952.00,551.00,32.00,689.00,32.58,688.91,0.576,-0.086,0.583
1220.00,552.00,32.00,689.00,32.58,688.92,0.575,-0.077,0.580
866.00,553.00,32.00,689.00,32.58,688.91,0.577,-0.093,0.585
950.00,553.00,32.00,689.00,32.58,688.91,0.576,-0.086,0.583
240.00,554.00,32.00,689.00,32.57,688.95,0.572,-0.053,0.574
660.00,554.00,32.00,689.00,32.64,688.43,0.642,-0.572,0.860
825.00,554.00,32.00,689.00,32.58,688.90,0.578,-0.099,0.587
657.00,555.00,32.00,689.00,32.66,688.31,0.657,-0.687,0.951
237.00,556.00,32.00,689.00,32.57,688.95,0.572,-0.053,0.574
242.00,556.00,32.00,689.00,32.57,688.95,0.572,-0.053,0.574
662.00,556.00,32.00,689.00,32.62,688.56,0.625,-0.443,0.766
949.00,556.00,32.00,689.00,32.58,688.91,0.576,-0.086,0.583
953.00,556.00,32.00,689.00,32.58,688.91,0.576,-0.086,0.583
275.00,557.00,32.00,689.00,32.57,688.95,0.572,-0.052,0.574
1216.00,557.00,32.00,689.00,32.58,688.92,0.575,-0.077,0.580
1122.00,558.00,32.00,689.00,32.58,688.92,0.575,-0.079,0.581
1126.00,558.00,32.00,689.00,32.58,688.92,0.575,-0.079,0.581
1131.00,558.00,32.00,689.00,32.58,688.92,0.575,-0.079,0.581
1213.00,558.00,32.00,689.00,32.58,688.92,0.575,-0.077,0.580
239.00,559.00,32.00,689.00,32.57,688.95,0.572,-0.053,0.574
243.00,559.00,32.00,689.00,32.57,688.95,0.572,-0.053,0.574
1014.00,560.00,32.00,689.00,32.58,688.92,0.576,-0.082,0.582
1019.00,560.00,32.00,689.00,32.58,688.92,0.576,-0.082,0.582
1159.00,560.00,32.00,689.00,32.58,688.92,0.575,-0.078,0.580
235.00,561.00,32.00,689.00,32.57,688.95,0.572,-0.053,0.574
241.00,561.00,32.00,689.00,32.57,688.95,0.572,-0.053,0.574
40.00,562.00,32.00,689.00,32.57,688.94,0.572,-0.058,0.575
246.00,562.00,32.00,689.00,32.57,688.95,0.572,-0.053,0.574
1017.00,562.00,32.00,689.00,32.58,688.92,0.576,-0.082,0.582
1121.00,562.00,32.00,689.00,32.58,688.92,0.575,-0.079,0.581
1127.00,563.00,32.00,689.00,32.58,688.92,0.575,-0.078,0.581
36.00,564.00,32.00,689.00,32.57,688.94,0.572,-0.058,0.575
1125.00,564.00,32.00,689.00,32.58,688.92,0.575,-0.078,0.581
42.00,565.00,32.00,689.00,32.57,688.94,0.572,-0.058,0.575
240.00,565.00,32.00,689.00,32.57,688.95,0.572,-0.053,0.574
1153.00,565.00,32.00,689.00,32.58,688.92,0.575,-0.078,0.580
38.00,566.00,32.00,689.00,32.57,688.94,0.572,-0.058,0.575
48.00,566.00,32.00,689.00,32.57,688.94,0.572,-0.058,0.575
1009.00,566.00,32.00,689.00,32.58,688.92,0.576,-0.082,0.582
1155.00,566.00,32.00,689.00,32.58,688.92,0.575,-0.078,0.580
237.00,568.00,32.00,689.00,32.57,688.95,0.572,-0.053,0.574
1012.00,568.00,32.00,689.00,32.58,688.92,0.576,-0.082,0.581
1212.00,569.00,32.00,689.00,32.58,688.92,0.575,-0.076,0.580
1204.00,572.00,32.00,689.00,32.58,688.92,0.575,-0.076,0.580
1208.00,572.00,32.00,689.00,32.58,688.92,0.575,-0.076,0.580
318.00,573.00,37.00,690.00,32.57,688.95,-4.429,-1.050,4.551
1212.00,573.00,32.00,689.00,32.58,688.92,0.575,-0.076,0.580
367.00,574.00,32.00,689.00,32.57,688.95,0.571,-0.047,0.573
1209.00,574.00,32.00,689.00,32.58,688.92,0.575,-0.076,0.580
1206.00,575.00,32.00,689.00,32.58,688.92,0.575,-0.076,0.580
396.00,576.00,32.00,689.00,32.57,688.96,0.571,-0.044,0.572
1214.00,576.00,32.00,689.00,32.58,688.92,0.575,-0.076,0.580
368.00,577.00,32.00,689.00,32.57,688.95,0.571,-0.047,0.573
376.00,577.00,32.00,689.00,32.57,688.95,0.571,-0.046,0.573
391.00,577.00,32.00,689.00,32.57,688.96,0.571,-0.045,0.572
1201.00,577.00,32.00,689.00,32.58,688.92,0.575,-0.076,0.580
393.00,578.00,32.00,689.00,32.57,688.96,0.571,-0.044,0.572
1104.00,578.00,32.00,689.00,32.58,688.92,0.575,-0.078,0.581
378.00,579.00,32.00,689.00,32.57,688.95,0.571,-0.046,0.573
1106.00,579.00,32.00,689.00,32.58,688.92,0.575,-0.078,0.581
1126.00,579.00,32.00,689.00,32.58,688.92,0.575,-0.078,0.580
1214.00,579.00,32.00,689.00,32.57,688.92,0.575,-0.076,0.580
375.00,580.00,32.00,689.00,32.57,688.95,0.571,-0.046,0.573
185.00,581.00,32.00,689.00,32.57,688.94,0.572,-0.055,0.575
188.00,581.00,32.00,689.00,32.57,688.94,0.572,-0.055,0.575
373.00,581.00,32.00,689.00,32.57,688.95,0.571,-0.046,0.573
804.00,581.00,32.00,689.00,32.58,688.90,0.578,-0.096,0.586
1109.00,581.00,32.00,689.00,32.58,688.92,0.575,-0.078,0.581
1124.00,581.00,32.00,689.00,32.58,688.92,0.575,-0.078,0.580
1206.00,581.00,32.00,689.00,32.58,688.92,0.575,-0.076,0.580
1209.00,581.00,32.00,689.00,32.58,688.92,0.575,-0.076,0.580
242.00,582.00,32.00,689.00,32.57,688.95,0.572,-0.053,0.574
377.00,582.00,32.00,689.00,32.57,688.95,0.571,-0.046,0.573
85.00,583.00,32.00,689.00,32.57,688.94,0.572,-0.057,0.575
373.00,584.00,32.00,689.00,32.57,688.95,0.571,-0.046,0.573
394.00,584.00,32.00,689.00,32.57,688.96,0.570,-0.044,0.572
743.00,584.00,32.00,689.00,32.58,688.89,0.580,-0.110,0.590
1110.00,584.00,32.00,689.00,32.58,688.92,0.575,-0.078,0.580
1184.00,584.00,32.00,689.00,32.58,688.92,0.575,-0.076,0.580
388.00,585.00,32.00,689.00,32.57,688.96,0.571,-0.045,0.572
87.00,586.00,32.00,689.00,32.57,688.94,0.572,-0.057,0.575
915.00,586.00,32.00,689.00,32.58,688.92,0.576,-0.085,0.582
575.00,587.00,32.00,689.00,32.56,689.05,0.557,0.048,0.559
1182.00,587.00,32.00,689.00,32.58,688.92,0.575,-0.076,0.580
952.00,588.00,32.00,689.00,32.58,688.92,0.576,-0.082,0.582
1187.00,588.00,32.00,689.00,32.58,688.92,0.575,-0.076,0.580
768.00,589.00,32.00,689.00,32.58,688.90,0.579,-0.101,0.587
1185.00,589.00,32.00,689.00,32.58,688.92,0.575,-0.076,0.580
1191.00,589.00,32.00,689.00,32.58,688.92,0.575,-0.076,0.580
1163.00,590.00,32.00,689.00,32.58,688.92,0.575,-0.076,0.580
1157.00,592.00,32.00,689.00,32.58,688.92,0.575,-0.076,0.580
962.00,593.00,32.00,689.00,32.58,688.92,0.576,-0.081,0.582
419.00,594.00,32.00,689.00,32.57,688.96,0.570,-0.041,0.571
996.00,594.00,32.00,689.00,32.58,688.92,0.576,-0.080,0.581
1159.00,594.00,32.00,689.00,32.58,688.92,0.575,-0.076,0.580
80.00,595.00,32.00,689.00,32.57,688.94,0.572,-0.058,0.575
715.00,596.00,32.00,689.00,32.58,688.88,0.581,-0.115,0.592
1192.00,596.00,32.00,689.00,32.57,688.92,0.575,-0.076,0.580
84.00,597.00,32.00,689.00,32.57,688.94,0.572,-0.058,0.575
873.00,597.00,32.00,689.00,32.58,688.91,0.577,-0.086,0.583
1105.00,597.00,32.00,689.00,32.58,688.92,0.575,-0.077,0.580
82.00,598.00,32.00,689.00,32.57,688.94,0.572,-0.058,0.575
711.00,599.00,32.00,689.00,32.58,688.88,0.581,-0.115,0.592
717.00,600.00,32.00,689.00,32.58,688.89,0.580,-0.112,0.591
970.00,601.00,32.00,689.00,32.58,688.92,0.576,-0.081,0.581
1186.00,602.00,32.00,689.00,32.57,688.92,0.575,-0.075,0.580
874.00,603.00,32.00,689.00,32.58,688.91,0.576,-0.085,0.583
974.00,603.00,32.00,689.00,32.58,688.92,0.576,-0.080,0.581
1190.00,603.00,32.00,689.00,32.57,688.92,0.575,-0.075,0.580
1194.00,603.00,32.00,689.00,32.57,688.92,0.575,-0.075,0.580
332.00,604.00,32.00,689.00,32.57,688.95,0.571,-0.049,0.573
336.00,604.00,32.00,689.00,32.57,688.95,0.571,-0.049,0.573
732.00,604.00,32.00,689.00,32.58,688.89,0.579,-0.105,0.589
1186.00,604.00,32.00,689.00,32.57,688.92,0.575,-0.075,0.580
334.00,605.00,32.00,689.00,32.57,688.95,0.571,-0.049,0.573
1191.00,605.00,32.00,689.00,32.57,688.92,0.575,-0.075,0.580
389.00,606.00,32.00,689.00,32.57,688.96,0.570,-0.044,0.572
1187.00,606.00,32.00,689.00,32.57,688.92,0.575,-0.075,0.580
1194.00,606.00,32.00,689.00,32.57,688.92,0.575,-0.075,0.580
353.00,607.00,32.00,689.00,32.57,688.95,0.571,-0.048,0.573
383.00,607.00,32.00,689.00,32.57,688.95,0.570,-0.045,0.572
733.00,607.00,32.00,689.00,32.58,688.90,0.579,-0.104,0.588
1219.00,607.00,32.00,689.00,32.57,688.93,0.575,-0.075,0.580
706.00,608.00,32.00,689.00,32.58,688.89,0.581,-0.113,0.591
1007.00,608.00,32.00,689.00,32.58,688.92,0.576,-0.079,0.581
1107.00,608.00,32.00,689.00,32.58,688.92,0.575,-0.076,0.580
382.00,609.00,32.00,689.00,32.57,688.95,0.570,-0.045,0.572
1109.00,609.00,32.00,689.00,32.58,688.92,0.575,-0.076,0.580
32.00,610.00,32.00,689.00,32.57,688.94,0.572,-0.059,0.575
89.00,611.00,32.00,689.00,32.57,688.94,0.572,-0.058,0.575
1190.00,611.00,32.00,689.00,32.57,688.92,0.575,-0.075,0.580
1194.00,611.00,32.00,689.00,32.57,688.93,0.575,-0.075,0.580
303.00,612.00,32.00,689.00,32.57,688.95,0.571,-0.051,0.574
964.00,612.00,32.00,689.00,32.58,688.92,0.576,-0.080,0.581
1105.00,612.00,32.00,689.00,32.58,688.92,0.575,-0.076,0.580
37.00,613.00,32.00,689.00,32.57,688.94,0.572,-0.059,0.575
1189.00,613.00,32.00,689.00,32.57,688.93,0.575,-0.075,0.580
1193.00,613.00,32.00,689.00,32.57,688.93,0.575,-0.075,0.580
35.00,614.00,32.00,689.00,32.57,688.94,0.572,-0.059,0.575
303.00,615.00,32.00,689.00,32.57,688.95,0.571,-0.051,0.574
560.00,615.00,32.00,689.00,32.55,689.07,0.553,0.066,0.557
1103.00,615.00,32.00,689.00,32.58,688.92,0.575,-0.076,0.580
961.00,616.00,32.00,689.00,32.58,688.92,0.576,-0.080,0.581
1013.00,616.00,32.00,689.00,32.58,688.92,0.575,-0.078,0.581
1116.00,616.00,32.00,689.00,32.58,688.92,0.575,-0.076,0.580
566.00,617.00,32.00,689.00,32.55,689.10,0.548,0.103,0.557
1009.00,617.00,32.00,689.00,32.58,688.92,0.575,-0.078,0.581
1111.00,617.00,32.00,689.00,32.58,688.92,0.575,-0.076,0.580
1113.00,618.00,32.00,689.00,32.58,688.92,0.575,-0.076,0.580
1121.00,618.00,32.00,689.00,32.58,688.92,0.575,-0.076,0.580
1189.00,618.00,32.00,689.00,32.57,688.93,0.575,-0.075,0.580
1103.00,619.00,32.00,689.00,32.58,688.92,0.575,-0.076,0.580
1181.00,619.00,32.00,689.00,32.57,688.93,0.575,-0.075,0.580
783.00,620.00,32.00,689.00,32.58,688.91,0.577,-0.091,0.585
961.00,620.00,32.00,689.00,32.58,688.92,0.576,-0.079,0.581
955.00,622.00,32.00,689.00,32.58,688.92,0.576,-0.079,0.581
958.00,622.00,32.00,689.00,32.58,688.92,0.576,-0.079,0.581
1124.00,622.00,32.00,689.00,32.58,688.92,0.575,-0.076,0.580
355.00,623.00,32.00,689.00,32.57,688.95,0.571,-0.048,0.573
523.00,624.00,37.00,690.00,32.56,689.00,-4.437,-0.997,4.548
559.00,624.00,32.00,689.00,32.55,689.09,0.549,0.094,0.557
701.00,624.00,32.00,689.00,32.58,688.89,0.580,-0.107,0.590
783.00,624.00,32.00,689.00,32.58,688.91,0.577,-0.090,0.584
952.00,624.00,32.00,689.00,32.58,688.92,0.576,-0.079,0.581
1086.00,624.00,32.00,689.00,32.58,688.92,0.575,-0.076,0.580
497.00,625.00,32.00,689.00,32.57,688.98,0.566,-0.017,0.566
520.00,625.00,37.00,690.00,32.56,689.00,-4.437,-0.999,4.548
706.00,625.00,32.00,689.00,32.58,688.90,0.580,-0.104,0.589
959.00,625.00,32.00,689.00,32.58,688.92,0.576,-0.079,0.581
1084.00,625.00,32.00,689.00,32.58,688.92,0.575,-0.076,0.580
554.00,626.00,32.00,689.00,32.55,689.08,0.551,0.076,0.556
783.00,626.00,32.00,689.00,32.58,688.91,0.577,-0.090,0.584
124.00,627.00,32.00,689.00,32.57,688.94,0.572,-0.057,0.575
353.00,627.00,32.00,689.00,32.57,688.95,0.571,-0.048,0.573
418.00,627.00,32.00,689.00,32.57,688.96,0.570,-0.040,0.571
702.00,628.00,32.00,689.00,32.58,688.90,0.580,-0.104,0.589
786.00,628.00,32.00,689.00,32.58,688.91,0.577,-0.089,0.584
1123.00,628.00,32.00,689.00,32.58,688.92,0.575,-0.075,0.580
706.00,629.00,32.00,689.00,32.58,688.90,0.579,-0.103,0.588
955.00,629.00,32.00,689.00,32.58,688.92,0.576,-0.079,0.581
421.00,630.00,32.00,689.00,32.57,688.96,0.569,-0.040,0.571
708.00,630.00,32.00,689.00,32.58,688.90,0.579,-0.102,0.588
787.00,630.00,32.00,689.00,32.58,688.91,0.577,-0.089,0.584
554.00,631.00,32.00,689.00,32.55,689.10,0.548,0.096,0.556
958.00,631.00,32.00,689.00,32.58,688.92,0.576,-0.079,0.581
1124.00,631.00,32.00,689.00,32.58,688.92,0.575,-0.075,0.580
352.00,632.00,32.00,689.00,32.57,688.95,0.571,-0.048,0.573
419.00,632.00,32.00,689.00,32.57,688.96,0.569,-0.040,0.571
705.00,632.00,32.00,689.00,32.58,688.90,0.579,-0.102,0.588
252.00,633.00,32.00,689.00,32.57,688.95,0.572,-0.054,0.574
564.00,633.00,32.00,689.00,32.53,689.22,0.528,0.222,0.572
749.00,633.00,32.00,689.00,32.58,688.91,0.578,-0.093,0.585
753.00,633.00,32.00,689.00,32.58,688.91,0.578,-0.092,0.585
955.00,633.00,32.00,689.00,32.58,688.92,0.576,-0.079,0.581
709.00,634.00,32.00,689.00,32.58,688.90,0.579,-0.100,0.588
712.00,634.00,32.00,689.00,32.58,688.90,0.579,-0.099,0.587
245.00,635.00,32.00,689.00,32.57,688.95,0.572,-0.054,0.574
714.00,635.00,32.00,689.00,32.58,688.90,0.579,-0.099,0.587
959.00,635.00,32.00,689.00,32.58,688.92,0.576,-0.078,0.581
341.00,636.00,32.00,689.00,32.57,688.95,0.571,-0.049,0.573
712.00,636.00,32.00,689.00,32.58,688.90,0.579,-0.099,0.587
986.00,636.00,32.00,689.00,32.58,688.92,0.575,-0.078,0.581
988.00,637.00,32.00,689.00,32.58,688.92,0.575,-0.077,0.581
242.00,638.00,32.00,689.00,32.57,688.95,0.572,-0.054,0.574
256.00,638.00,32.00,689.00,32.57,688.95,0.572,-0.054,0.574
568.00,638.00,32.00,689.00,32.47,689.57,0.470,0.572,0.740
251.00,639.00,32.00,689.00,32.57,688.95,0.572,-0.054,0.574
253.00,639.00,32.00,689.00,32.57,688.95,0.572,-0.054,0.574
985.00,639.00,32.00,689.00,32.58,688.92,0.575,-0.077,0.581
1105.00,639.00,32.00,689.00,32.58,688.92,0.575,-0.075,0.580
249.00,640.00,32.00,689.00,32.57,688.95,0.572,-0.054,0.574
256.00,640.00,32.00,689.00,32.57,688.95,0.572,-0.054,0.574
547.00,640.00,32.00,689.00,32.55,689.10,0.547,0.096,0.556
576.00,640.00,32.00,689.00,32.80,687.55,0.799,-1.445,1.651
815.00,640.00,32.00,689.00,32.58,688.92,0.577,-0.085,0.583
1100.00,640.00,32.00,689.00,32.58,688.92,0.575,-0.075,0.580
245.00,643.00,32.00,689.00,32.57,688.95,0.572,-0.054,0.574
247.00,643.00,32.00,689.00,32.57,688.95,0.572,-0.054,0.574
250.00,643.00,32.00,689.00,32.57,688.95,0.572,-0.054,0.574
568.00,643.00,32.00,689.00,32.27,690.77,0.272,1.769,1.790
577.00,643.00,32.00,689.00,32.68,688.31,0.676,-0.690,0.966
817.00,643.00,32.00,689.00,32.58,688.92,0.577,-0.084,0.583
955.00,643.00,32.00,689.00,32.58,688.92,0.576,-0.078,0.581
1103.00,643.00,32.00,689.00,32.58,688.93,0.575,-0.075,0.580
37.00,644.00,32.00,689.00,32.57,688.94,0.572,-0.059,0.575
572.00,644.00,32.00,689.00,32.84,687.33,0.838,-1.670,1.869
960.00,644.00,32.00,689.00,32.58,688.92,0.575,-0.078,0.581
955.00,645.00,32.00,689.00,32.58,688.92,0.576,-0.078,0.581
40.00,646.00,32.00,689.00,32.57,688.94,0.572,-0.059,0.575
1104.00,646.00,32.00,689.00,32.58,688.93,0.575,-0.075,0.580
88.00,648.00,32.00,689.00,32.57,688.94,0.572,-0.058,0.575
91.00,648.00,32.00,689.00,32.57,688.94,0.572,-0.058,0.575
538.00,648.00,32.00,689.00,32.55,689.08,0.549,0.080,0.555
92.00,650.00,32.00,689.00,32.57,688.94,0.572,-0.058,0.575
147.00,650.00,32.00,689.00,32.57,688.94,0.572,-0.057,0.575
1109.00,650.00,32.00,689.00,32.57,688.93,0.575,-0.074,0.580
531.00,652.00,32.00,689.00,32.55,689.06,0.552,0.062,0.555
425.00,654.00,32.00,689.00,32.57,688.96,0.569,-0.037,0.570
436.00,654.00,32.00,689.00,32.57,688.97,0.568,-0.035,0.569
1079.00,654.00,32.00,689.00,32.58,688.93,0.575,-0.075,0.580
154.00,655.00,32.00,689.00,32.57,688.94,0.572,-0.057,0.575
431.00,655.00,32.00,689.00,32.57,688.96,0.568,-0.036,0.570
530.00,655.00,32.00,689.00,32.55,689.07,0.551,0.067,0.555
534.00,655.00,32.00,689.00,32.55,689.09,0.547,0.088,0.554
540.00,655.00,32.00,689.00,32.54,689.14,0.539,0.135,0.556
434.00,656.00,32.00,689.00,32.57,688.96,0.568,-0.035,0.569
1076.00,656.00,32.00,689.00,32.58,688.93,0.575,-0.075,0.580
1104.00,656.00,32.00,689.00,32.57,688.93,0.575,-0.074,0.580
152.00,657.00,32.00,689.00,32.57,688.94,0.572,-0.057,0.575
498.00,657.00,32.00,689.00,32.56,689.00,0.562,-0.001,0.562
534.00,657.00,32.00,689.00,32.55,689.10,0.545,0.098,0.554
538.00,657.00,32.00,689.00,32.54,689.13,0.540,0.131,0.556
541.00,657.00,32.00,689.00,32.53,689.17,0.534,0.166,0.559
532.00,658.00,32.00,689.00,32.55,689.09,0.547,0.090,0.554
1079.00,658.00,32.00,689.00,32.58,688.93,0.575,-0.075,0.580
1104.00,658.00,32.00,689.00,32.57,688.93,0.575,-0.074,0.580
427.00,659.00,32.00,689.00,32.57,688.96,0.569,-0.037,0.570
494.00,659.00,32.00,689.00,32.56,689.00,0.563,-0.004,0.563
1077.00,659.00,32.00,689.00,32.58,688.93,0.575,-0.075,0.580
1109.00,659.00,32.00,689.00,32.57,688.93,0.575,-0.074,0.580
55.00,660.00,32.00,689.00,32.57,688.94,0.572,-0.059,0.575
84.00,660.00,32.00,689.00,32.57,688.94,0.572,-0.059,0.575
536.00,660.00,32.00,689.00,32.54,689.14,0.539,0.135,0.555
939.00,660.00,32.00,689.00,32.58,688.92,0.575,-0.077,0.581
497.00,661.00,32.00,689.00,32.56,689.00,0.562,0.001,0.562
530.00,661.00,32.00,689.00,32.55,689.09,0.546,0.092,0.554
942.00,661.00,32.00,689.00,32.58,688.92,0.575,-0.077,0.581
1078.00,661.00,32.00,689.00,32.58,688.93,0.575,-0.074,0.580
1138.00,661.00,32.00,689.00,32.57,688.93,0.575,-0.074,0.580
421.00,662.00,32.00,689.00,32.57,688.96,0.569,-0.038,0.570
494.00,662.00,32.00,689.00,32.56,689.00,0.562,-0.002,0.562
501.00,662.00,32.00,689.00,32.56,689.01,0.561,0.007,0.561
40.00,663.00,32.00,689.00,32.57,688.94,0.572,-0.060,0.576
418.00,663.00,32.00,689.00,32.57,688.96,0.569,-0.038,0.570
491.00,663.00,32.00,689.00,32.56,689.00,0.563,-0.005,0.563
940.00,663.00,32.00,689.00,32.58,688.92,0.575,-0.077,0.581
44.00,664.00,32.00,689.00,32.57,688.94,0.572,-0.059,0.575
59.00,664.00,32.00,689.00,32.57,688.94,0.572,-0.059,0.575
119.00,664.00,32.00,689.00,32.57,688.94,0.572,-0.058,0.575
123.00,664.00,32.00,689.00,32.57,688.94,0.572,-0.058,0.575
498.00,664.00,32.00,689.00,32.56,689.00,0.561,0.004,0.561
837.00,664.00,32.00,689.00,32.58,688.92,0.576,-0.080,0.582
942.00,664.00,32.00,689.00,32.58,688.92,0.575,-0.077,0.581
1132.00,665.00,32.00,689.00,32.57,688.93,0.575,-0.074,0.580
39.00,666.00,32.00,689.00,32.57,688.94,0.572,-0.060,0.576
41.00,666.00,32.00,689.00,32.57,688.94,0.572,-0.060,0.576
44.00,666.00,32.00,689.00,32.57,688.94,0.572,-0.060,0.575
830.00,666.00,32.00,689.00,32.58,688.92,0.576,-0.081,0.582
832.00,666.00,32.00,689.00,32.58,688.92,0.576,-0.081,0.582
834.00,666.00,32.00,689.00,32.58,688.92,0.576,-0.080,0.582
836.00,666.00,32.00,689.00,32.58,688.92,0.576,-0.080,0.582
1135.00,666.00,32.00,689.00,32.57,688.93,0.575,-0.073,0.580
1092.00,667.00,32.00,689.00,32.57,688.93,0.575,-0.074,0.580
1130.00,667.00,32.00,689.00,32.57,688.93,0.575,-0.074,0.580
1179.00,667.00,32.00,689.00,32.57,688.93,0.575,-0.073,0.579
825.00,668.00,32.00,689.00,32.58,688.92,0.576,-0.081,0.582
1140.00,668.00,32.00,689.00,32.57,688.93,0.575,-0.073,0.580
1222.00,668.00,32.00,689.00,32.57,688.93,0.575,-0.073,0.579
938.00,669.00,32.00,689.00,32.58,688.92,0.575,-0.077,0.581
1134.00,669.00,32.00,689.00,32.57,688.93,0.575,-0.073,0.580
184.00,670.00,32.00,689.00,32.57,688.94,0.572,-0.057,0.575
836.00,670.00,32.00,689.00,32.58,688.92,0.576,-0.080,0.582
1137.00,670.00,32.00,689.00,32.57,688.93,0.575,-0.073,0.580
1139.00,670.00,32.00,689.00,32.57,688.93,0.575,-0.073,0.580
937.00,672.00,32.00,689.00,32.58,688.92,0.575,-0.076,0.580
1219.00,672.00,32.00,689.00,32.57,688.93,0.575,-0.073,0.579
1221.00,672.00,32.00,689.00,32.57,688.93,0.575,-0.073,0.579
1232.00,673.00,32.00,689.00,32.57,688.93,0.575,-0.072,0.579
1224.00,674.00,32.00,689.00,32.57,688.93,0.575,-0.072,0.579
1012.00,675.00,32.00,689.00,32.58,688.93,0.575,-0.075,0.580
1220.00,675.00,32.00,689.00,32.57,688.93,0.575,-0.072,0.579
360.00,676.00,32.00,689.00,32.57,688.95,0.570,-0.047,0.572
800.00,676.00,32.00,689.00,32.58,688.92,0.576,-0.081,0.582
804.00,676.00,32.00,689.00,32.58,688.92,0.576,-0.081,0.582
1229.00,676.00,32.00,689.00,32.57,688.93,0.575,-0.072,0.579
1231.00,676.00,32.00,689.00,32.57,688.93,0.575,-0.072,0.579
1223.00,677.00,32.00,689.00,32.57,688.93,0.575,-0.072,0.579
960.00,678.00,32.00,689.00,32.58,688.92,0.575,-0.076,0.580
710.00,679.00,32.00,689.00,32.58,688.91,0.578,-0.088,0.584
1223.00,679.00,32.00,689.00,32.57,688.93,0.575,-0.072,0.579
365.00,680.00,32.00,689.00,32.57,688.95,0.570,-0.046,0.572
453.00,680.00,37.00,690.00,32.57,688.98,-4.434,-1.025,4.551
495.00,680.00,37.00,690.00,32.56,689.02,-4.442,-0.984,4.549
945.00,680.00,32.00,689.00,32.58,688.92,0.575,-0.076,0.580
1051.00,680.00,32.00,689.00,32.58,688.93,0.575,-0.074,0.580
67.00,681.00,37.00,690.00,32.57,688.94,-4.428,-1.059,4.553
354.00,681.00,32.00,689.00,32.57,688.95,0.570,-0.048,0.572
835.00,681.00,32.00,689.00,32.58,688.92,0.576,-0.079,0.581
1054.00,681.00,32.00,689.00,32.57,688.93,0.575,-0.074,0.580
357.00,682.00,32.00,689.00,32.57,688.95,0.570,-0.047,0.572
948.00,682.00,32.00,689.00,32.58,688.92,0.575,-0.076,0.580
63.00,683.00,37.00,690.00,32.57,688.94,-4.428,-1.060,4.553
361.00,683.00,32.00,689.00,32.57,688.95,0.570,-0.047,0.572
392.00,683.00,37.00,690.00,32.57,688.96,-4.431,-1.042,4.552
61.00,684.00,37.00,690.00,32.57,688.94,-4.428,-1.060,4.553
435.00,684.00,32.00,689.00,32.57,688.97,0.567,-0.032,0.568
359.00,685.00,32.00,689.00,32.57,688.95,0.570,-0.047,0.572
500.00,685.00,37.00,690.00,32.55,689.04,-4.446,-0.962,4.549
707.00,685.00,32.00,689.00,32.58,688.91,0.577,-0.087,0.584
944.00,685.00,32.00,689.00,32.58,688.92,0.575,-0.076,0.580
357.00,686.00,32.00,689.00,32.57,688.95,0.570,-0.047,0.572
433.00,686.00,32.00,689.00,32.57,688.97,0.567,-0.032,0.568
436.00,686.00,32.00,689.00,32.57,688.97,0.567,-0.031,0.568
524.00,686.00,32.00,689.00,32.50,689.35,0.496,0.346,0.605
711.00,686.00,32.00,689.00,32.58,688.91,0.577,-0.086,0.584
360.00,687.00,32.00,689.00,32.57,688.95,0.570,-0.047,0.572
366.00,687.00,32.00,689.00,32.57,688.95,0.570,-0.046,0.572
62.00,688.00,37.00,690.00,32.57,688.94,-4.428,-1.060,4.553
938.00,688.00,32.00,689.00,32.58,688.92,0.575,-0.075,0.580
1158.00,688.00,32.00,689.00,32.57,688.93,0.575,-0.073,0.579
361.00,689.00,32.00,689.00,32.57,688.95,0.570,-0.047,0.572
830.00,690.00,32.00,689.00,32.58,688.92,0.576,-0.078,0.581
1104.00,690.00,32.00,689.00,32.57,688.93,0.575,-0.073,0.579
239.00,691.00,37.00,690.00,32.57,688.94,-4.429,-1.055,4.553
828.00,691.00,32.00,689.00,32.58,688.92,0.576,-0.078,0.581
1148.00,691.00,32.00,689.00,32.57,688.93,0.575,-0.072,0.579
823.00,692.00,32.00,689.00,32.58,688.92,0.576,-0.078,0.581
940.00,692.00,32.00,689.00,32.58,688.92,0.575,-0.075,0.580
434.00,693.00,32.00,689.00,32.57,688.97,0.567,-0.031,0.568
1109.00,694.00,32.00,689.00,32.57,688.93,0.575,-0.073,0.579
436.00,695.00,32.00,689.00,32.57,688.97,0.566,-0.030,0.567
936.00,695.00,32.00,689.00,32.58,688.92,0.575,-0.075,0.580
1124.00,696.00,32.00,689.00,32.57,688.93,0.575,-0.073,0.579
330.00,697.00,32.00,689.00,32.57,688.95,0.570,-0.050,0.573
779.00,698.00,32.00,689.00,32.58,688.92,0.576,-0.080,0.582
820.00,698.00,32.00,689.00,32.58,688.92,0.576,-0.078,0.581
828.00,698.00,32.00,689.00,32.58,688.92,0.576,-0.078,0.581
939.00,698.00,32.00,689.00,32.58,688.93,0.575,-0.075,0.580
328.00,699.00,32.00,689.00,32.57,688.95,0.570,-0.050,0.573
1122.00,699.00,32.00,689.00,32.57,688.93,0.575,-0.072,0.579
782.00,700.00,32.00,689.00,32.58,688.92,0.576,-0.079,0.582
819.00,700.00,32.00,689.00,32.58,688.92,0.576,-0.078,0.581
934.00,700.00,32.00,689.00,32.58,688.93,0.575,-0.075,0.580
801.00,701.00,32.00,689.00,32.58,688.92,0.576,-0.078,0.581
810.00,701.00,32.00,689.00,32.58,688.92,0.576,-0.078,0.581
826.00,701.00,32.00,689.00,32.58,688.92,0.576,-0.077,0.581
206.00,702.00,32.00,689.00,32.57,688.94,0.572,-0.057,0.575
788.00,702.00,32.00,689.00,32.58,688.92,0.576,-0.079,0.581
812.00,702.00,32.00,689.00,32.58,688.92,0.576,-0.078,0.581
781.00,703.00,32.00,689.00,32.58,688.92,0.576,-0.079,0.582
786.00,703.00,32.00,689.00,32.58,688.92,0.576,-0.079,0.581
814.00,703.00,32.00,689.00,32.58,688.92,0.576,-0.078,0.581
111.00,704.00,32.00,689.00,32.57,688.94,0.572,-0.059,0.575
691.00,704.00,32.00,689.00,32.58,688.91,0.577,-0.085,0.584
1072.00,704.00,32.00,689.00,32.57,688.93,0.575,-0.073,0.579
1122.00,704.00,32.00,689.00,32.57,688.93,0.575,-0.072,0.579
47.00,705.00,32.00,689.00,32.57,688.94,0.572,-0.060,0.576
117.00,705.00,37.00,690.00,32.57,688.94,-4.428,-1.059,4.553
42.00,706.00,32.00,689.00,32.57,688.94,0.572,-0.060,0.576
204.00,706.00,32.00,689.00,32.57,688.94,0.572,-0.057,0.575
695.00,706.00,32.00,689.00,32.58,688.92,0.577,-0.084,0.583
824.00,706.00,32.00,689.00,32.58,688.92,0.576,-0.077,0.581
1035.00,706.00,32.00,689.00,32.57,688.93,0.575,-0.073,0.580
1122.00,706.00,32.00,689.00,32.57,688.93,0.575,-0.072,0.579
117.00,707.00,37.00,690.00,32.57,688.94,-4.428,-1.059,4.553
691.00,707.00,32.00,689.00,32.58,688.92,0.577,-0.085,0.583
697.00,707.00,32.00,689.00,32.58,688.92,0.577,-0.084,0.583
818.00,707.00,32.00,689.00,32.58,688.92,0.576,-0.077,0.581
110.00,708.00,32.00,689.00,32.57,688.94,0.572,-0.059,0.575
1071.00,708.00,32.00,689.00,32.57,688.93,0.575,-0.073,0.579
198.00,709.00,32.00,689.00,32.57,688.94,0.572,-0.057,0.575
694.00,709.00,32.00,689.00,32.58,688.92,0.577,-0.084,0.583
1039.00,709.00,32.00,689.00,32.57,688.93,0.575,-0.073,0.580
1080.00,709.00,32.00,689.00,32.57,688.93,0.575,-0.072,0.579
50.00,710.00,32.00,689.00,32.57,688.94,0.572,-0.060,0.576
42.00,711.00,32.00,689.00,32.57,688.94,0.572,-0.061,0.576
1029.00,711.00,32.00,689.00,32.57,688.93,0.575,-0.073,0.580
1074.00,711.00,32.00,689.00,32.57,688.93,0.575,-0.072,0.579
1038.00,712.00,32.00,689.00,32.57,688.93,0.575,-0.073,0.580
1071.00,712.00,32.00,689.00,32.57,688.93,0.575,-0.072,0.579
45.00,713.00,32.00,689.00,32.57,688.94,0.572,-0.061,0.576
49.00,713.00,32.00,689.00,32.57,688.94,0.572,-0.060,0.576
202.00,713.00,32.00,689.00,32.57,688.94,0.572,-0.057,0.575
464.00,713.00,32.00,689.00,32.56,689.00,0.560,0.000,0.560
696.00,713.00,32.00,689.00,32.58,688.92,0.577,-0.083,0.583
1033.00,713.00,32.00,689.00,32.57,688.93,0.575,-0.073,0.580
51.00,714.00,32.00,689.00,32.57,688.94,0.572,-0.060,0.576
694.00,714.00,32.00,689.00,32.58,688.92,0.577,-0.083,0.583
703.00,714.00,32.00,689.00,32.58,688.92,0.577,-0.082,0.583
734.00,714.00,32.00,689.00,32.58,688.92,0.577,-0.080,0.582
47.00,715.00,32.00,689.00,32.57,688.94,0.572,-0.061,0.576
351.00,715.00,32.00,689.00,32.57,688.95,0.570,-0.048,0.572
354.00,715.00,32.00,689.00,32.57,688.95,0.570,-0.048,0.572
692.00,715.00,32.00,689.00,32.58,688.92,0.577,-0.083,0.583
700.00,715.00,32.00,689.00,32.58,688.92,0.577,-0.082,0.583
1082.00,715.00,32.00,689.00,32.57,688.93,0.575,-0.072,0.579
45.00,716.00,32.00,689.00,32.57,688.94,0.572,-0.061,0.576
49.00,716.00,32.00,689.00,32.57,688.94,0.572,-0.061,0.576
53.00,716.00,32.00,689.00,32.57,688.94,0.572,-0.060,0.576
81.00,716.00,32.00,689.00,32.57,688.94,0.572,-0.060,0.575
685.00,717.00,32.00,689.00,32.58,688.92,0.577,-0.083,0.583
47.00,718.00,32.00,689.00,32.57,688.94,0.572,-0.061,0.576
75.00,718.00,32.00,689.00,32.57,688.94,0.572,-0.060,0.575
683.00,718.00,32.00,689.00,32.58,688.92,0.577,-0.083,0.583
1146.00,718.00,32.00,689.00,32.57,688.93,0.575,-0.072,0.579
42.00,719.00,32.00,689.00,32.57,688.94,0.572,-0.061,0.576
349.00,719.00,32.00,689.00,32.57,688.95,0.570,-0.048,0.572
73.00,720.00,32.00,689.00,32.57,688.94,0.572,-0.060,0.575
230.00,720.00,32.00,689.00,32.57,688.94,0.571,-0.056,0.574
1147.00,720.00,32.00,689.00,32.57,688.93,0.575,-0.071,0.579
83.00,721.00,32.00,689.00,32.57,688.94,0.572,-0.060,0.575
814.00,721.00,32.00,689.00,32.58,688.92,0.576,-0.076,0.581
231.00,722.00,32.00,689.00,32.57,688.94,0.571,-0.056,0.574
225.00,724.00,32.00,689.00,32.57,688.94,0.571,-0.057,0.574
1111.00,724.00,32.00,689.00,32.57,688.93,0.575,-0.072,0.579
1115.00,724.00,32.00,689.00,32.57,688.93,0.575,-0.072,0.579
1117.00,724.00,32.00,689.00,32.57,688.93,0.575,-0.072,0.579
1144.00,724.00,32.00,689.00,32.57,688.93,0.575,-0.071,0.579
1113.00,725.00,32.00,689.00,32.57,688.93,0.575,-0.072,0.579
290.00,726.00,32.00,689.00,32.57,688.95,0.571,-0.054,0.573
295.00,727.00,32.00,689.00,32.57,688.95,0.571,-0.053,0.573
438.00,727.00,32.00,689.00,32.56,688.98,0.563,-0.019,0.563
1091.00,727.00,32.00,689.00,32.57,688.93,0.575,-0.072,0.579
1093.00,727.00,32.00,689.00,32.57,688.93,0.575,-0.072,0.579
1117.00,727.00,32.00,689.00,32.57,688.93,0.575,-0.071,0.579
561.00,728.00,32.00,689.00,32.58,688.89,0.583,-0.109,0.593
563.00,728.00,32.00,689.00,32.58,688.89,0.583,-0.108,0.593
1088.00,728.00,32.00,689.00,32.57,688.93,0.575,-0.072,0.579
291.00,729.00,32.00,689.00,32.57,688.95,0.571,-0.054,0.573
436.00,729.00,32.00,689.00,32.56,688.98,0.563,-0.020,0.564
450.00,729.00,32.00,689.00,32.56,688.99,0.560,-0.005,0.560
558.00,729.00,32.00,689.00,32.58,688.89,0.583,-0.110,0.594
1091.00,729.00,32.00,689.00,32.57,688.93,0.575,-0.072,0.579
284.00,730.00,32.00,689.00,32.57,688.95,0.571,-0.054,0.573
490.00,730.00,37.00,690.00,32.40,689.69,-4.597,-0.309,4.608
556.00,730.00,32.00,689.00,32.58,688.89,0.584,-0.111,0.594
1064.00,730.00,32.00,689.00,32.57,688.93,0.575,-0.072,0.579
1087.00,730.00,32.00,689.00,32.57,688.93,0.575,-0.072,0.579
254.00,731.00,32.00,689.00,32.57,688.94,0.571,-0.056,0.574
281.00,731.00,32.00,689.00,32.57,688.95,0.571,-0.054,0.573
714.00,731.00,32.00,689.00,32.58,688.92,0.576,-0.079,0.582
869.00,731.00,32.00,689.00,32.58,688.93,0.575,-0.074,0.580
1084.00,731.00,32.00,689.00,32.57,688.93,0.575,-0.072,0.579
1116.00,731.00,32.00,689.00,32.57,688.93,0.575,-0.071,0.579
300.00,732.00,32.00,689.00,32.57,688.95,0.571,-0.053,0.573
554.00,732.00,32.00,689.00,32.58,688.89,0.584,-0.110,0.594
287.00,733.00,32.00,689.00,32.57,688.95,0.571,-0.054,0.573
558.00,733.00,32.00,689.00,32.58,688.89,0.583,-0.107,0.593
684.00,733.00,32.00,689.00,32.58,688.92,0.577,-0.081,0.583
1093.00,733.00,32.00,689.00,32.57,688.93,0.575,-0.071,0.579
459.00,734.00,32.00,689.00,32.55,689.02,0.554,0.018,0.554
1084.00,734.00,32.00,689.00,32.57,688.93,0.575,-0.071,0.579
1086.00,734.00,32.00,689.00,32.57,688.93,0.575,-0.071,0.579
107.00,735.00,32.00,689.00,32.57,688.94,0.572,-0.060,0.575
1083.00,736.00,32.00,689.00,32.57,688.93,0.575,-0.071,0.579
1087.00,737.00,32.00,689.00,32.57,688.93,0.575,-0.071,0.579
423.00,738.00,32.00,689.00,32.56,688.97,0.564,-0.026,0.565
437.00,738.00,32.00,689.00,32.56,688.99,0.561,-0.015,0.562
687.00,738.00,32.00,689.00,32.58,688.92,0.577,-0.080,0.582
1085.00,738.00,32.00,689.00,32.57,688.93,0.575,-0.071,0.579
421.00,739.00,32.00,689.00,32.56,688.97,0.564,-0.027,0.565
106.00,740.00,32.00,689.00,32.57,688.94,0.572,-0.060,0.575
425.00,741.00,32.00,689.00,32.56,688.98,0.563,-0.024,0.564
431.00,741.00,32.00,689.00,32.56,688.98,0.562,-0.019,0.563
687.00,741.00,32.00,689.00,32.58,688.92,0.577,-0.079,0.582
420.00,742.00,32.00,689.00,32.56,688.97,0.564,-0.027,0.565
417.00,743.00,32.00,689.00,32.56,688.97,0.564,-0.029,0.565
873.00,743.00,32.00,689.00,32.58,688.93,0.575,-0.073,0.580
72.00,744.00,32.00,689.00,32.57,688.94,0.572,-0.061,0.575
77.00,744.00,32.00,689.00,32.57,688.94,0.572,-0.061,0.575
103.00,744.00,32.00,689.00,32.57,688.94,0.572,-0.060,0.575
878.00,744.00,32.00,689.00,32.58,688.93,0.575,-0.073,0.580
426.00,745.00,32.00,689.00,32.56,688.98,0.563,-0.022,0.563
1184.00,745.00,32.00,689.00,32.57,688.93,0.575,-0.070,0.579
875.00,746.00,32.00,689.00,32.58,688.93,0.575,-0.073,0.580
71.00,747.00,32.00,689.00,32.57,688.94,0.572,-0.061,0.576
131.00,747.00,32.00,689.00,32.57,688.94,0.572,-0.060,0.575
422.00,747.00,32.00,689.00,32.56,688.98,0.563,-0.024,0.564
873.00,748.00,32.00,689.00,32.58,688.93,0.575,-0.073,0.580
875.00,749.00,32.00,689.00,32.58,688.93,0.575,-0.073,0.580
907.00,749.00,32.00,689.00,32.58,688.93,0.575,-0.073,0.580
77.00,750.00,32.00,689.00,32.57,688.94,0.572,-0.061,0.575
209.00,751.00,32.00,689.00,32.57,688.94,0.571,-0.058,0.574
846.00,751.00,32.00,689.00,32.58,688.93,0.575,-0.073,0.580
893.00,751.00,32.00,689.00,32.58,688.93,0.575,-0.073,0.580
1107.00,751.00,32.00,689.00,32.57,688.93,0.575,-0.071,0.579
815.00,752.00,32.00,689.00,32.58,688.93,0.575,-0.074,0.580
1101.00,752.00,32.00,689.00,32.57,688.93,0.575,-0.071,0.579
1183.00,752.00,32.00,689.00,32.57,688.93,0.575,-0.070,0.579
83.00,753.00,32.00,689.00,32.57,688.94,0.572,-0.061,0.575
1181.00,753.00,32.00,689.00,32.57,688.93,0.575,-0.070,0.579
219.00,754.00,32.00,689.00,32.57,688.94,0.571,-0.058,0.574
1103.00,754.00,32.00,689.00,32.57,688.93,0.575,-0.071,0.579
844.00,755.00,32.00,689.00,32.58,688.93,0.575,-0.073,0.580
874.00,755.00,32.00,689.00,32.58,688.93,0.575,-0.073,0.580
1101.00,756.00,32.00,689.00,32.57,688.93,0.575,-0.071,0.579
1176.00,756.00,32.00,689.00,32.57,688.93,0.575,-0.070,0.579
251.00,757.00,32.00,689.00,32.57,688.94,0.571,-0.057,0.574
558.00,757.00,32.00,689.00,32.58,688.91,0.580,-0.093,0.588
560.00,757.00,32.00,689.00,32.58,688.91,0.580,-0.092,0.588
809.00,757.00,32.00,689.00,32.58,688.93,0.575,-0.074,0.580
846.00,758.00,32.00,689.00,32.58,688.93,0.575,-0.073,0.580
1180.00,758.00,32.00,689.00,32.57,688.93,0.575,-0.070,0.579
277.00,759.00,32.00,689.00,32.57,688.94,0.571,-0.055,0.573
291.00,759.00,32.00,689.00,32.57,688.95,0.570,-0.054,0.573
814.00,759.00,32.00,689.00,32.58,688.93,0.575,-0.073,0.580
873.00,759.00,32.00,689.00,32.58,688.93,0.575,-0.073,0.580
1178.00,759.00,32.00,689.00,32.57,688.93,0.575,-0.070,0.579
296.00,760.00,32.00,689.00,32.57,688.95,0.570,-0.054,0.573
300.00,760.00,32.00,689.00,32.57,688.95,0.570,-0.054,0.573
551.00,760.00,32.00,689.00,32.58,688.91,0.581,-0.093,0.588
847.00,760.00,32.00,689.00,32.58,688.93,0.575,-0.073,0.580
281.00,761.00,32.00,689.00,32.57,688.94,0.571,-0.055,0.573
849.00,761.00,32.00,689.00,32.58,688.93,0.575,-0.073,0.580
292.00,762.00,32.00,689.00,32.57,688.95,0.570,-0.054,0.573
561.00,762.00,32.00,689.00,32.58,688.91,0.580,-0.090,0.587
712.00,763.00,32.00,689.00,32.58,688.92,0.576,-0.076,0.581
715.00,763.00,32.00,689.00,32.58,688.92,0.576,-0.076,0.581
847.00,763.00,32.00,689.00,32.58,688.93,0.575,-0.073,0.580
870.00,763.00,32.00,689.00,32.58,688.93,0.575,-0.072,0.580
707.00,764.00,32.00,689.00,32.58,688.92,0.576,-0.076,0.581
719.00,764.00,32.00,689.00,32.58,688.92,0.576,-0.075,0.581
747.00,764.00,32.00,689.00,32.58,688.93,0.576,-0.075,0.581
868.00,764.00,32.00,689.00,32.58,688.93,0.575,-0.072,0.580
922.00,764.00,32.00,689.00,32.58,688.93,0.575,-0.072,0.579
49.00,765.00,32.00,689.00,32.57,688.94,0.572,-0.062,0.576
283.00,765.00,32.00,689.00,32.57,688.94,0.570,-0.055,0.573
292.00,765.00,32.00,689.00,32.57,688.95,0.570,-0.055,0.573
558.00,765.00,32.00,689.00,32.58,688.91,0.580,-0.089,0.587
731.00,765.00,32.00,689.00,32.58,688.93,0.576,-0.075,0.581
744.00,765.00,32.00,689.00,32.58,688.93,0.576,-0.075,0.581
703.00,766.00,32.00,689.00,32.58,688.92,0.576,-0.076,0.581
868.00,766.00,32.00,689.00,32.58,688.93,0.575,-0.072,0.580
290.00,767.00,32.00,689.00,32.57,688.95,0.570,-0.055,0.573
421.00,767.00,32.00,689.00,32.56,688.99,0.559,-0.015,0.559
747.00,767.00,32.00,689.00,32.58,688.93,0.576,-0.074,0.581
751.00,767.00,32.00,689.00,32.58,688.93,0.576,-0.074,0.581
1206.00,767.00,32.00,689.00,32.57,688.93,0.575,-0.070,0.579
54.00,768.00,32.00,689.00,32.57,688.94,0.572,-0.062,0.576
304.00,768.00,32.00,689.00,32.57,688.95,0.570,-0.054,0.573
298.00,769.00,32.00,689.00,32.57,688.95,0.570,-0.054,0.573
300.00,769.00,32.00,689.00,32.57,688.95,0.570,-0.054,0.573
713.00,769.00,32.00,689.00,32.58,688.92,0.576,-0.075,0.581
717.00,769.00,32.00,689.00,32.58,688.92,0.576,-0.075,0.581
748.00,769.00,32.00,689.00,32.58,688.93,0.576,-0.074,0.580
873.00,769.00,32.00,689.00,32.58,688.93,0.575,-0.072,0.580
51.00,770.00,32.00,689.00,32.57,688.94,0.572,-0.062,0.576
295.00,770.00,32.00,689.00,32.57,688.95,0.570,-0.055,0.573
219.00,771.00,32.00,689.00,32.57,688.94,0.571,-0.059,0.574
54.00,772.00,32.00,689.00,32.57,688.94,0.572,-0.062,0.576
328.00,772.00,32.00,689.00,32.57,688.95,0.569,-0.051,0.572
745.00,772.00,32.00,689.00,32.58,688.93,0.576,-0.074,0.580
748.00,773.00,32.00,689.00,32.58,688.93,0.576,-0.074,0.580
787.00,773.00,32.00,689.00,32.58,688.93,0.575,-0.073,0.580
923.00,773.00,32.00,689.00,32.57,688.93,0.575,-0.071,0.579
216.00,774.00,32.00,689.00,32.57,688.94,0.571,-0.059,0.574
54.00,775.00,32.00,689.00,32.57,688.94,0.572,-0.062,0.576
220.00,775.00,32.00,689.00,32.57,688.94,0.571,-0.059,0.574
790.00,775.00,32.00,689.00,32.58,688.93,0.575,-0.073,0.580
923.00,776.00,32.00,689.00,32.57,688.93,0.575,-0.071,0.579
607.00,777.00,32.00,689.00,32.58,688.92,0.577,-0.079,0.583
1171.00,777.00,32.00,689.00,32.57,688.93,0.575,-0.070,0.579
75.00,778.00,32.00,689.00,32.57,688.94,0.572,-0.062,0.576
221.00,778.00,32.00,689.00,32.57,688.94,0.571,-0.059,0.574
608.00,779.00,32.00,689.00,32.58,688.92,0.577,-0.079,0.583
1169.00,779.00,32.00,689.00,32.57,688.93,0.575,-0.070,0.579
127.00,780.00,32.00,689.00,32.57,688.94,0.572,-0.061,0.575
602.00,781.00,32.00,689.00,32.58,688.92,0.577,-0.079,0.583
605.00,781.00,32.00,689.00,32.58,688.92,0.577,-0.079,0.583
526.00,782.00,32.00,689.00,32.58,688.91,0.581,-0.091,0.588
1163.00,782.00,32.00,689.00,32.57,688.93,0.575,-0.070,0.579
532.00,783.00,32.00,689.00,32.58,688.91,0.580,-0.088,0.587
1165.00,783.00,32.00,689.00,32.57,688.93,0.575,-0.070,0.579
606.00,785.00,32.00,689.00,32.58,688.92,0.577,-0.078,0.583
609.00,785.00,32.00,689.00,32.58,688.92,0.577,-0.078,0.582
967.00,785.00,32.00,689.00,32.57,688.93,0.575,-0.070,0.579
947.00,787.00,32.00,689.00,32.57,688.93,0.575,-0.070,0.579
792.00,788.00,32.00,689.00,32.58,688.93,0.575,-0.072,0.580
1224.00,788.00,32.00,689.00,32.57,688.93,0.574,-0.069,0.579
1228.00,788.00,32.00,689.00,32.57,688.93,0.574,-0.069,0.579
1196.00,789.00,32.00,689.00,32.57,688.93,0.574,-0.069,0.579
72.00,790.00,32.00,689.00,32.57,688.94,0.572,-0.062,0.576
534.00,790.00,32.00,689.00,32.58,688.91,0.580,-0.085,0.586
793.00,790.00,32.00,689.00,32.58,688.93,0.575,-0.072,0.580
994.00,790.00,32.00,689.00,32.57,688.93,0.575,-0.070,0.579
33.00,791.00,32.00,689.00,32.57,688.94,0.572,-0.063,0.576
531.00,791.00,32.00,689.00,32.58,688.91,0.580,-0.086,0.586
1194.00,791.00,32.00,689.00,32.57,688.93,0.574,-0.069,0.579
795.00,792.00,32.00,689.00,32.58,688.93,0.575,-0.072,0.580
72.00,793.00,32.00,689.00,32.57,688.94,0.572,-0.062,0.576
608.00,793.00,32.00,689.00,32.58,688.92,0.577,-0.077,0.582
793.00,793.00,32.00,689.00,32.58,688.93,0.575,-0.072,0.580
976.00,793.00,32.00,689.00,32.57,688.93,0.575,-0.070,0.579
994.00,793.00,32.00,689.00,32.57,688.93,0.575,-0.070,0.579
1193.00,793.00,32.00,689.00,32.57,688.93,0.574,-0.069,0.579
941.00,794.00,32.00,689.00,32.57,688.93,0.575,-0.070,0.579
72.00,795.00,32.00,689.00,32.57,688.94,0.572,-0.063,0.576
668.00,795.00,32.00,689.00,32.58,688.93,0.576,-0.074,0.581
946.00,795.00,32.00,689.00,32.57,688.93,0.575,-0.070,0.579
991.00,795.00,32.00,689.00,32.57,688.93,0.575,-0.070,0.579
304.00,796.00,32.00,689.00,32.57,688.95,0.569,-0.055,0.572
309.00,796.00,32.00,689.00,32.57,688.95,0.569,-0.054,0.572
994.00,796.00,32.00,689.00,32.57,688.93,0.575,-0.070,0.579
77.00,797.00,32.00,689.00,32.57,688.94,0.572,-0.063,0.576
996.00,797.00,32.00,689.00,32.57,688.93,0.575,-0.070,0.579
130.00,798.00,32.00,689.00,32.57,688.94,0.572,-0.062,0.575
667.00,798.00,32.00,689.00,32.58,688.93,0.576,-0.074,0.581
965.00,798.00,32.00,689.00,32.57,688.93,0.575,-0.070,0.579
989.00,798.00,32.00,689.00,32.57,688.93,0.575,-0.070,0.579
991.00,799.00,32.00,689.00,32.57,688.93,0.575,-0.070,0.579
1004.00,799.00,32.00,689.00,32.57,688.93,0.575,-0.070,0.579
79.00,800.00,32.00,689.00,32.57,688.94,0.572,-0.063,0.576
133.00,800.00,32.00,689.00,32.57,688.94,0.572,-0.062,0.575
631.00,800.00,32.00,689.00,32.58,688.93,0.577,-0.075,0.581
1001.00,800.00,32.00,689.00,32.57,688.93,0.575,-0.070,0.579
77.00,801.00,32.00,689.00,32.57,688.94,0.572,-0.063,0.576
127.00,801.00,32.00,689.00,32.57,688.94,0.572,-0.062,0.575
965.00,801.00,32.00,689.00,32.57,688.93,0.575,-0.070,0.579
999.00,801.00,32.00,689.00,32.57,688.93,0.575,-0.070,0.579
132.00,802.00,32.00,689.00,32.57,688.94,0.572,-0.062,0.575
786.00,802.00,32.00,689.00,32.58,688.93,0.575,-0.071,0.580
76.00,803.00,32.00,689.00,32.57,688.94,0.572,-0.063,0.576
78.00,803.00,32.00,689.00,32.57,688.94,0.572,-0.063,0.576
580.00,803.00,32.00,689.00,32.58,688.92,0.577,-0.077,0.582
789.00,803.00,32.00,689.00,32.58,688.93,0.575,-0.071,0.580
807.00,803.00,32.00,689.00,32.58,688.93,0.575,-0.071,0.580
151.00,804.00,32.00,689.00,32.57,688.94,0.572,-0.062,0.575
586.00,804.00,32.00,689.00,32.58,688.92,0.577,-0.076,0.582
995.00,804.00,32.00,689.00,32.57,688.93,0.575,-0.070,0.579
128.00,805.00,32.00,689.00,32.57,688.94,0.572,-0.062,0.575
130.00,805.00,32.00,689.00,32.57,688.94,0.572,-0.062,0.575
583.00,805.00,32.00,689.00,32.58,688.92,0.577,-0.076,0.582
1205.00,805.00,32.00,689.00,32.57,688.93,0.574,-0.069,0.579
1208.00,805.00,32.00,689.00,32.57,688.93,0.574,-0.069,0.579
791.00,806.00,32.00,689.00,32.58,688.93,0.575,-0.071,0.580
1225.00,806.00,32.00,689.00,32.57,688.93,0.574,-0.069,0.579
183.00,807.00,32.00,689.00,32.57,688.94,0.571,-0.061,0.575
190.00,807.00,32.00,689.00,32.57,688.94,0.571,-0.061,0.575
895.00,807.00,32.00,689.00,32.57,688.93,0.575,-0.070,0.579
922.00,807.00,32.00,689.00,32.57,688.93,0.575,-0.070,0.579
1210.00,807.00,32.00,689.00,32.57,688.93,0.574,-0.069,0.579
333.00,808.00,37.00,690.00,32.57,688.95,-4.432,-1.052,4.555
590.00,808.00,32.00,689.00,32.58,688.92,0.577,-0.076,0.582
331.00,809.00,37.00,690.00,32.57,688.95,-4.432,-1.052,4.555
588.00,809.00,32.00,689.00,32.58,688.92,0.577,-0.075,0.582
890.00,809.00,32.00,689.00,32.57,688.93,0.575,-0.070,0.579
1201.00,809.00,32.00,689.00,32.57,688.93,0.574,-0.069,0.579
1204.00,809.00,32.00,689.00,32.57,688.93,0.574,-0.069,0.579
823.00,810.00,32.00,689.00,32.58,688.93,0.575,-0.070,0.579
965.00,810.00,32.00,689.00,32.57,688.93,0.575,-0.070,0.579
1198.00,810.00,32.00,689.00,32.57,688.93,0.574,-0.069,0.579
1207.00,810.00,32.00,689.00,32.57,688.93,0.574,-0.069,0.579
57.00,811.00,32.00,689.00,32.57,688.94,0.572,-0.063,0.576
332.00,811.00,37.00,690.00,32.57,688.95,-4.432,-1.052,4.555
766.00,811.00,32.00,689.00,32.58,688.93,0.575,-0.071,0.580
896.00,811.00,32.00,689.00,32.57,688.93,0.575,-0.070,0.579
963.00,811.00,32.00,689.00,32.57,688.93,0.575,-0.070,0.579
1200.00,811.00,32.00,689.00,32.57,688.93,0.574,-0.069,0.579
1207.00,812.00,32.00,689.00,32.57,688.93,0.574,-0.069,0.579
52.00,813.00,32.00,689.00,32.57,688.94,0.572,-0.063,0.576
55.00,813.00,32.00,689.00,32.57,688.94,0.572,-0.063,0.576
767.00,813.00,32.00,689.00,32.58,688.93,0.575,-0.071,0.580
838.00,813.00,32.00,689.00,32.58,688.93,0.575,-0.070,0.579
891.00,813.00,32.00,689.00,32.57,688.93,0.575,-0.070,0.579
964.00,813.00,32.00,689.00,32.57,688.93,0.575,-0.069,0.579
183.00,814.00,32.00,689.00,32.57,688.94,0.571,-0.062,0.575
187.00,814.00,32.00,689.00,32.57,688.94,0.571,-0.061,0.575
125.00,815.00,32.00,689.00,32.57,688.94,0.572,-0.063,0.575
185.00,815.00,32.00,689.00,32.57,688.94,0.571,-0.062,0.575
750.00,815.00,32.00,689.00,32.58,688.93,0.575,-0.071,0.580
122.00,816.00,32.00,689.00,32.57,688.94,0.572,-0.063,0.575
128.00,816.00,32.00,689.00,32.57,688.94,0.572,-0.063,0.575
1021.00,816.00,32.00,689.00,32.57,688.93,0.575,-0.069,0.579
1202.00,816.00,32.00,689.00,32.57,688.93,0.574,-0.069,0.579
1208.00,816.00,32.00,689.00,32.57,688.93,0.574,-0.069,0.578
1205.00,817.00,32.00,689.00,32.57,688.93,0.574,-0.069,0.578
120.00,818.00,32.00,689.00,32.57,688.94,0.572,-0.063,0.575
128.00,818.00,32.00,689.00,32.57,688.94,0.572,-0.063,0.575
836.00,818.00,32.00,689.00,32.58,688.93,0.575,-0.070,0.579
1205.00,819.00,32.00,689.00,32.57,688.93,0.574,-0.069,0.578
124.00,820.00,32.00,689.00,32.57,688.94,0.572,-0.063,0.575
51.00,821.00,32.00,689.00,32.57,688.94,0.572,-0.064,0.576
135.00,822.00,32.00,689.00,32.57,688.94,0.572,-0.063,0.575
212.00,822.00,32.00,689.00,32.57,688.94,0.571,-0.061,0.574
385.00,822.00,32.00,689.00,32.55,688.98,0.554,-0.025,0.555
130.00,823.00,32.00,689.00,32.57,688.94,0.572,-0.063,0.575
207.00,824.00,32.00,689.00,32.57,688.94,0.571,-0.061,0.574
385.00,825.00,32.00,689.00,32.55,688.98,0.552,-0.022,0.553
207.00,826.00,32.00,689.00,32.57,688.94,0.571,-0.062,0.574
664.00,826.00,32.00,689.00,32.58,688.93,0.576,-0.071,0.580
210.00,827.00,32.00,689.00,32.57,688.94,0.571,-0.062,0.574
402.00,827.00,32.00,689.00,32.49,689.11,0.487,0.111,0.499
404.00,828.00,32.00,689.00,32.41,689.27,0.408,0.266,0.487
606.00,828.00,32.00,689.00,32.58,688.93,0.576,-0.072,0.581
132.00,829.00,32.00,689.00,32.57,688.94,0.572,-0.063,0.575
169.00,829.00,32.00,689.00,32.57,688.94,0.572,-0.063,0.575
382.00,829.00,32.00,689.00,32.55,688.98,0.552,-0.024,0.553
387.00,830.00,32.00,689.00,32.55,688.99,0.545,-0.011,0.545
407.00,830.00,32.00,689.00,32.91,688.27,0.912,-0.728,1.166
713.00,830.00,32.00,689.00,32.58,688.93,0.575,-0.070,0.580
747.00,830.00,32.00,689.00,32.58,688.93,0.575,-0.070,0.580
171.00,831.00,32.00,689.00,32.57,688.94,0.571,-0.063,0.575
137.00,832.00,32.00,689.00,32.57,688.94,0.572,-0.063,0.575
146.00,832.00,32.00,689.00,32.57,688.94,0.572,-0.063,0.575
406.00,832.00,32.00,689.00,32.80,688.50,0.800,-0.496,0.941
378.00,833.00,32.00,689.00,32.55,688.97,0.553,-0.027,0.553
380.00,833.00,32.00,689.00,32.55,688.98,0.551,-0.024,0.551
385.00,833.00,32.00,689.00,32.54,688.99,0.544,-0.012,0.544
749.00,833.00,32.00,689.00,32.58,688.93,0.575,-0.070,0.579
1019.00,833.00,32.00,689.00,32.57,688.93,0.575,-0.069,0.579
203.00,834.00,32.00,689.00,32.57,688.94,0.571,-0.062,0.574
405.00,834.00,32.00,689.00,32.74,688.62,0.744,-0.379,0.835
427.00,835.00,32.00,689.00,32.59,688.90,0.594,-0.104,0.603
601.00,835.00,32.00,689.00,32.58,688.93,0.576,-0.072,0.581
131.00,836.00,32.00,689.00,32.57,688.94,0.572,-0.064,0.575
380.00,836.00,32.00,689.00,32.55,688.98,0.548,-0.021,0.548
383.00,836.00,32.00,689.00,32.54,688.99,0.543,-0.013,0.543
410.00,836.00,32.00,689.00,32.63,688.84,0.627,-0.161,0.647
746.00,836.00,32.00,689.00,32.58,688.93,0.575,-0.070,0.579
1041.00,836.00,32.00,689.00,32.57,688.93,0.575,-0.068,0.579
141.00,838.00,32.00,689.00,32.57,688.94,0.572,-0.064,0.575
151.00,838.00,32.00,689.00,32.57,688.94,0.572,-0.063,0.575
424.00,838.00,32.00,689.00,32.59,688.90,0.594,-0.102,0.603
1017.00,838.00,32.00,689.00,32.57,688.93,0.575,-0.068,0.579
1035.00,838.00,32.00,689.00,32.57,688.93,0.575,-0.068,0.579
83.00,839.00,37.00,690.00,32.57,688.94,-4.428,-1.064,4.554
284.00,839.00,32.00,689.00,32.57,688.94,0.569,-0.059,0.572
1198.00,839.00,32.00,689.00,32.57,688.93,0.574,-0.068,0.578
1201.00,839.00,32.00,689.00,32.57,688.93,0.574,-0.068,0.578
138.00,840.00,32.00,689.00,32.57,688.94,0.572,-0.064,0.575
404.00,840.00,32.00,689.00,32.64,688.82,0.644,-0.184,0.670
429.00,840.00,32.00,689.00,32.59,688.91,0.590,-0.094,0.597
433.00,840.00,32.00,689.00,32.59,688.91,0.588,-0.091,0.595
1018.00,840.00,32.00,689.00,32.57,688.93,0.575,-0.068,0.579
277.00,841.00,32.00,689.00,32.57,688.94,0.569,-0.060,0.573
408.00,841.00,32.00,689.00,32.62,688.86,0.616,-0.136,0.631
426.00,841.00,32.00,689.00,32.59,688.91,0.591,-0.095,0.598
477.00,841.00,32.00,689.00,32.58,688.92,0.580,-0.077,0.585
1005.00,841.00,32.00,689.00,32.57,688.93,0.575,-0.068,0.579
135.00,842.00,32.00,689.00,32.57,688.94,0.572,-0.064,0.575
1023.00,842.00,32.00,689.00,32.57,688.93,0.575,-0.068,0.579
1030.00,842.00,32.00,689.00,32.57,688.93,0.575,-0.068,0.579
1033.00,842.00,32.00,689.00,32.57,688.93,0.575,-0.068,0.579
1193.00,842.00,32.00,689.00,32.57,688.93,0.574,-0.068,0.578
1197.00,842.00,32.00,689.00,32.57,688.93,0.574,-0.068,0.578
273.00,843.00,32.00,689.00,32.57,688.94,0.569,-0.060,0.573
404.00,843.00,32.00,689.00,32.63,688.85,0.625,-0.148,0.643
1010.00,843.00,32.00,689.00,32.57,688.93,0.575,-0.068,0.579
1017.00,843.00,32.00,689.00,32.57,688.93,0.575,-0.068,0.579
1204.00,843.00,32.00,689.00,32.57,688.93,0.574,-0.068,0.578
401.00,844.00,32.00,689.00,32.64,688.83,0.639,-0.168,0.661
408.00,844.00,32.00,689.00,32.61,688.88,0.608,-0.120,0.620
473.00,844.00,32.00,689.00,32.58,688.92,0.580,-0.077,0.585
1039.00,844.00,32.00,689.00,32.57,688.93,0.575,-0.068,0.579
1173.00,844.00,32.00,689.00,32.57,688.93,0.574,-0.068,0.578
1184.00,844.00,32.00,689.00,32.57,688.93,0.574,-0.068,0.578
1188.00,844.00,32.00,689.00,32.57,688.93,0.574,-0.068,0.578
1194.00,844.00,32.00,689.00,32.57,688.93,0.574,-0.068,0.578
1201.00,844.00,32.00,689.00,32.57,688.93,0.574,-0.068,0.578
403.00,845.00,32.00,689.00,32.62,688.86,0.621,-0.139,0.637
469.00,845.00,32.00,689.00,32.58,688.92,0.580,-0.077,0.586
1030.00,845.00,32.00,689.00,32.57,688.93,0.575,-0.068,0.579
1204.00,845.00,32.00,689.00,32.57,688.93,0.574,-0.068,0.578
382.00,846.00,32.00,689.00,32.52,689.01,0.519,0.015,0.519
385.00,846.00,32.00,689.00,32.49,689.05,0.493,0.053,0.495
408.00,846.00,32.00,689.00,32.60,688.89,0.605,-0.113,0.615
1020.00,846.00,32.00,689.00,32.57,688.93,0.575,-0.068,0.579
1171.00,846.00,32.00,689.00,32.57,688.93,0.574,-0.068,0.578
378.00,847.00,32.00,689.00,32.53,688.99,0.533,-0.007,0.533
427.00,847.00,32.00,689.00,32.59,688.91,0.588,-0.087,0.594
489.00,847.00,32.00,689.00,32.58,688.93,0.579,-0.075,0.584
1004.00,847.00,32.00,689.00,32.57,688.93,0.575,-0.068,0.579
1010.00,847.00,32.00,689.00,32.57,688.93,0.575,-0.068,0.579
1196.00,847.00,32.00,689.00,32.57,688.93,0.574,-0.068,0.578
383.00,848.00,32.00,689.00,32.50,689.04,0.496,0.044,0.498
388.00,848.00,32.00,689.00,32.25,689.40,0.247,0.397,0.468
406.00,848.00,32.00,689.00,32.60,688.89,0.605,-0.111,0.615
429.00,848.00,32.00,689.00,32.59,688.91,0.587,-0.086,0.593
479.00,848.00,32.00,689.00,32.58,688.92,0.579,-0.075,0.584
374.00,849.00,32.00,689.00,32.54,688.98,0.539,-0.019,0.539
398.00,849.00,32.00,689.00,32.63,688.86,0.629,-0.143,0.645
477.00,849.00,32.00,689.00,32.58,688.92,0.580,-0.075,0.584
1176.00,849.00,32.00,689.00,32.57,688.93,0.574,-0.068,0.578
378.00,850.00,32.00,689.00,32.52,689.00,0.522,0.004,0.522
381.00,850.00,32.00,689.00,32.50,689.04,0.499,0.035,0.500
387.00,851.00,32.00,689.00,39.45,679.79,7.454,-9.214,11.851
1029.00,851.00,32.00,689.00,32.57,688.93,0.575,-0.068,0.579
1172.00,851.00,32.00,689.00,32.57,688.93,0.574,-0.068,0.578
1188.00,851.00,32.00,689.00,32.57,688.93,0.574,-0.068,0.578
302.00,852.00,32.00,689.00,32.57,688.94,0.568,-0.059,0.571
475.00,852.00,32.00,689.00,32.58,688.93,0.579,-0.074,0.584
479.00,852.00,32.00,689.00,32.58,688.93,0.579,-0.074,0.584
484.00,852.00,32.00,689.00,32.58,688.93,0.579,-0.074,0.584
1190.00,852.00,32.00,689.00,32.57,688.93,0.574,-0.068,0.578
626.00,853.00,32.00,689.00,32.58,688.93,0.576,-0.070,0.580
632.00,853.00,32.00,689.00,32.58,688.93,0.576,-0.070,0.580
286.00,854.00,32.00,689.00,32.57,688.94,0.569,-0.061,0.572
289.00,855.00,32.00,689.00,32.57,688.94,0.568,-0.061,0.572
304.00,855.00,32.00,689.00,32.57,688.94,0.567,-0.059,0.570
296.00,856.00,32.00,689.00,32.57,688.94,0.568,-0.060,0.571
382.00,856.00,32.00,689.00,31.60,690.08,-0.401,1.078,1.150
303.00,859.00,32.00,689.00,32.57,688.94,0.567,-0.060,0.570
382.00,859.00,32.00,689.00,32.81,688.68,0.810,-0.322,0.872
386.00,859.00,32.00,689.00,32.66,688.84,0.656,-0.156,0.674
900.00,861.00,32.00,689.00,32.57,688.93,0.575,-0.068,0.579
920.00,861.00,32.00,689.00,32.57,688.93,0.575,-0.068,0.579
895.00,862.00,32.00,689.00,32.57,688.93,0.575,-0.068,0.579
922.00,862.00,32.00,689.00,32.57,688.93,0.575,-0.068,0.579
298.00,863.00,32.00,689.00,32.57,688.94,0.567,-0.061,0.571
1203.00,863.00,32.00,689.00,32.57,688.93,0.574,-0.068,0.578
912.00,864.00,32.00,689.00,32.57,688.93,0.575,-0.068,0.579
1200.00,864.00,32.00,689.00,32.57,688.93,0.574,-0.068,0.578
1213.00,865.00,32.00,689.00,32.57,688.93,0.574,-0.068,0.578
1218.00,865.00,32.00,689.00,32.57,688.93,0.574,-0.068,0.578
924.00,868.00,32.00,689.00,32.57,688.93,0.575,-0.068,0.579
1198.00,869.00,32.00,689.00,32.57,688.93,0.574,-0.067,0.578
910.00,870.00,32.00,689.00,32.57,688.93,0.575,-0.068,0.579
1203.00,870.00,32.00,689.00,32.57,688.93,0.574,-0.067,0.578
199.00,872.00,32.00,689.00,32.57,688.93,0.571,-0.065,0.575
1205.00,873.00,32.00,689.00,32.57,688.93,0.574,-0.067,0.578
910.00,874.00,32.00,689.00,32.57,688.93,0.575,-0.068,0.579
64.00,878.00,32.00,689.00,32.57,688.93,0.572,-0.066,0.576
63.00,880.00,32.00,689.00,32.57,688.93,0.572,-0.066,0.576
703.00,880.00,32.00,689.00,32.58,688.93,0.575,-0.068,0.579
61.00,883.00,32.00,689.00,32.57,688.93,0.572,-0.067,0.576
68.00,883.00,32.00,689.00,32.57,688.93,0.572,-0.067,0.576
846.00,886.00,32.00,689.00,32.57,688.93,0.575,-0.067,0.579
276.00,887.00,37.00,690.00,32.57,688.93,-4.432,-1.066,4.559
694.00,887.00,32.00,689.00,32.58,688.93,0.575,-0.067,0.579
98.00,889.00,32.00,689.00,32.57,688.93,0.572,-0.067,0.576
887.00,889.00,32.00,689.00,32.57,688.93,0.575,-0.067,0.579
890.00,889.00,32.00,689.00,32.57,688.93,0.575,-0.067,0.579
699.00,890.00,32.00,689.00,32.58,688.93,0.575,-0.067,0.579
894.00,890.00,32.00,689.00,32.57,688.93,0.575,-0.067,0.579
889.00,891.00,32.00,689.00,32.57,688.93,0.575,-0.067,0.579
795.00,892.00,32.00,689.00,32.57,688.93,0.575,-0.067,0.579
1026.00,892.00,32.00,689.00,32.57,688.93,0.574,-0.067,0.578
886.00,894.00,32.00,689.00,32.57,688.93,0.575,-0.067,0.578
156.00,896.00,32.00,689.00,32.57,688.93,0.571,-0.067,0.575
898.00,896.00,32.00,689.00,32.57,688.93,0.575,-0.067,0.578
900.00,896.00,32.00,689.00,32.57,688.93,0.575,-0.067,0.578
903.00,896.00,32.00,689.00,32.57,688.93,0.575,-0.067,0.578
797.00,897.00,32.00,689.00,32.57,688.93,0.575,-0.067,0.579
801.00,898.00,32.00,689.00,32.57,688.93,0.575,-0.067,0.579
903.00,898.00,32.00,689.00,32.57,688.93,0.575,-0.067,0.578
795.00,899.00,32.00,689.00,32.57,688.93,0.575,-0.067,0.579
837.00,899.00,32.00,689.00,32.57,688.93,0.575,-0.067,0.579
841.00,899.00,32.00,689.00,32.57,688.93,0.575,-0.067,0.579
1007.00,899.00,32.00,689.00,32.57,688.93,0.574,-0.067,0.578
129.00,900.00,32.00,689.00,32.57,688.93,0.572,-0.068,0.576
797.00,900.00,32.00,689.00,32.57,688.93,0.575,-0.067,0.579
834.00,901.00,32.00,689.00,32.57,688.93,0.575,-0.067,0.579
839.00,901.00,32.00,689.00,32.57,688.93,0.575,-0.067,0.579
128.00,902.00,32.00,689.00,32.57,688.93,0.572,-0.068,0.576
1004.00,902.00,32.00,689.00,32.57,688.93,0.574,-0.067,0.578
622.00,903.00,32.00,689.00,32.58,688.93,0.575,-0.066,0.579
625.00,903.00,32.00,689.00,32.58,688.93,0.575,-0.066,0.579
627.00,903.00,32.00,689.00,32.58,688.93,0.575,-0.066,0.579
630.00,903.00,32.00,689.00,32.58,688.93,0.575,-0.066,0.579
828.00,903.00,32.00,689.00,32.57,688.93,0.575,-0.067,0.579
835.00,903.00,32.00,689.00,32.57,688.93,0.575,-0.067,0.579
981.00,903.00,32.00,689.00,32.57,688.93,0.574,-0.067,0.578
620.00,905.00,32.00,689.00,32.58,688.93,0.575,-0.066,0.579
629.00,905.00,32.00,689.00,32.58,688.93,0.575,-0.066,0.579
796.00,905.00,32.00,689.00,32.57,688.93,0.575,-0.067,0.579
801.00,905.00,32.00,689.00,32.57,688.93,0.575,-0.067,0.579
834.00,905.00,32.00,689.00,32.57,688.93,0.575,-0.067,0.579
618.00,906.00,32.00,689.00,32.58,688.93,0.575,-0.066,0.579
624.00,906.00,32.00,689.00,32.58,688.93,0.575,-0.066,0.579
831.00,906.00,32.00,689.00,32.57,688.93,0.575,-0.067,0.579
998.00,906.00,32.00,689.00,32.57,688.93,0.574,-0.067,0.578
622.00,907.00,32.00,689.00,32.58,688.93,0.575,-0.066,0.579
828.00,907.00,32.00,689.00,32.57,688.93,0.575,-0.066,0.579
1001.00,907.00,32.00,689.00,32.57,688.93,0.574,-0.067,0.578
804.00,908.00,32.00,689.00,32.57,688.93,0.575,-0.066,0.579
831.00,908.00,32.00,689.00,32.57,688.93,0.575,-0.066,0.578
1004.00,908.00,32.00,689.00,32.57,688.93,0.574,-0.067,0.578
619.00,909.00,32.00,689.00,32.58,688.93,0.575,-0.066,0.579
1006.00,909.00,32.00,689.00,32.57,688.93,0.574,-0.067,0.578
1203.00,909.00,32.00,689.00,32.57,688.93,0.574,-0.067,0.578
835.00,910.00,32.00,689.00,32.57,688.93,0.575,-0.066,0.578
1207.00,910.00,32.00,689.00,32.57,688.93,0.574,-0.067,0.578
588.00,911.00,32.00,689.00,32.58,688.93,0.576,-0.066,0.579
930.00,911.00,32.00,689.00,32.57,688.93,0.575,-0.066,0.578
1203.00,911.00,32.00,689.00,32.57,688.93,0.574,-0.067,0.578
294.00,912.00,32.00,689.00,32.56,688.92,0.562,-0.076,0.567
591.00,912.00,32.00,689.00,32.58,688.93,0.576,-0.066,0.579
932.00,912.00,32.00,689.00,32.57,688.93,0.574,-0.066,0.578
621.00,913.00,32.00,689.00,32.58,688.93,0.575,-0.066,0.579
927.00,913.00,32.00,689.00,32.57,688.93,0.574,-0.066,0.578
932.00,915.00,32.00,689.00,32.57,688.93,0.574,-0.066,0.578
229.00,917.00,32.00,689.00,32.57,688.93,0.569,-0.071,0.574
235.00,918.00,32.00,689.00,32.57,688.93,0.569,-0.072,0.573
324.00,918.00,32.00,689.00,32.46,688.82,0.457,-0.184,0.492
854.00,918.00,32.00,689.00,32.57,688.93,0.575,-0.066,0.578
858.00,918.00,32.00,689.00,32.57,688.93,0.575,-0.066,0.578
1201.00,918.00,32.00,689.00,32.57,688.93,0.574,-0.067,0.578
228.00,920.00,32.00,689.00,32.57,688.93,0.569,-0.072,0.574
282.00,920.00,32.00,689.00,32.56,688.92,0.564,-0.078,0.569
326.00,920.00,32.00,689.00,28.14,684.15,-3.859,-4.854,6.201
980.00,922.00,32.00,689.00,32.57,688.93,0.574,-0.066,0.578
282.00,923.00,32.00,689.00,32.56,688.92,0.563,-0.080,0.569
854.00,923.00,32.00,689.00,32.57,688.93,0.575,-0.066,0.578
145.00,924.00,32.00,689.00,32.57,688.93,0.571,-0.070,0.576
254.00,924.00,32.00,689.00,32.57,688.92,0.567,-0.075,0.572
275.00,924.00,32.00,689.00,32.56,688.92,0.564,-0.079,0.570
287.00,924.00,32.00,689.00,32.56,688.92,0.561,-0.083,0.567
326.00,924.00,32.00,689.00,32.70,689.09,0.704,0.095,0.711
143.00,925.00,32.00,689.00,32.57,688.93,0.571,-0.070,0.576
238.00,925.00,32.00,689.00,32.57,688.93,0.568,-0.074,0.573
264.00,925.00,32.00,689.00,32.57,688.92,0.566,-0.077,0.571
1201.00,925.00,32.00,689.00,32.57,688.93,0.574,-0.066,0.578
256.00,926.00,32.00,689.00,32.57,688.92,0.567,-0.076,0.572
275.00,926.00,32.00,689.00,32.56,688.92,0.564,-0.080,0.570
278.00,926.00,32.00,689.00,32.56,688.92,0.563,-0.081,0.569
283.00,926.00,32.00,689.00,32.56,688.92,0.562,-0.083,0.568
429.00,926.00,32.00,689.00,32.58,688.94,0.578,-0.062,0.581
1130.00,926.00,32.00,689.00,32.57,688.93,0.574,-0.066,0.578
1205.00,926.00,32.00,689.00,32.57,688.93,0.574,-0.066,0.578
251.00,927.00,32.00,689.00,32.57,688.92,0.567,-0.076,0.572
273.00,928.00,32.00,689.00,32.56,688.92,0.564,-0.081,0.570
1203.00,928.00,32.00,689.00,32.57,688.93,0.574,-0.066,0.578
229.00,929.00,32.00,689.00,32.57,688.93,0.569,-0.074,0.574
253.00,929.00,32.00,689.00,32.57,688.92,0.567,-0.077,0.572
235.00,930.00,32.00,689.00,32.57,688.93,0.568,-0.075,0.573
257.00,930.00,32.00,689.00,32.57,688.92,0.566,-0.078,0.572
1055.00,931.00,32.00,689.00,32.57,688.93,0.574,-0.066,0.578
1131.00,931.00,32.00,689.00,32.57,688.93,0.574,-0.066,0.578
713.00,932.00,32.00,689.00,32.57,688.93,0.575,-0.065,0.579
1057.00,932.00,32.00,689.00,32.57,688.93,0.574,-0.066,0.578
610.00,933.00,32.00,689.00,32.58,688.94,0.575,-0.065,0.579
717.00,934.00,32.00,689.00,32.57,688.93,0.575,-0.065,0.579
927.00,934.00,32.00,689.00,32.57,688.93,0.574,-0.066,0.578
1155.00,934.00,32.00,689.00,32.57,688.93,0.574,-0.066,0.578
258.00,935.00,32.00,689.00,32.57,688.92,0.566,-0.081,0.571
601.00,935.00,32.00,689.00,32.58,688.94,0.575,-0.064,0.579
926.00,936.00,32.00,689.00,32.57,688.93,0.574,-0.066,0.578
160.00,937.00,32.00,689.00,32.57,688.93,0.571,-0.072,0.575
261.00,937.00,32.00,689.00,32.57,688.92,0.565,-0.082,0.571
718.00,937.00,32.00,689.00,32.57,688.93,0.575,-0.065,0.578
1153.00,937.00,32.00,689.00,32.57,688.93,0.574,-0.066,0.578
1163.00,937.00,32.00,689.00,32.57,688.93,0.574,-0.066,0.578
709.00,938.00,32.00,689.00,32.57,688.93,0.575,-0.065,0.578
713.00,938.00,32.00,689.00,32.57,688.93,0.575,-0.065,0.578
845.00,938.00,32.00,689.00,32.57,688.93,0.575,-0.066,0.578
1158.00,938.00,32.00,689.00,32.57,688.93,0.574,-0.066,0.578
258.00,939.00,32.00,689.00,32.57,688.92,0.565,-0.083,0.571
309.00,939.00,32.00,689.00,31.34,686.65,-0.656,-2.354,2.444
602.00,939.00,32.00,689.00,32.58,688.94,0.575,-0.064,0.579
782.00,939.00,32.00,689.00,32.57,688.93,0.575,-0.065,0.578
842.00,939.00,32.00,689.00,32.57,688.93,0.575,-0.065,0.578
710.00,940.00,32.00,689.00,32.57,688.94,0.575,-0.065,0.578
784.00,940.00,32.00,689.00,32.57,688.93,0.575,-0.065,0.578
158.00,941.00,32.00,689.00,32.57,688.93,0.571,-0.073,0.575
162.00,941.00,32.00,689.00,32.57,688.93,0.571,-0.073,0.575
313.00,941.00,32.00,689.00,32.65,689.09,0.654,0.088,0.660
712.00,941.00,32.00,689.00,32.57,688.94,0.575,-0.065,0.578
715.00,941.00,32.00,689.00,32.57,688.94,0.575,-0.065,0.578
717.00,941.00,32.00,689.00,32.57,688.94,0.575,-0.065,0.578
1151.00,941.00,32.00,689.00,32.57,688.93,0.574,-0.066,0.578
1159.00,941.00,32.00,689.00,32.57,688.93,0.574,-0.066,0.578
257.00,942.00,32.00,689.00,32.57,688.92,0.565,-0.084,0.571
1161.00,942.00,32.00,689.00,32.57,688.93,0.574,-0.066,0.578
206.00,943.00,32.00,689.00,32.57,688.92,0.569,-0.076,0.574
261.00,943.00,32.00,689.00,32.56,688.91,0.564,-0.087,0.571
313.00,943.00,32.00,689.00,32.63,689.05,0.634,0.055,0.636
714.00,943.00,32.00,689.00,32.57,688.94,0.575,-0.065,0.578
137.00,944.00,32.00,689.00,32.57,688.93,0.571,-0.072,0.576
162.00,944.00,32.00,689.00,32.57,688.93,0.571,-0.073,0.575
164.00,944.00,32.00,689.00,32.57,688.93,0.571,-0.073,0.575
203.00,944.00,32.00,689.00,32.57,688.92,0.570,-0.076,0.575
255.00,944.00,32.00,689.00,32.57,688.92,0.565,-0.085,0.571
1198.00,944.00,32.00,689.00,32.57,688.93,0.574,-0.066,0.578
624.00,945.00,32.00,689.00,32.58,688.94,0.575,-0.064,0.579
1201.00,945.00,32.00,689.00,32.57,688.93,0.574,-0.066,0.578
122.00,946.00,32.00,689.00,32.57,688.93,0.571,-0.072,0.576
128.00,946.00,32.00,689.00,32.57,688.93,0.571,-0.072,0.576
205.00,946.00,32.00,689.00,32.57,688.92,0.569,-0.076,0.574
260.00,946.00,32.00,689.00,32.56,688.91,0.564,-0.088,0.571
306.00,946.00,32.00,689.00,32.73,689.26,0.726,0.261,0.771
312.00,947.00,32.00,689.00,32.62,689.03,0.618,0.030,0.619
626.00,947.00,32.00,689.00,32.58,688.94,0.575,-0.064,0.579
1133.00,947.00,32.00,689.00,32.57,688.93,0.574,-0.066,0.578
1153.00,947.00,32.00,689.00,32.57,688.93,0.574,-0.066,0.578
1201.00,947.00,32.00,689.00,32.57,688.93,0.574,-0.066,0.578
1135.00,948.00,32.00,689.00,32.57,688.93,0.574,-0.066,0.578
123.00,949.00,32.00,689.00,32.57,688.93,0.571,-0.073,0.576
126.00,949.00,32.00,689.00,32.57,688.93,0.571,-0.073,0.576
130.00,949.00,32.00,689.00,32.57,688.93,0.571,-0.073,0.576
204.00,949.00,32.00,689.00,32.57,688.92,0.569,-0.077,0.575
257.00,949.00,32.00,689.00,32.56,688.91,0.564,-0.089,0.571
553.00,949.00,32.00,689.00,32.58,688.94,0.575,-0.063,0.579
581.00,950.00,32.00,689.00,32.58,688.94,0.575,-0.063,0.579
132.00,951.00,32.00,689.00,32.57,688.93,0.571,-0.073,0.576
456.00,951.00,32.00,689.00,32.58,688.94,0.576,-0.061,0.580
1151.00,951.00,32.00,689.00,32.57,688.93,0.574,-0.066,0.578
421.00,952.00,32.00,689.00,32.58,688.94,0.577,-0.059,0.580
453.00,953.00,32.00,689.00,32.58,688.94,0.576,-0.060,0.580
867.00,955.00,32.00,689.00,32.57,688.93,0.574,-0.065,0.578
412.00,956.00,32.00,689.00,32.58,688.94,0.577,-0.058,0.580
416.00,956.00,32.00,689.00,32.58,688.94,0.577,-0.058,0.580
552.00,956.00,32.00,689.00,32.58,688.94,0.575,-0.063,0.579
929.00,956.00,32.00,689.00,32.57,688.93,0.574,-0.065,0.578
164.00,957.00,32.00,689.00,32.57,688.92,0.570,-0.076,0.575
420.00,957.00,32.00,689.00,32.58,688.94,0.577,-0.058,0.580
1134.00,957.00,32.00,689.00,32.57,688.93,0.574,-0.066,0.578
415.00,958.00,32.00,689.00,32.58,688.94,0.577,-0.058,0.580
543.00,958.00,32.00,689.00,32.58,688.94,0.575,-0.062,0.579
548.00,958.00,32.00,689.00,32.58,688.94,0.575,-0.063,0.579
552.00,958.00,32.00,689.00,32.58,688.94,0.575,-0.063,0.579
902.00,958.00,32.00,689.00,32.57,688.93,0.574,-0.065,0.578
1132.00,958.00,32.00,689.00,32.57,688.93,0.574,-0.066,0.578
1191.00,958.00,32.00,689.00,32.57,688.93,0.574,-0.066,0.578
872.00,959.00,32.00,689.00,32.57,688.93,0.574,-0.065,0.578
935.00,959.00,32.00,689.00,32.57,688.93,0.574,-0.065,0.578
1134.00,959.00,32.00,689.00,32.57,688.93,0.574,-0.066,0.578
414.00,960.00,32.00,689.00,32.58,688.94,0.577,-0.058,0.580
899.00,960.00,32.00,689.00,32.57,688.93,0.574,-0.065,0.578
1130.00,960.00,32.00,689.00,32.57,688.93,0.574,-0.066,0.578
541.00,961.00,32.00,689.00,32.58,688.94,0.575,-0.062,0.579
545.00,961.00,32.00,689.00,32.58,688.94,0.575,-0.062,0.579
554.00,961.00,32.00,689.00,32.58,688.94,0.575,-0.063,0.579
903.00,961.00,32.00,689.00,32.57,688.93,0.574,-0.065,0.578
548.00,962.00,32.00,689.00,32.58,688.94,0.575,-0.062,0.579
550.00,962.00,32.00,689.00,32.58,688.94,0.575,-0.062,0.579
869.00,962.00,32.00,689.00,32.57,688.94,0.574,-0.065,0.578
1129.00,962.00,32.00,689.00,32.57,688.93,0.574,-0.066,0.578
1134.00,962.00,32.00,689.00,32.57,688.93,0.574,-0.066,0.578
413.00,963.00,32.00,689.00,32.58,688.94,0.577,-0.057,0.580
1137.00,963.00,32.00,689.00,32.57,688.93,0.574,-0.066,0.578
285.00,964.00,32.00,689.00,32.40,688.40,0.396,-0.598,0.717
545.00,964.00,32.00,689.00,32.58,688.94,0.575,-0.062,0.579
553.00,964.00,32.00,689.00,32.58,688.94,0.575,-0.062,0.579
235.00,965.00,32.00,689.00,32.57,688.91,0.566,-0.091,0.573
307.00,965.00,32.00,689.00,32.59,688.99,0.594,-0.006,0.594
517.00,965.00,32.00,689.00,32.58,688.94,0.576,-0.062,0.579
898.00,965.00,32.00,689.00,32.57,688.93,0.574,-0.065,0.578
867.00,967.00,32.00,689.00,32.57,688.94,0.574,-0.065,0.578
520.00,968.00,32.00,689.00,32.58,688.94,0.575,-0.062,0.579
550.00,968.00,32.00,689.00,32.58,688.94,0.575,-0.062,0.579
860.00,968.00,32.00,689.00,32.57,688.94,0.574,-0.065,0.578
865.00,968.00,32.00,689.00,32.57,688.94,0.574,-0.065,0.578
1137.00,968.00,32.00,689.00,32.57,688.93,0.574,-0.065,0.578
46.00,970.00,32.00,689.00,32.57,688.93,0.572,-0.073,0.577
50.00,970.00,32.00,689.00,32.57,688.93,0.572,-0.073,0.577
512.00,970.00,32.00,689.00,32.58,688.94,0.576,-0.061,0.579
236.00,971.00,32.00,689.00,32.56,688.90,0.565,-0.097,0.573
518.00,971.00,32.00,689.00,32.58,688.94,0.575,-0.061,0.579
1222.00,971.00,32.00,689.00,32.57,688.93,0.574,-0.066,0.578
505.00,972.00,32.00,689.00,32.58,688.94,0.576,-0.061,0.579
871.00,972.00,32.00,689.00,32.57,688.94,0.574,-0.065,0.578
42.00,973.00,32.00,689.00,32.57,688.93,0.572,-0.073,0.577
850.00,973.00,32.00,689.00,32.57,688.94,0.574,-0.065,0.578
52.00,974.00,32.00,689.00,32.57,688.93,0.572,-0.073,0.577
1193.00,974.00,32.00,689.00,32.57,688.93,0.574,-0.065,0.578
852.00,975.00,32.00,689.00,32.57,688.94,0.574,-0.065,0.578
873.00,975.00,32.00,689.00,32.57,688.94,0.574,-0.065,0.578
51.00,976.00,32.00,689.00,32.57,688.93,0.572,-0.073,0.577
1189.00,977.00,32.00,689.00,32.57,688.93,0.574,-0.065,0.578
850.00,978.00,32.00,689.00,32.57,688.94,0.574,-0.064,0.578
1187.00,978.00,32.00,689.00,32.57,688.93,0.574,-0.065,0.578
857.00,979.00,32.00,689.00,32.57,688.94,0.574,-0.064,0.578
865.00,979.00,32.00,689.00,32.57,688.94,0.574,-0.065,0.578
1195.00,979.00,32.00,689.00,32.57,688.93,0.574,-0.065,0.578
327.00,980.00,32.00,689.00,32.58,688.96,0.581,-0.039,0.582
859.00,980.00,32.00,689.00,32.57,688.94,0.574,-0.064,0.578
867.00,980.00,32.00,689.00,32.57,688.94,0.574,-0.065,0.578
855.00,981.00,32.00,689.00,32.57,688.94,0.574,-0.064,0.578
873.00,981.00,32.00,689.00,32.57,688.94,0.574,-0.065,0.578
323.00,982.00,32.00,689.00,32.58,688.96,0.581,-0.037,0.583
326.00,982.00,32.00,689.00,32.58,688.96,0.581,-0.039,0.582
328.00,984.00,32.00,689.00,32.58,688.96,0.581,-0.040,0.582
574.00,985.00,32.00,689.00,32.58,688.94,0.575,-0.062,0.578
227.00,986.00,32.00,689.00,32.56,688.89,0.564,-0.106,0.574
330.00,986.00,32.00,689.00,32.58,688.96,0.580,-0.041,0.582
360.00,986.00,32.00,689.00,32.58,688.95,0.578,-0.050,0.580
189.00,987.00,32.00,689.00,32.57,688.91,0.569,-0.088,0.575
574.00,987.00,32.00,689.00,32.58,688.94,0.575,-0.062,0.578
229.00,988.00,32.00,689.00,32.56,688.89,0.563,-0.111,0.574
363.00,988.00,32.00,689.00,32.58,688.95,0.578,-0.050,0.580
570.00,988.00,32.00,689.00,32.58,688.94,0.575,-0.062,0.578
74.00,989.00,32.00,689.00,32.57,688.92,0.572,-0.076,0.577
187.00,989.00,32.00,689.00,32.57,688.91,0.569,-0.088,0.576
360.00,989.00,32.00,689.00,32.58,688.95,0.578,-0.050,0.580
358.00,990.00,32.00,689.00,32.58,688.95,0.578,-0.049,0.580
565.00,990.00,32.00,689.00,32.58,688.94,0.575,-0.061,0.578
1048.00,990.00,32.00,689.00,32.57,688.94,0.574,-0.065,0.578
179.00,991.00,32.00,689.00,32.57,688.91,0.569,-0.087,0.576
182.00,991.00,32.00,689.00,32.57,688.91,0.569,-0.088,0.576
233.00,991.00,32.00,689.00,32.56,688.88,0.561,-0.122,0.574
231.00,992.00,32.00,689.00,32.56,688.88,0.561,-0.121,0.574
529.00,992.00,32.00,689.00,32.58,688.94,0.575,-0.061,0.578
828.00,992.00,32.00,689.00,32.57,688.94,0.574,-0.064,0.578
840.00,992.00,32.00,689.00,32.57,688.94,0.574,-0.064,0.578
848.00,992.00,32.00,689.00,32.57,688.94,0.574,-0.064,0.578
228.00,993.00,32.00,689.00,32.56,688.88,0.562,-0.118,0.574
359.00,993.00,32.00,689.00,32.58,688.95,0.578,-0.049,0.580
1047.00,993.00,32.00,689.00,32.57,688.94,0.574,-0.065,0.578
698.00,994.00,32.00,689.00,32.57,688.94,0.575,-0.063,0.578
835.00,994.00,32.00,689.00,32.57,688.94,0.574,-0.064,0.578
51.00,995.00,32.00,689.00,32.57,688.92,0.572,-0.075,0.577
830.00,995.00,32.00,689.00,32.57,688.94,0.574,-0.064,0.578
837.00,995.00,32.00,689.00,32.57,688.94,0.574,-0.064,0.578
189.00,996.00,32.00,689.00,32.57,688.91,0.568,-0.092,0.576
531.00,996.00,32.00,689.00,32.58,688.94,0.575,-0.060,0.578
1204.00,996.00,32.00,689.00,32.57,688.93,0.574,-0.065,0.578
90.00,997.00,32.00,689.00,32.57,688.92,0.571,-0.078,0.577
55.00,998.00,32.00,689.00,32.57,688.92,0.572,-0.076,0.577
228.00,999.00,32.00,689.00,32.56,688.87,0.560,-0.131,0.575
527.00,999.00,32.00,689.00,32.58,688.94,0.575,-0.060,0.578
697.00,999.00,32.00,689.00,32.57,688.94,0.575,-0.063,0.578
1204.00,999.00,32.00,689.00,32.57,688.93,0.574,-0.065,0.578
528.00,1001.00,32.00,689.00,32.58,688.94,0.575,-0.060,0.578
1207.00,1001.00,32.00,689.00,32.57,688.93,0.574,-0.065,0.578
51.00,1002.00,32.00,689.00,32.57,688.92,0.572,-0.076,0.577
222.00,1004.00,32.00,689.00,32.56,688.87,0.561,-0.130,0.576
735.00,1004.00,32.00,689.00,32.57,688.94,0.575,-0.063,0.578
211.00,1006.00,32.00,689.00,32.56,688.88,0.564,-0.116,0.576
87.00,1007.00,32.00,689.00,32.57,688.92,0.571,-0.079,0.577
87.00,1009.00,32.00,689.00,32.57,688.92,0.571,-0.079,0.577
208.00,1009.00,32.00,689.00,32.56,688.88,0.564,-0.117,0.576
222.00,1009.00,32.00,689.00,32.56,688.86,0.559,-0.145,0.578
736.00,1009.00,32.00,689.00,32.57,688.94,0.574,-0.063,0.578
206.00,1010.00,32.00,689.00,32.56,688.88,0.565,-0.116,0.576
219.00,1011.00,32.00,689.00,32.56,688.86,0.560,-0.142,0.578
334.00,1011.00,32.00,689.00,32.58,688.96,0.578,-0.044,0.580
363.00,1011.00,32.00,689.00,32.58,688.95,0.577,-0.050,0.579
372.00,1011.00,32.00,689.00,32.58,688.95,0.577,-0.051,0.579
1230.00,1011.00,32.00,689.00,32.57,688.94,0.574,-0.065,0.578
734.00,1012.00,32.00,689.00,32.57,688.94,0.574,-0.063,0.578
739.00,1012.00,32.00,689.00,32.57,688.94,0.574,-0.063,0.578
209.00,1013.00,32.00,689.00,32.56,688.87,0.563,-0.126,0.577
375.00,1013.00,32.00,689.00,32.58,688.95,0.577,-0.051,0.579
363.00,1014.00,32.00,689.00,32.58,688.95,0.577,-0.050,0.579
992.00,1014.00,32.00,689.00,32.57,688.94,0.574,-0.064,0.578
1190.00,1014.00,32.00,689.00,32.57,688.94,0.574,-0.065,0.578
369.00,1015.00,32.00,689.00,32.58,688.95,0.577,-0.051,0.579
373.00,1016.00,32.00,689.00,32.58,688.95,0.577,-0.051,0.579
741.00,1016.00,32.00,689.00,32.57,688.94,0.574,-0.063,0.578
1029.00,1017.00,32.00,689.00,32.57,688.94,0.574,-0.064,0.578
554.00,1019.00,32.00,689.00,32.57,688.94,0.575,-0.060,0.578
558.00,1019.00,32.00,689.00,32.57,688.94,0.575,-0.060,0.578
550.00,1020.00,32.00,689.00,32.57,688.94,0.575,-0.060,0.578
552.00,1020.00,32.00,689.00,32.57,688.94,0.575,-0.060,0.578
995.00,1020.00,32.00,689.00,32.57,688.94,0.574,-0.064,0.578
1123.00,1020.00,32.00,689.00,32.57,688.94,0.574,-0.065,0.578
557.00,1021.00,32.00,689.00,32.57,688.94,0.575,-0.060,0.578
998.00,1021.00,32.00,689.00,32.57,688.94,0.574,-0.064,0.578
185.00,1022.00,32.00,689.00,32.57,688.89,0.567,-0.110,0.577
554.00,1022.00,32.00,689.00,32.57,688.94,0.575,-0.060,0.578
644.00,1022.00,32.00,689.00,32.57,688.94,0.575,-0.062,0.578
646.00,1023.00,32.00,689.00,32.57,688.94,0.575,-0.062,0.578
1028.00,1023.00,32.00,689.00,32.57,688.94,0.574,-0.064,0.578
556.00,1024.00,32.00,689.00,32.57,688.94,0.575,-0.060,0.578
182.00,1025.00,32.00,689.00,32.57,688.89,0.567,-0.111,0.577
187.00,1025.00,32.00,689.00,32.57,688.88,0.566,-0.116,0.578
554.00,1025.00,32.00,689.00,32.57,688.94,0.575,-0.060,0.578
1026.00,1025.00,32.00,689.00,32.57,688.94,0.574,-0.064,0.578
106.00,1026.00,32.00,689.00,32.57,688.92,0.571,-0.085,0.577
1032.00,1027.00,32.00,689.00,32.57,688.94,0.574,-0.064,0.578
166.00,1028.00,32.00,689.00,32.57,688.90,0.568,-0.103,0.577
710.00,1028.00,32.00,689.00,32.57,688.94,0.574,-0.062,0.578
917.00,1028.00,32.00,689.00,32.57,688.94,0.574,-0.064,0.578
191.00,1029.00,32.00,689.00,32.56,688.87,0.565,-0.127,0.579
193.00,1030.00,32.00,689.00,32.56,688.87,0.564,-0.132,0.579
1023.00,1030.00,32.00,689.00,32.57,688.94,0.574,-0.064,0.578
916.00,1031.00,32.00,689.00,32.57,688.94,0.574,-0.064,0.578
705.00,1032.00,32.00,689.00,32.57,688.94,0.574,-0.062,0.578
184.00,1033.00,32.00,689.00,32.57,688.88,0.565,-0.123,0.579
241.00,1033.00,32.00,689.00,32.60,689.10,0.598,0.098,0.606
622.00,1034.00,32.00,689.00,32.57,688.94,0.575,-0.061,0.578
708.00,1035.00,32.00,689.00,32.57,688.94,0.574,-0.062,0.578
234.00,1036.00,32.00,689.00,32.61,689.17,0.608,0.174,0.633
241.00,1036.00,32.00,689.00,32.59,689.08,0.594,0.075,0.599
779.00,1038.00,32.00,689.00,32.57,688.94,0.574,-0.063,0.578
709.00,1039.00,32.00,689.00,32.57,688.94,0.574,-0.062,0.578
369.00,1040.00,32.00,689.00,32.58,688.95,0.576,-0.050,0.578
145.00,1041.00,37.00,690.00,32.57,688.90,-4.431,-1.101,4.566
217.00,1041.00,32.00,689.00,32.43,687.90,0.432,-1.104,1.185
740.00,1041.00,32.00,689.00,32.57,688.94,0.574,-0.062,0.578
781.00,1043.00,32.00,689.00,32.57,688.94,0.574,-0.062,0.578
207.00,1045.00,32.00,689.00,32.54,688.64,0.535,-0.358,0.644
211.00,1045.00,32.00,689.00,32.50,688.40,0.504,-0.595,0.780
204.00,1046.00,32.00,689.00,32.54,688.70,0.543,-0.304,0.622
218.00,1046.00,32.00,689.00,32.69,689.81,0.689,0.813,1.066
666.00,1046.00,32.00,689.00,32.57,688.94,0.574,-0.061,0.578
669.00,1047.00,32.00,689.00,32.57,688.94,0.574,-0.061,0.578
209.00,1048.00,32.00,689.00,32.49,688.31,0.494,-0.687,0.846
363.00,1048.00,32.00,689.00,32.58,688.95,0.576,-0.049,0.578
366.00,1048.00,32.00,689.00,32.58,688.95,0.576,-0.050,0.578
206.00,1049.00,32.00,689.00,32.52,688.52,0.521,-0.484,0.711
215.00,1049.00,32.00,689.00,32.70,689.95,0.704,0.952,1.184
369.00,1049.00,32.00,689.00,32.58,688.95,0.576,-0.050,0.578
667.00,1049.00,32.00,689.00,32.57,688.94,0.574,-0.061,0.578
1163.00,1049.00,32.00,689.00,32.57,688.94,0.574,-0.064,0.578
1166.00,1049.00,32.00,689.00,32.57,688.94,0.574,-0.064,0.578
1168.00,1050.00,32.00,689.00,32.57,688.94,0.574,-0.064,0.578
214.00,1051.00,32.00,689.00,32.67,689.73,0.674,0.732,0.995
639.00,1052.00,32.00,689.00,32.57,688.94,0.575,-0.061,0.578
1169.00,1052.00,32.00,689.00,32.57,688.94,0.574,-0.064,0.578
208.00,1053.00,32.00,689.00,32.18,685.76,0.183,-3.240,3.245
215.00,1053.00,32.00,689.00,32.63,689.38,0.628,0.378,0.733
1165.00,1053.00,32.00,689.00,32.57,688.94,0.574,-0.064,0.578
1169.00,1054.00,32.00,689.00,32.57,688.94,0.574,-0.064,0.578
661.00,1055.00,32.00,689.00,32.57,688.94,0.574,-0.061,0.578
1168.00,1056.00,32.00,689.00,32.57,688.94,0.574,-0.064,0.578
639.00,1065.00,32.00,689.00,32.57,688.94,0.574,-0.060,0.578
852.00,1077.00,32.00,689.00,32.57,688.94,0.574,-0.062,0.578
448.00,1078.00,32.00,689.00,32.57,688.95,0.575,-0.055,0.578
454.00,1079.00,32.00,689.00,32.57,688.94,0.575,-0.055,0.578
452.00,1081.00,32.00,689.00,32.57,688.94,0.575,-0.055,0.578
454.00,1081.00,32.00,689.00,32.57,688.94,0.575,-0.055,0.578
447.00,1083.00,32.00,689.00,32.57,688.95,0.575,-0.055,0.578
456.00,1083.00,32.00,689.00,32.57,688.94,0.575,-0.055,0.578
450.00,1084.00,32.00,689.00,32.57,688.95,0.575,-0.055,0.577
453.00,1084.00,32.00,689.00,32.57,688.94,0.575,-0.055,0.578
621.00,1084.00,32.00,689.00,32.57,688.94,0.574,-0.060,0.578
460.00,1085.00,32.00,689.00,32.57,688.94,0.575,-0.055,0.577
616.00,1085.00,32.00,689.00,32.57,688.94,0.574,-0.060,0.578
1161.00,1085.00,32.00,689.00,32.57,688.94,0.574,-0.064,0.578
534.00,1086.00,32.00,689.00,32.57,688.94,0.575,-0.058,0.577
858.00,1086.00,32.00,689.00,32.57,688.94,0.574,-0.062,0.578
460.00,1087.00,32.00,689.00,32.57,688.94,0.575,-0.055,0.577
540.00,1087.00,32.00,689.00,32.57,688.94,0.575,-0.058,0.577
855.00,1087.00,32.00,689.00,32.57,688.94,0.574,-0.062,0.578
1162.00,1090.00,32.00,689.00,32.57,688.94,0.574,-0.064,0.578
551.00,1091.00,32.00,689.00,32.57,688.94,0.575,-0.058,0.577
1160.00,1091.00,32.00,689.00,32.57,688.94,0.574,-0.064,0.578
344.00,1092.00,32.00,689.00,32.58,688.95,0.576,-0.047,0.577
348.00,1093.00,32.00,689.00,32.58,688.95,0.575,-0.047,0.577
539.00,1093.00,32.00,689.00,32.57,688.94,0.575,-0.058,0.577
1161.00,1093.00,32.00,689.00,32.57,688.94,0.574,-0.064,0.578
535.00,1095.00,32.00,689.00,32.57,688.94,0.575,-0.058,0.577
820.00,1096.00,32.00,689.00,32.57,688.94,0.574,-0.062,0.577
987.00,1096.00,32.00,689.00,32.57,688.94,0.574,-0.063,0.578
344.00,1097.00,32.00,689.00,32.58,688.95,0.575,-0.047,0.577
538.00,1097.00,32.00,689.00,32.57,688.94,0.575,-0.058,0.577
544.00,1097.00,32.00,689.00,32.57,688.94,0.575,-0.058,0.577
552.00,1097.00,32.00,689.00,32.57,688.94,0.575,-0.058,0.577
540.00,1098.00,32.00,689.00,32.57,688.94,0.575,-0.058,0.577
821.00,1099.00,32.00,689.00,32.57,688.94,0.574,-0.062,0.577
829.00,1099.00,32.00,689.00,32.57,688.94,0.574,-0.062,0.577
986.00,1100.00,32.00,689.00,32.57,688.94,0.574,-0.063,0.578
989.00,1100.00,32.00,689.00,32.57,688.94,0.574,-0.063,0.578
540.00,1101.00,32.00,689.00,32.57,688.94,0.575,-0.058,0.577
1161.00,1101.00,32.00,689.00,32.57,688.94,0.574,-0.063,0.578
1163.00,1102.00,32.00,689.00,32.57,688.94,0.574,-0.063,0.578
1158.00,1104.00,32.00,689.00,32.57,688.94,0.574,-0.063,0.578
1161.00,1104.00,32.00,689.00,32.57,688.94,0.574,-0.063,0.578
986.00,1105.00,32.00,689.00,32.57,688.94,0.574,-0.063,0.577
1161.00,1106.00,32.00,689.00,32.57,688.94,0.574,-0.063,0.578
1016.00,1107.00,32.00,689.00,32.57,688.94,0.574,-0.063,0.577
1010.00,1108.00,32.00,689.00,32.57,688.94,0.574,-0.063,0.577
438.00,1109.00,32.00,689.00,32.57,688.95,0.575,-0.054,0.577
1014.00,1110.00,32.00,689.00,32.57,688.94,0.574,-0.063,0.577
437.00,1111.00,32.00,689.00,32.57,688.95,0.575,-0.054,0.577
1017.00,1112.00,32.00,689.00,32.57,688.94,0.574,-0.063,0.577
439.00,1113.00,32.00,689.00,32.57,688.95,0.575,-0.054,0.577
1011.00,1113.00,32.00,689.00,32.57,688.94,0.574,-0.063,0.577
1025.00,1113.00,32.00,689.00,32.57,688.94,0.574,-0.063,0.577
1020.00,1114.00,32.00,689.00,32.57,688.94,0.574,-0.063,0.577
1023.00,1114.00,32.00,689.00,32.57,688.94,0.574,-0.063,0.577
1007.00,1115.00,32.00,689.00,32.57,688.94,0.574,-0.063,0.577
1087.00,1115.00,32.00,689.00,32.57,688.94,0.574,-0.063,0.577
1093.00,1115.00,32.00,689.00,32.57,688.94,0.574,-0.063,0.577
1095.00,1115.00,32.00,689.00,32.57,688.94,0.574,-0.063,0.577
333.00,1116.00,32.00,689.00,32.58,688.95,0.575,-0.046,0.577
838.00,1116.00,32.00,689.00,32.57,688.94,0.574,-0.061,0.577
847.00,1116.00,32.00,689.00,32.57,688.94,0.574,-0.062,0.577
1012.00,1116.00,32.00,689.00,32.57,688.94,0.574,-0.063,0.577
1021.00,1116.00,32.00,689.00,32.57,688.94,0.574,-0.063,0.577
834.00,1117.00,32.00,689.00,32.57,688.94,0.574,-0.061,0.577
903.00,1117.00,32.00,689.00,32.57,688.94,0.574,-0.062,0.577
1016.00,1117.00,32.00,689.00,32.57,688.94,0.574,-0.063,0.577
1091.00,1117.00,32.00,689.00,32.57,688.94,0.574,-0.063,0.577
851.00,1118.00,32.00,689.00,32.57,688.94,0.574,-0.062,0.577
905.00,1118.00,32.00,689.00,32.57,688.94,0.574,-0.062,0.577
907.00,1118.00,32.00,689.00,32.57,688.94,0.574,-0.062,0.577
1057.00,1118.00,32.00,689.00,32.57,688.94,0.574,-0.063,0.577
1064.00,1118.00,32.00,689.00,32.57,688.94,0.574,-0.063,0.577
1095.00,1118.00,32.00,689.00,32.57,688.94,0.574,-0.063,0.577
327.00,1119.00,32.00,689.00,32.58,688.95,0.575,-0.045,0.577
534.00,1119.00,32.00,689.00,32.57,688.94,0.574,-0.057,0.577
1055.00,1119.00,32.00,689.00,32.57,688.94,0.574,-0.063,0.577
536.00,1120.00,32.00,689.00,32.57,688.94,0.574,-0.057,0.577
837.00,1120.00,32.00,689.00,32.57,688.94,0.574,-0.061,0.577
1026.00,1120.00,32.00,689.00,32.57,688.94,0.574,-0.063,0.577
1090.00,1120.00,32.00,689.00,32.57,688.94,0.574,-0.063,0.577
1095.00,1120.00,32.00,689.00,32.57,688.94,0.574,-0.063,0.577
835.00,1121.00,32.00,689.00,32.57,688.94,0.574,-0.061,0.577
1032.00,1121.00,32.00,689.00,32.57,688.94,0.574,-0.063,0.577
1100.00,1121.00,32.00,689.00,32.57,688.94,0.574,-0.063,0.577
334.00,1122.00,32.00,689.00,32.58,688.95,0.575,-0.046,0.577
1063.00,1122.00,32.00,689.00,32.57,688.94,0.574,-0.063,0.577
1096.00,1122.00,32.00,689.00,32.57,688.94,0.574,-0.063,0.577
535.00,1123.00,32.00,689.00,32.57,688.94,0.574,-0.057,0.577
830.00,1123.00,32.00,689.00,32.57,688.94,0.574,-0.061,0.577
840.00,1123.00,32.00,689.00,32.57,688.94,0.574,-0.061,0.577
856.00,1123.00,32.00,689.00,32.57,688.94,0.574,-0.062,0.577
1016.00,1124.00,32.00,689.00,32.57,688.94,0.574,-0.062,0.577
1024.00,1124.00,32.00,689.00,32.57,688.94,0.574,-0.063,0.577
1066.00,1124.00,32.00,689.00,32.57,688.94,0.574,-0.063,0.577
835.00,1125.00,32.00,689.00,32.57,688.94,0.574,-0.061,0.577
928.00,1125.00,32.00,689.00,32.57,688.94,0.574,-0.062,0.577
1020.00,1126.00,32.00,689.00,32.57,688.94,0.574,-0.062,0.577
928.00,1127.00,32.00,689.00,32.57,688.94,0.574,-0.062,0.577
1027.00,1127.00,32.00,689.00,32.57,688.94,0.574,-0.062,0.577
68.00,1128.00,32.00,689.00,32.57,688.88,0.570,-0.120,0.583
832.00,1128.00,32.00,689.00,32.57,688.94,0.574,-0.061,0.577
1066.00,1128.00,32.00,689.00,32.57,688.94,0.574,-0.063,0.577
1019.00,1130.00,32.00,689.00,32.57,688.94,0.574,-0.062,0.577
1032.00,1130.00,32.00,689.00,32.57,688.94,0.574,-0.062,0.577
864.00,1131.00,32.00,689.00,32.57,688.94,0.574,-0.061,0.577
918.00,1132.00,32.00,689.00,32.57,688.94,0.574,-0.062,0.577
931.00,1132.00,32.00,689.00,32.57,688.94,0.574,-0.062,0.577
1028.00,1133.00,32.00,689.00,32.57,688.94,0.574,-0.062,0.577
71.00,1134.00,32.00,689.00,32.57,688.87,0.570,-0.129,0.584
1023.00,1134.00,32.00,689.00,32.57,688.94,0.574,-0.062,0.577
912.00,1135.00,32.00,689.00,32.57,688.94,0.574,-0.062,0.577
920.00,1135.00,32.00,689.00,32.57,688.94,0.574,-0.062,0.577
1031.00,1135.00,32.00,689.00,32.57,688.94,0.574,-0.062,0.577
870.00,1136.00,32.00,689.00,32.57,688.94,0.574,-0.061,0.577
916.00,1137.00,32.00,689.00,32.57,688.94,0.574,-0.062,0.577
908.00,1138.00,32.00,689.00,32.57,688.94,0.574,-0.062,0.577
923.00,1138.00,32.00,689.00,32.57,688.94,0.574,-0.062,0.577
870.00,1139.00,32.00,689.00,32.57,688.94,0.574,-0.061,0.577
874.00,1139.00,32.00,689.00,32.57,688.94,0.574,-0.061,0.577
911.00,1139.00,32.00,689.00,32.57,688.94,0.574,-0.062,0.577
913.00,1139.00,32.00,689.00,32.57,688.94,0.574,-0.062,0.577
53.00,1140.00,37.00,690.00,32.57,688.88,-4.430,-1.120,4.569
908.00,1141.00,32.00,689.00,32.57,688.94,0.574,-0.062,0.577
1089.00,1141.00,32.00,689.00,32.57,688.94,0.574,-0.063,0.577
889.00,1142.00,32.00,689.00,32.57,688.94,0.574,-0.061,0.577
940.00,1142.00,32.00,689.00,32.57,688.94,0.574,-0.062,0.577
1086.00,1142.00,32.00,689.00,32.57,688.94,0.574,-0.063,0.577
54.00,1143.00,37.00,690.00,32.57,688.88,-4.430,-1.123,4.570
60.00,1143.00,37.00,690.00,32.57,688.87,-4.430,-1.128,4.571
835.00,1143.00,32.00,689.00,32.57,688.94,0.574,-0.061,0.577
1086.00,1145.00,32.00,689.00,32.57,688.94,0.574,-0.063,0.577
1088.00,1145.00,32.00,689.00,32.57,688.94,0.574,-0.063,0.577
827.00,1147.00,32.00,689.00,32.57,688.94,0.574,-0.061,0.577
1082.00,1147.00,32.00,689.00,32.57,688.94,0.574,-0.062,0.577
55.00,1148.00,37.00,690.00,32.57,688.87,-4.430,-1.129,4.571
58.00,1148.00,37.00,690.00,32.57,688.87,-4.430,-1.132,4.572
882.00,1148.00,32.00,689.00,32.57,688.94,0.574,-0.061,0.577
53.00,1149.00,37.00,690.00,32.57,688.87,-4.430,-1.128,4.571
994.00,1149.00,32.00,689.00,32.57,688.94,0.574,-0.062,0.577
1136.00,1153.00,32.00,689.00,32.57,688.94,0.574,-0.063,0.577
493.00,1154.00,32.00,689.00,32.57,688.94,0.574,-0.055,0.577
494.00,1157.00,32.00,689.00,32.57,688.94,0.574,-0.055,0.577
533.00,1157.00,32.00,689.00,32.57,688.94,0.574,-0.056,0.577
531.00,1158.00,32.00,689.00,32.57,688.94,0.574,-0.056,0.577
535.00,1158.00,32.00,689.00,32.57,688.94,0.574,-0.056,0.577
492.00,1159.00,32.00,689.00,32.57,688.95,0.574,-0.055,0.577
496.00,1159.00,32.00,689.00,32.57,688.94,0.574,-0.055,0.577
504.00,1159.00,32.00,689.00,32.57,688.94,0.574,-0.055,0.577
447.00,1161.00,32.00,689.00,32.57,688.95,0.574,-0.053,0.577
536.00,1161.00,32.00,689.00,32.57,688.94,0.574,-0.056,0.577
755.00,1161.00,32.00,689.00,32.57,688.94,0.574,-0.060,0.577
1137.00,1161.00,32.00,689.00,32.57,688.94,0.574,-0.063,0.577
753.00,1162.00,32.00,689.00,32.57,688.94,0.574,-0.060,0.577
450.00,1163.00,32.00,689.00,32.57,688.95,0.574,-0.053,0.577
500.00,1163.00,32.00,689.00,32.57,688.94,0.574,-0.055,0.577
533.00,1163.00,32.00,689.00,32.57,688.94,0.574,-0.056,0.577
759.00,1163.00,32.00,689.00,32.57,688.94,0.574,-0.060,0.577
757.00,1164.00,32.00,689.00,32.57,688.94,0.574,-0.060,0.577
1067.00,1165.00,32.00,689.00,32.57,688.94,0.574,-0.062,0.577
1112.00,1165.00,32.00,689.00,32.57,688.94,0.574,-0.062,0.577
754.00,1166.00,32.00,689.00,32.57,688.94,0.574,-0.060,0.577
916.00,1166.00,32.00,689.00,32.57,688.94,0.574,-0.061,0.577
1070.00,1168.00,32.00,689.00,32.57,688.94,0.574,-0.062,0.577
915.00,1169.00,32.00,689.00,32.57,688.94,0.574,-0.061,0.577
924.00,1169.00,32.00,689.00,32.57,688.94,0.574,-0.061,0.577
1108.00,1169.00,32.00,689.00,32.57,688.94,0.574,-0.062,0.577
754.00,1170.00,32.00,689.00,32.57,688.94,0.574,-0.060,0.577
1065.00,1170.00,32.00,689.00,32.57,688.94,0.574,-0.062,0.577
752.00,1171.00,32.00,689.00,32.57,688.94,0.574,-0.060,0.577
1076.00,1171.00,32.00,689.00,32.57,688.94,0.574,-0.062,0.577
756.00,1172.00,32.00,689.00,32.57,688.94,0.574,-0.060,0.577
1063.00,1173.00,32.00,689.00,32.57,688.94,0.574,-0.062,0.577
1073.00,1173.00,32.00,689.00,32.57,688.94,0.574,-0.062,0.577
1108.00,1173.00,32.00,689.00,32.57,688.94,0.574,-0.062,0.577
1111.00,1173.00,32.00,689.00,32.57,688.94,0.574,-0.062,0.577
469.00,1174.00,32.00,689.00,32.57,688.95,0.574,-0.054,0.577
1114.00,1174.00,32.00,689.00,32.57,688.94,0.574,-0.062,0.577
1015.00,1175.00,32.00,689.00,32.57,688.94,0.574,-0.062,0.577
1116.00,1176.00,32.00,689.00,32.57,688.94,0.574,-0.062,0.577
467.00,1177.00,32.00,689.00,32.57,688.95,0.574,-0.054,0.577
1108.00,1177.00,32.00,689.00,32.57,688.94,0.574,-0.062,0.577
784.00,1178.00,32.00,689.00,32.57,688.94,0.574,-0.060,0.577
817.00,1178.00,32.00,689.00,32.57,688.94,0.574,-0.060,0.577
996.00,1178.00,32.00,689.00,32.57,688.94,0.574,-0.062,0.577
1009.00,1178.00,32.00,689.00,32.57,688.94,0.574,-0.062,0.577
788.00,1179.00,32.00,689.00,32.57,688.94,0.574,-0.060,0.577
1015.00,1179.00,32.00,689.00,32.57,688.94,0.574,-0.062,0.577
790.00,1180.00,32.00,689.00,32.57,688.94,0.574,-0.060,0.577
817.00,1180.00,32.00,689.00,32.57,688.94,0.574,-0.060,0.577
995.00,1180.00,32.00,689.00,32.57,688.94,0.574,-0.062,0.577
999.00,1180.00,32.00,689.00,32.57,688.94,0.574,-0.062,0.577
1018.00,1180.00,32.00,689.00,32.57,688.94,0.574,-0.062,0.577
1107.00,1180.00,32.00,689.00,32.57,688.94,0.574,-0.062,0.577
782.00,1181.00,32.00,689.00,32.57,688.94,0.574,-0.060,0.577
787.00,1181.00,32.00,689.00,32.57,688.94,0.574,-0.060,0.577
1037.00,1181.00,32.00,689.00,32.57,688.94,0.574,-0.062,0.577
1041.00,1182.00,32.00,689.00,32.57,688.94,0.574,-0.062,0.577
480.00,1183.00,32.00,689.00,32.57,688.95,0.574,-0.054,0.577
998.00,1183.00,32.00,689.00,32.57,688.94,0.574,-0.062,0.577
1015.00,1183.00,32.00,689.00,32.57,688.94,0.574,-0.062,0.577
1019.00,1183.00,32.00,689.00,32.57,688.94,0.574,-0.062,0.577
1035.00,1183.00,32.00,689.00,32.57,688.94,0.574,-0.062,0.577
815.00,1184.00,32.00,689.00,32.57,688.94,0.574,-0.060,0.577
819.00,1184.00,32.00,689.00,32.57,688.94,0.574,-0.060,0.577
1013.00,1184.00,32.00,689.00,32.57,688.94,0.574,-0.062,0.577
1021.00,1184.00,32.00,689.00,32.57,688.94,0.574,-0.062,0.577
783.00,1185.00,32.00,689.00,32.57,688.94,0.574,-0.060,0.577
788.00,1185.00,32.00,689.00,32.57,688.94,0.574,-0.060,0.577
808.00,1185.00,32.00,689.00,32.57,688.94,0.574,-0.060,0.577
811.00,1185.00,32.00,689.00,32.57,688.94,0.574,-0.060,0.577
1112.00,1185.00,32.00,689.00,32.57,688.94,0.574,-0.062,0.577
785.00,1186.00,32.00,689.00,32.57,688.94,0.574,-0.060,0.577
791.00,1186.00,32.00,689.00,32.57,688.94,0.574,-0.060,0.577
1010.00,1186.00,32.00,689.00,32.57,688.94,0.574,-0.062,0.577
1015.00,1186.00,32.00,689.00,32.57,688.94,0.574,-0.062,0.577
518.00,1187.00,32.00,689.00,32.57,688.94,0.574,-0.055,0.577
789.00,1187.00,32.00,689.00,32.57,688.94,0.574,-0.060,0.577
806.00,1187.00,32.00,689.00,32.57,688.94,0.574,-0.060,0.577
980.00,1187.00,32.00,689.00,32.57,688.94,0.574,-0.061,0.577
983.00,1187.00,32.00,689.00,32.57,688.94,0.574,-0.061,0.577
1021.00,1187.00,32.00,689.00,32.57,688.94,0.574,-0.062,0.577
1037.00,1187.00,32.00,689.00,32.57,688.94,0.574,-0.062,0.577
1040.00,1187.00,32.00,689.00,32.57,688.94,0.574,-0.062,0.577
1017.00,1188.00,32.00,689.00,32.57,688.94,0.574,-0.062,0.577
1019.00,1188.00,32.00,689.00,32.57,688.94,0.574,-0.062,0.577
1125.00,1188.00,32.00,689.00,32.57,688.94,0.574,-0.062,0.577
487.00,1189.00,32.00,689.00,32.57,688.95,0.574,-0.054,0.577
518.00,1189.00,32.00,689.00,32.57,688.94,0.574,-0.055,0.577
765.00,1189.00,32.00,689.00,32.57,688.94,0.574,-0.060,0.577
809.00,1189.00,32.00,689.00,32.57,688.94,0.574,-0.060,0.577
1163.00,1189.00,32.00,689.00,32.57,688.94,0.574,-0.062,0.577
537.00,1190.00,32.00,689.00,32.57,688.94,0.574,-0.056,0.577
813.00,1190.00,32.00,689.00,32.57,688.94,0.574,-0.060,0.577
1015.00,1190.00,32.00,689.00,32.57,688.94,0.574,-0.062,0.577
1127.00,1190.00,32.00,689.00,32.57,688.94,0.574,-0.062,0.577
980.00,1191.00,32.00,689.00,32.57,688.94,0.574,-0.061,0.577
534.00,1192.00,32.00,689.00,32.57,688.94,0.574,-0.056,0.577
539.00,1192.00,32.00,689.00,32.57,688.94,0.574,-0.056,0.577
904.00,1192.00,32.00,689.00,32.57,688.94,0.574,-0.061,0.577
767.00,1193.00,32.00,689.00,32.57,688.94,0.574,-0.060,0.577
895.00,1193.00,32.00,689.00,32.57,688.94,0.574,-0.061,0.577
898.00,1193.00,32.00,689.00,32.57,688.94,0.574,-0.061,0.577
979.00,1193.00,32.00,689.00,32.57,688.94,0.574,-0.061,0.577
1059.00,1193.00,32.00,689.00,32.57,688.94,0.574,-0.062,0.577
518.00,1194.00,32.00,689.00,32.57,688.94,0.574,-0.055,0.577
890.00,1194.00,32.00,689.00,32.57,688.94,0.574,-0.061,0.577
902.00,1194.00,32.00,689.00,32.57,688.94,0.574,-0.061,0.577
912.00,1194.00,32.00,689.00,32.57,688.94,0.574,-0.061,0.577
1087.00,1194.00,32.00,689.00,32.57,688.94,0.574,-0.062,0.577
823.00,1195.00,32.00,689.00,32.57,688.94,0.574,-0.060,0.577
895.00,1195.00,32.00,689.00,32.57,688.94,0.574,-0.061,0.577
521.00,1196.00,32.00,689.00,32.57,688.94,0.574,-0.055,0.577
897.00,1196.00,32.00,689.00,32.57,688.94,0.574,-0.061,0.577
907.00,1196.00,32.00,689.00,32.57,688.94,0.574,-0.061,0.577
1060.00,1196.00,32.00,689.00,32.57,688.94,0.574,-0.062,0.577
1089.00,1196.00,32.00,689.00,32.57,688.94,0.574,-0.062,0.577
518.00,1197.00,32.00,689.00,32.57,688.94,0.574,-0.055,0.577
894.00,1197.00,32.00,689.00,32.57,688.94,0.574,-0.061,0.577
911.00,1197.00,32.00,689.00,32.57,688.94,0.574,-0.061,0.577
1058.00,1197.00,32.00,689.00,32.57,688.94,0.574,-0.062,0.577
1094.00,1197.00,32.00,689.00,32.57,688.94,0.574,-0.062,0.577
1167.00,1197.00,32.00,689.00,32.57,688.94,0.574,-0.062,0.577
823.00,1198.00,32.00,689.00,32.57,688.94,0.574,-0.060,0.577
830.00,1198.00,32.00,689.00,32.57,688.94,0.574,-0.060,0.577
827.00,1199.00,32.00,689.00,32.57,688.94,0.574,-0.060,0.577
834.00,1199.00,32.00,689.00,32.57,688.94,0.574,-0.060,0.577
898.00,1199.00,32.00,689.00,32.57,688.94,0.574,-0.061,0.577
908.00,1199.00,32.00,689.00,32.57,688.94,0.574,-0.061,0.577
1055.00,1199.00,32.00,689.00,32.57,688.94,0.574,-0.062,0.577
1058.00,1199.00,32.00,689.00,32.57,688.94,0.574,-0.062,0.577
754.00,1200.00,32.00,689.00,32.57,688.94,0.574,-0.059,0.577
803.00,1200.00,32.00,689.00,32.57,688.94,0.574,-0.060,0.577
901.00,1200.00,32.00,689.00,32.57,688.94,0.574,-0.061,0.577
1007.00,1200.00,32.00,689.00,32.57,688.94,0.574,-0.061,0.577
1011.00,1200.00,32.00,689.00,32.57,688.94,0.574,-0.061,0.577
1060.00,1200.00,32.00,689.00,32.57,688.94,0.574,-0.062,0.577
1143.00,1200.00,32.00,689.00,32.57,688.94,0.574,-0.062,0.577
821.00,1201.00,32.00,689.00,32.57,688.94,0.574,-0.060,0.577
825.00,1201.00,32.00,689.00,32.57,688.94,0.574,-0.060,0.577
835.00,1201.00,32.00,689.00,32.57,688.94,0.574,-0.060,0.577
830.00,1202.00,32.00,689.00,32.57,688.94,0.574,-0.060,0.577
833.00,1202.00,32.00,689.00,32.57,688.94,0.574,-0.060,0.577
1006.00,1202.00,32.00,689.00,32.57,688.94,0.574,-0.061,0.577
1008.00,1202.00,32.00,689.00,32.57,688.94,0.574,-0.061,0.577
808.00,1203.00,32.00,689.00,32.57,688.94,0.574,-0.060,0.577
897.00,1203.00,32.00,689.00,32.57,688.94,0.574,-0.061,0.577
899.00,1203.00,32.00,689.00,32.57,688.94,0.574,-0.061,0.577
1003.00,1203.00,32.00,689.00,32.57,688.94,0.574,-0.061,0.577
802.00,1204.00,32.00,689.00,32.57,688.94,0.574,-0.060,0.577
814.00,1204.00,32.00,689.00,32.57,688.94,0.574,-0.060,0.577
836.00,1204.00,32.00,689.00,32.57,688.94,0.574,-0.060,0.577
890.00,1204.00,32.00,689.00,32.57,688.94,0.574,-0.061,0.577
40.00,1205.00,32.00,689.00,32.57,688.78,0.568,-0.219,0.609
754.00,1205.00,32.00,689.00,32.57,688.94,0.574,-0.059,0.577
797.00,1205.00,32.00,689.00,32.57,688.94,0.574,-0.060,0.577
820.00,1205.00,32.00,689.00,32.57,688.94,0.574,-0.060,0.577
828.00,1205.00,32.00,689.00,32.57,688.94,0.574,-0.060,0.577
830.00,1205.00,32.00,689.00,32.57,688.94,0.574,-0.060,0.577
1006.00,1205.00,32.00,689.00,32.57,688.94,0.574,-0.061,0.577
745.00,1206.00,32.00,689.00,32.57,688.94,0.574,-0.059,0.577
806.00,1206.00,32.00,689.00,32.57,688.94,0.574,-0.060,0.577
816.00,1206.00,32.00,689.00,32.57,688.94,0.574,-0.060,0.577
833.00,1206.00,32.00,689.00,32.57,688.94,0.574,-0.060,0.577
830.00,1207.00,32.00,689.00,32.57,688.94,0.574,-0.060,0.577
744.00,1208.00,32.00,689.00,32.57,688.94,0.574,-0.059,0.577
746.00,1208.00,32.00,689.00,32.57,688.94,0.574,-0.059,0.577
742.00,1209.00,32.00,689.00,32.57,688.94,0.574,-0.059,0.577
757.00,1209.00,32.00,689.00,32.57,688.94,0.574,-0.059,0.577
836.00,1209.00,32.00,689.00,32.57,688.94,0.574,-0.060,0.577
803.00,1210.00,32.00,689.00,32.57,688.94,0.574,-0.060,0.577
806.00,1210.00,32.00,689.00,32.57,688.94,0.574,-0.060,0.577
1183.00,1210.00,32.00,689.00,32.57,688.94,0.574,-0.062,0.577
743.00,1211.00,32.00,689.00,32.57,688.94,0.574,-0.059,0.577
800.00,1211.00,32.00,689.00,32.57,688.94,0.574,-0.060,0.577
837.00,1211.00,32.00,689.00,32.57,688.94,0.574,-0.060,0.577
824.00,1212.00,32.00,689.00,32.57,688.94,0.574,-0.060,0.577
834.00,1212.00,32.00,689.00,32.57,688.94,0.574,-0.060,0.577
988.00,1212.00,32.00,689.00,32.57,688.94,0.574,-0.061,0.577
219.00,1213.00,32.00,689.00,32.58,688.97,0.575,-0.031,0.576
223.00,1213.00,32.00,689.00,32.58,688.97,0.575,-0.032,0.576
985.00,1213.00,32.00,689.00,32.57,688.94,0.574,-0.061,0.577
738.00,1214.00,32.00,689.00,32.57,688.94,0.574,-0.059,0.577
396.00,1215.00,32.00,689.00,32.57,688.95,0.574,-0.050,0.577
535.00,1215.00,32.00,689.00,32.57,688.94,0.574,-0.055,0.577
1142.00,1215.00,32.00,689.00,32.57,688.94,0.574,-0.062,0.577
398.00,1216.00,32.00,689.00,32.57,688.95,0.574,-0.051,0.577
544.00,1216.00,32.00,689.00,32.57,688.94,0.574,-0.056,0.577
824.00,1216.00,32.00,689.00,32.57,688.94,0.574,-0.060,0.577
829.00,1216.00,32.00,689.00,32.57,688.94,0.574,-0.060,0.577
541.00,1218.00,32.00,689.00,32.57,688.94,0.574,-0.055,0.577
824.00,1219.00,32.00,689.00,32.57,688.94,0.574,-0.060,0.577
229.00,1220.00,32.00,689.00,32.57,688.97,0.575,-0.034,0.576
536.00,1221.00,32.00,689.00,32.57,688.94,0.574,-0.055,0.577
542.00,1221.00,32.00,689.00,32.57,688.94,0.574,-0.055,0.577
1165.00,1221.00,32.00,689.00,32.57,688.94,0.574,-0.062,0.577
226.00,1222.00,32.00,689.00,32.57,688.97,0.575,-0.033,0.576
544.00,1222.00,32.00,689.00,32.57,688.94,0.574,-0.055,0.577
898.00,1222.00,32.00,689.00,32.57,688.94,0.574,-0.060,0.577
916.00,1222.00,32.00,689.00,32.57,688.94,0.574,-0.060,0.577
1167.00,1223.00,32.00,689.00,32.57,688.94,0.574,-0.062,0.577
915.00,1225.00,32.00,689.00,32.57,688.94,0.574,-0.060,0.577
895.00,1227.00,32.00,689.00,32.57,688.94,0.574,-0.060,0.577
905.00,1227.00,32.00,689.00,32.57,688.94,0.574,-0.060,0.577
198.00,1229.00,32.00,689.00,32.58,688.97,0.575,-0.028,0.576
740.00,1229.00,32.00,689.00,32.57,688.94,0.574,-0.059,0.577
40.00,1230.00,32.00,689.00,32.56,688.49,0.559,-0.513,0.759
1157.00,1230.00,32.00,689.00,32.57,688.94,0.574,-0.062,0.577
1164.00,1230.00,32.00,689.00,32.57,688.94,0.574,-0.062,0.577
1167.00,1231.00,32.00,689.00,32.57,688.94,0.574,-0.062,0.577
366.00,1232.00,32.00,689.00,32.57,688.95,0.574,-0.049,0.576
1160.00,1232.00,32.00,689.00,32.57,688.94,0.574,-0.062,0.577
48.00,1233.00,32.00,689.00,32.49,686.30,0.491,-2.703,2.747
394.00,1233.00,32.00,689.00,32.57,688.95,0.574,-0.050,0.576
750.00,1233.00,32.00,689.00,32.57,688.94,0.574,-0.059,0.577
754.00,1233.00,32.00,689.00,32.57,688.94,0.574,-0.059,0.577
37.00,1234.00,32.00,689.00,32.56,688.46,0.559,-0.537,0.775
44.00,1234.00,32.00,689.00,32.54,687.84,0.540,-1.157,1.277
365.00,1234.00,32.00,689.00,32.57,688.95,0.574,-0.049,0.576
392.00,1234.00,32.00,689.00,32.57,688.95,0.574,-0.050,0.576
759.00,1234.00,32.00,689.00,32.57,688.94,0.574,-0.059,0.577
755.00,1235.00,32.00,689.00,32.57,688.94,0.574,-0.059,0.577
55.00,1236.00,32.00,689.00,32.60,689.71,0.598,0.713,0.931
464.00,1236.00,32.00,689.00,32.57,688.95,0.574,-0.053,0.577
440.00,1237.00,32.00,689.00,32.57,688.95,0.574,-0.052,0.577
469.00,1237.00,32.00,689.00,32.57,688.95,0.574,-0.053,0.577
757.00,1237.00,32.00,689.00,32.57,688.94,0.574,-0.059,0.577
745.00,1238.00,32.00,689.00,32.57,688.94,0.574,-0.059,0.577
395.00,1239.00,32.00,689.00,32.57,688.95,0.574,-0.050,0.576
431.00,1239.00,32.00,689.00,32.57,688.95,0.574,-0.052,0.577
442.00,1239.00,32.00,689.00,32.57,688.95,0.574,-0.052,0.577
467.00,1239.00,32.00,689.00,32.57,688.95,0.574,-0.053,0.577
761.00,1239.00,32.00,689.00,32.57,688.94,0.574,-0.059,0.577
49.00,1240.00,32.00,689.00,32.61,690.11,0.609,1.115,1.270
51.00,1240.00,32.00,689.00,32.60,689.78,0.599,0.776,0.980
90.00,1240.00,32.00,689.00,32.58,689.06,0.578,0.061,0.581
393.00,1240.00,32.00,689.00,32.57,688.95,0.574,-0.050,0.576
389.00,1241.00,32.00,689.00,32.57,688.95,0.574,-0.050,0.576
442.00,1241.00,32.00,689.00,32.57,688.95,0.574,-0.052,0.577
466.00,1241.00,32.00,689.00,32.57,688.95,0.574,-0.053,0.577
476.00,1241.00,32.00,689.00,32.57,688.95,0.574,-0.053,0.577
755.00,1241.00,32.00,689.00,32.57,688.94,0.574,-0.059,0.577
838.00,1241.00,32.00,689.00,32.57,688.94,0.574,-0.060,0.577
50.00,1242.00,32.00,689.00,32.60,689.70,0.596,0.697,0.917
54.00,1242.00,32.00,689.00,32.59,689.44,0.589,0.437,0.733
56.00,1242.00,32.00,689.00,32.59,689.36,0.586,0.364,0.690
219.00,1242.00,32.00,689.00,32.57,688.97,0.575,-0.034,0.576
396.00,1242.00,32.00,689.00,32.57,688.95,0.574,-0.050,0.576
459.00,1242.00,32.00,689.00,32.57,688.95,0.574,-0.053,0.577
221.00,1243.00,32.00,689.00,32.57,688.97,0.575,-0.034,0.576
387.00,1243.00,32.00,689.00,32.57,688.95,0.574,-0.050,0.576
645.00,1243.00,32.00,689.00,32.57,688.94,0.574,-0.057,0.577
843.00,1243.00,32.00,689.00,32.57,688.94,0.574,-0.060,0.577
869.00,1243.00,32.00,689.00,32.57,688.94,0.574,-0.060,0.577
54.00,1244.00,32.00,689.00,32.59,689.37,0.586,0.374,0.695
217.00,1244.00,32.00,689.00,32.57,688.97,0.575,-0.033,0.576
423.00,1244.00,32.00,689.00,32.57,688.95,0.574,-0.051,0.576
429.00,1244.00,32.00,689.00,32.57,688.95,0.574,-0.052,0.576
457.00,1244.00,32.00,689.00,32.57,688.95,0.574,-0.053,0.577
464.00,1244.00,32.00,689.00,32.57,688.95,0.574,-0.053,0.577
480.00,1244.00,32.00,689.00,32.57,688.95,0.574,-0.053,0.577
863.00,1244.00,32.00,689.00,32.57,688.94,0.574,-0.060,0.577
871.00,1244.00,32.00,689.00,32.57,688.94,0.574,-0.060,0.577
214.00,1245.00,32.00,689.00,32.57,688.97,0.575,-0.033,0.576
867.00,1245.00,32.00,689.00,32.57,688.94,0.574,-0.060,0.577
89.00,1246.00,32.00,689.00,32.58,689.05,0.577,0.052,0.579
478.00,1246.00,32.00,689.00,32.57,688.95,0.574,-0.053,0.577
843.00,1246.00,32.00,689.00,32.57,688.94,0.574,-0.060,0.577
858.00,1246.00,32.00,689.00,32.57,688.94,0.574,-0.060,0.577
211.00,1247.00,32.00,689.00,32.57,688.97,0.575,-0.032,0.576
393.00,1247.00,32.00,689.00,32.57,688.95,0.574,-0.050,0.576
391.00,1248.00,32.00,689.00,32.57,688.95,0.574,-0.050,0.576
892.00,1248.00,32.00,689.00,32.57,688.94,0.574,-0.060,0.577
425.00,1250.00,32.00,689.00,32.57,688.95,0.574,-0.052,0.576
675.00,1250.00,32.00,689.00,32.57,688.94,0.574,-0.058,0.577
899.00,1250.00,32.00,689.00,32.57,688.94,0.574,-0.060,0.577
420.00,1251.00,32.00,689.00,32.57,688.95,0.574,-0.051,0.576
423.00,1251.00,32.00,689.00,32.57,688.95,0.574,-0.051,0.576
473.00,1252.00,32.00,689.00,32.57,688.95,0.574,-0.053,0.577
652.00,1252.00,32.00,689.00,32.57,688.94,0.574,-0.057,0.577
800.00,1252.00,32.00,689.00,32.57,688.94,0.574,-0.059,0.577
897.00,1252.00,32.00,689.00,32.57,688.94,0.574,-0.060,0.577
994.00,1252.00,32.00,689.00,32.57,688.94,0.574,-0.061,0.577
900.00,1253.00,32.00,689.00,32.57,688.94,0.574,-0.060,0.577
391.00,1254.00,32.00,689.00,32.57,688.95,0.574,-0.050,0.576
483.00,1254.00,32.00,689.00,32.57,688.95,0.574,-0.053,0.577
804.00,1254.00,32.00,689.00,32.57,688.94,0.574,-0.059,0.577
893.00,1254.00,32.00,689.00,32.57,688.94,0.574,-0.060,0.577
478.00,1255.00,32.00,689.00,32.57,688.95,0.574,-0.053,0.577
649.00,1255.00,32.00,689.00,32.57,688.94,0.574,-0.057,0.577
654.00,1256.00,32.00,689.00,32.57,688.94,0.574,-0.057,0.577
807.00,1256.00,32.00,689.00,32.57,688.94,0.574,-0.059,0.577
795.00,1257.00,32.00,689.00,32.57,688.94,0.574,-0.059,0.577
423.00,1258.00,32.00,689.00,32.57,688.95,0.574,-0.051,0.576
472.00,1259.00,32.00,689.00,32.57,688.95,0.574,-0.053,0.577
102.00,1260.00,32.00,689.00,32.58,689.02,0.576,0.015,0.576
415.00,1260.00,32.00,689.00,32.57,688.95,0.574,-0.051,0.576
484.00,1260.00,32.00,689.00,32.57,688.95,0.574,-0.053,0.577
797.00,1260.00,32.00,689.00,32.57,688.94,0.574,-0.059,0.577
423.00,1261.00,32.00,689.00,32.57,688.95,0.574,-0.051,0.576
420.00,1262.00,32.00,689.00,32.57,688.95,0.574,-0.051,0.576
648.00,1262.00,32.00,689.00,32.57,688.94,0.574,-0.057,0.577
656.00,1262.00,32.00,689.00,32.57,688.94,0.574,-0.057,0.577
797.00,1262.00,32.00,689.00,32.57,688.94,0.574,-0.059,0.577
364.00,1263.00,32.00,689.00,32.57,688.95,0.574,-0.049,0.576
417.00,1263.00,32.00,689.00,32.57,688.95,0.574,-0.051,0.576
421.00,1265.00,32.00,689.00,32.57,688.95,0.574,-0.051,0.576
645.00,1265.00,32.00,689.00,32.57,688.94,0.574,-0.057,0.577
367.00,1266.00,32.00,689.00,32.57,688.95,0.574,-0.049,0.576
413.00,1266.00,32.00,689.00,32.57,688.95,0.574,-0.051,0.576
417.00,1266.00,32.00,689.00,32.57,688.95,0.574,-0.051,0.576
1043.00,1266.00,32.00,689.00,32.57,688.94,0.574,-0.061,0.577
365.00,1267.00,32.00,689.00,32.57,688.95,0.574,-0.049,0.576
805.00,1267.00,32.00,689.00,32.57,688.94,0.574,-0.059,0.577
645.00,1268.00,32.00,689.00,32.57,688.94,0.574,-0.057,0.577
763.00,1268.00,32.00,689.00,32.57,688.94,0.574,-0.058,0.577
1043.00,1269.00,32.00,689.00,32.57,688.94,0.574,-0.061,0.577
369.00,1270.00,32.00,689.00,32.57,688.95,0.574,-0.049,0.576
414.00,1270.00,32.00,689.00,32.57,688.95,0.574,-0.051,0.576
766.00,1270.00,32.00,689.00,32.57,688.94,0.574,-0.058,0.577
909.00,1270.00,32.00,689.00,32.57,688.94,0.574,-0.060,0.577
1041.00,1270.00,32.00,689.00,32.57,688.94,0.574,-0.061,0.577
220.00,1272.00,32.00,689.00,32.57,688.96,0.574,-0.036,0.576
226.00,1272.00,32.00,689.00,32.57,688.96,0.574,-0.036,0.576
681.00,1273.00,32.00,689.00,32.57,688.94,0.574,-0.057,0.577
643.00,1274.00,32.00,689.00,32.57,688.94,0.574,-0.057,0.577
419.00,1275.00,32.00,689.00,32.57,688.95,0.574,-0.051,0.576
100.00,1276.00,32.00,689.00,32.58,689.01,0.575,0.007,0.575
675.00,1276.00,32.00,689.00,32.57,688.94,0.574,-0.057,0.577
785.00,1276.00,32.00,689.00,32.57,688.94,0.574,-0.059,0.577
96.00,1277.00,32.00,689.00,32.58,689.01,0.575,0.010,0.576
218.00,1277.00,32.00,689.00,32.57,688.96,0.574,-0.036,0.576
677.00,1278.00,32.00,689.00,32.57,688.94,0.574,-0.057,0.577
74.00,1279.00,32.00,689.00,32.58,689.03,0.576,0.035,0.577
655.00,1281.00,32.00,689.00,32.57,688.94,0.574,-0.057,0.577
602.00,1282.00,32.00,689.00,32.57,688.94,0.574,-0.056,0.577
792.00,1282.00,32.00,689.00,32.57,688.94,0.574,-0.059,0.577
655.00,1284.00,32.00,689.00,32.57,688.94,0.574,-0.057,0.577
95.00,1285.00,32.00,689.00,32.58,689.01,0.575,0.006,0.575
600.00,1285.00,32.00,689.00,32.57,688.94,0.574,-0.056,0.577
815.00,1285.00,32.00,689.00,32.57,688.94,0.574,-0.059,0.577
101.00,1286.00,32.00,689.00,32.58,689.00,0.575,0.001,0.575
389.00,1286.00,32.00,689.00,32.57,688.95,0.574,-0.050,0.576
600.00,1287.00,32.00,689.00,32.57,688.94,0.574,-0.056,0.577
602.00,1287.00,32.00,689.00,32.57,688.94,0.574,-0.056,0.577
790.00,1287.00,32.00,689.00,32.57,688.94,0.574,-0.059,0.577
311.00,1288.00,32.00,689.00,32.57,688.95,0.574,-0.045,0.576
420.00,1289.00,32.00,689.00,32.57,688.95,0.574,-0.051,0.576
539.00,1289.00,32.00,689.00,32.57,688.95,0.574,-0.055,0.577
541.00,1289.00,32.00,689.00,32.57,688.95,0.574,-0.055,0.577
103.00,1290.00,32.00,689.00,32.58,689.00,0.575,-0.002,0.575
425.00,1292.00,32.00,689.00,32.57,688.95,0.574,-0.051,0.576
196.00,1293.00,32.00,689.00,32.57,688.97,0.574,-0.033,0.575
422.00,1293.00,32.00,689.00,32.57,688.95,0.574,-0.051,0.576
317.00,1294.00,32.00,689.00,32.57,688.95,0.574,-0.046,0.576
573.00,1294.00,32.00,689.00,32.57,688.94,0.574,-0.055,0.577
755.00,1294.00,32.00,689.00,32.57,688.94,0.574,-0.058,0.577
630.00,1295.00,32.00,689.00,32.57,688.94,0.574,-0.056,0.577
890.00,1295.00,32.00,689.00,32.57,688.94,0.574,-0.059,0.577
401.00,1296.00,32.00,689.00,32.57,688.95,0.574,-0.050,0.576
657.00,1296.00,32.00,689.00,32.57,688.94,0.574,-0.057,0.577
206.00,1297.00,32.00,689.00,32.57,688.97,0.574,-0.035,0.575
214.00,1297.00,32.00,689.00,32.57,688.96,0.574,-0.036,0.575
396.00,1297.00,32.00,689.00,32.57,688.95,0.574,-0.050,0.576
399.00,1297.00,32.00,689.00,32.57,688.95,0.574,-0.050,0.576
754.00,1297.00,32.00,689.00,32.57,688.94,0.574,-0.058,0.577
888.00,1297.00,32.00,689.00,32.57,688.94,0.574,-0.059,0.577
39.00,1298.00,32.00,689.00,32.58,689.08,0.576,0.082,0.582
48.00,1298.00,32.00,689.00,32.58,689.06,0.576,0.058,0.579
204.00,1298.00,32.00,689.00,32.57,688.97,0.574,-0.034,0.575
570.00,1298.00,32.00,689.00,32.57,688.94,0.574,-0.055,0.577
752.00,1298.00,32.00,689.00,32.57,688.94,0.574,-0.058,0.577
892.00,1298.00,32.00,689.00,32.57,688.94,0.574,-0.059,0.577
895.00,1298.00,32.00,689.00,32.57,688.94,0.574,-0.059,0.577
197.00,1299.00,32.00,689.00,32.57,688.97,0.574,-0.033,0.575
208.00,1299.00,32.00,689.00,32.57,688.96,0.574,-0.035,0.575
565.00,1299.00,32.00,689.00,32.57,688.95,0.574,-0.055,0.577
37.00,1300.00,32.00,689.00,32.58,689.08,0.576,0.083,0.582
573.00,1300.00,32.00,689.00,32.57,688.94,0.574,-0.055,0.577
655.00,1300.00,32.00,689.00,32.57,688.94,0.574,-0.057,0.577
892.00,1300.00,32.00,689.00,32.57,688.94,0.574,-0.059,0.577
71.00,1301.00,32.00,689.00,32.58,689.02,0.575,0.019,0.576
235.00,1301.00,32.00,689.00,32.57,688.96,0.574,-0.039,0.576
889.00,1301.00,32.00,689.00,32.57,688.94,0.574,-0.059,0.577
39.00,1302.00,32.00,689.00,32.58,689.07,0.576,0.073,0.581
43.00,1302.00,32.00,689.00,32.58,689.06,0.576,0.062,0.579
68.00,1302.00,32.00,689.00,32.58,689.02,0.575,0.021,0.576
195.00,1302.00,32.00,689.00,32.57,688.97,0.574,-0.033,0.575
567.00,1302.00,32.00,689.00,32.57,688.95,0.574,-0.055,0.577
657.00,1302.00,32.00,689.00,32.57,688.94,0.574,-0.057,0.577
894.00,1302.00,32.00,689.00,32.57,688.94,0.574,-0.059,0.577
201.00,1303.00,32.00,689.00,32.57,688.97,0.574,-0.034,0.575
565.00,1303.00,32.00,689.00,32.57,688.95,0.574,-0.055,0.577
569.00,1303.00,32.00,689.00,32.57,688.94,0.574,-0.055,0.577
897.00,1303.00,32.00,689.00,32.57,688.94,0.574,-0.059,0.577
924.00,1303.00,32.00,689.00,32.57,688.94,0.574,-0.060,0.577
44.00,1304.00,32.00,689.00,32.58,689.06,0.576,0.057,0.579
69.00,1304.00,32.00,689.00,32.58,689.02,0.575,0.019,0.576
74.00,1304.00,32.00,689.00,32.58,689.01,0.575,0.014,0.575
888.00,1304.00,32.00,689.00,32.57,688.94,0.574,-0.059,0.577
922.00,1304.00,32.00,689.00,32.57,688.94,0.574,-0.060,0.577
205.00,1305.00,32.00,689.00,32.57,688.96,0.574,-0.035,0.575
68.00,1307.00,32.00,689.00,32.58,689.02,0.575,0.017,0.575
228.00,1307.00,32.00,689.00,32.57,688.96,0.574,-0.038,0.575
232.00,1307.00,32.00,689.00,32.57,688.96,0.574,-0.039,0.576
298.00,1307.00,32.00,689.00,32.57,688.96,0.574,-0.045,0.576
889.00,1307.00,32.00,689.00,32.57,688.94,0.574,-0.059,0.577
71.00,1309.00,32.00,689.00,32.58,689.01,0.575,0.013,0.575
76.00,1309.00,32.00,689.00,32.57,689.01,0.575,0.009,0.575
874.00,1309.00,32.00,689.00,32.57,688.94,0.574,-0.059,0.577
572.00,1310.00,32.00,689.00,32.57,688.94,0.574,-0.055,0.577
80.00,1311.00,32.00,689.00,32.57,689.00,0.575,0.005,0.575
511.00,1311.00,32.00,689.00,32.57,688.95,0.574,-0.054,0.576
569.00,1311.00,32.00,689.00,32.57,688.95,0.574,-0.055,0.577
800.00,1311.00,32.00,689.00,32.57,688.94,0.574,-0.058,0.577
73.00,1312.00,32.00,689.00,32.57,689.01,0.575,0.010,0.575
76.00,1312.00,32.00,689.00,32.57,689.01,0.575,0.007,0.575
1196.00,1312.00,32.00,689.00,32.57,688.94,0.574,-0.061,0.577
296.00,1313.00,32.00,689.00,32.57,688.96,0.574,-0.044,0.576
799.00,1313.00,32.00,689.00,32.57,688.94,0.574,-0.058,0.577
862.00,1313.00,32.00,689.00,32.57,688.94,0.574,-0.059,0.577
71.00,1314.00,32.00,689.00,32.57,689.01,0.575,0.010,0.575
82.00,1314.00,32.00,689.00,32.57,689.00,0.575,0.002,0.575
300.00,1314.00,32.00,689.00,32.57,688.96,0.574,-0.045,0.576
425.00,1314.00,32.00,689.00,32.57,688.95,0.574,-0.051,0.576
804.00,1314.00,32.00,689.00,32.57,688.94,0.574,-0.058,0.577
1233.00,1314.00,32.00,689.00,32.57,688.94,0.574,-0.061,0.577
78.00,1315.00,32.00,689.00,32.57,689.00,0.575,0.004,0.575
865.00,1315.00,32.00,689.00,32.57,688.94,0.574,-0.059,0.577
207.00,1316.00,32.00,689.00,32.57,688.96,0.574,-0.036,0.575
250.00,1316.00,43.00,691.00,32.57,688.96,-10.426,-2.041,10.624
202.00,1317.00,32.00,689.00,32.57,688.96,0.574,-0.035,0.575
231.00,1317.00,37.00,690.00,32.57,688.96,-4.426,-1.039,4.546
299.00,1317.00,32.00,689.00,32.57,688.96,0.574,-0.045,0.576
865.00,1317.00,32.00,689.00,32.57,688.94,0.574,-0.059,0.577
874.00,1317.00,32.00,689.00,32.57,688.94,0.574,-0.059,0.577
1233.00,1317.00,32.00,689.00,32.57,688.94,0.574,-0.061,0.577
204.00,1318.00,32.00,689.00,32.57,688.96,0.574,-0.036,0.575
861.00,1318.00,32.00,689.00,32.57,688.94,0.574,-0.059,0.577
83.00,1319.00,32.00,689.00,32.57,689.00,0.575,-0.001,0.575
176.00,1319.00,32.00,689.00,32.57,688.97,0.574,-0.031,0.575
232.00,1319.00,37.00,690.00,32.57,688.96,-4.426,-1.039,4.546
806.00,1319.00,32.00,689.00,32.57,688.94,0.574,-0.058,0.577
75.00,1320.00,32.00,689.00,32.57,689.00,0.575,0.004,0.575
178.00,1320.00,32.00,689.00,32.57,688.97,0.574,-0.032,0.575
550.00,1320.00,32.00,689.00,32.57,688.95,0.574,-0.054,0.576
859.00,1320.00,32.00,689.00,32.57,688.94,0.574,-0.059,0.577
863.00,1320.00,32.00,689.00,32.57,688.94,0.574,-0.059,0.577
807.00,1321.00,32.00,689.00,32.57,688.94,0.574,-0.058,0.577
83.00,1322.00,32.00,689.00,32.57,689.00,0.575,-0.002,0.575
180.00,1322.00,32.00,689.00,32.57,688.97,0.574,-0.032,0.575
771.00,1322.00,32.00,689.00,32.57,688.94,0.574,-0.058,0.577
81.00,1323.00,32.00,689.00,32.57,689.00,0.575,-0.001,0.575
206.00,1323.00,32.00,689.00,32.57,688.96,0.574,-0.036,0.575
69.00,1324.00,32.00,689.00,32.57,689.01,0.575,0.007,0.575
174.00,1324.00,32.00,689.00,32.57,688.97,0.574,-0.031,0.575
178.00,1324.00,32.00,689.00,32.57,688.97,0.574,-0.032,0.575
802.00,1324.00,32.00,689.00,32.57,688.94,0.574,-0.058,0.577
76.00,1325.00,32.00,689.00,32.57,689.00,0.575,0.001,0.575
80.00,1325.00,32.00,689.00,32.57,689.00,0.575,-0.001,0.575
206.00,1325.00,32.00,689.00,32.57,688.96,0.574,-0.036,0.575
870.00,1325.00,32.00,689.00,32.57,688.94,0.574,-0.059,0.577
50.00,1326.00,32.00,689.00,32.57,689.02,0.575,0.023,0.575
209.00,1326.00,32.00,689.00,32.57,688.96,0.574,-0.037,0.575
768.00,1327.00,32.00,689.00,32.57,688.94,0.574,-0.058,0.577
770.00,1327.00,32.00,689.00,32.57,688.94,0.574,-0.058,0.577
44.00,1328.00,32.00,689.00,32.58,689.03,0.575,0.028,0.576
419.00,1328.00,32.00,689.00,32.57,688.95,0.574,-0.051,0.576
53.00,1329.00,32.00,689.00,32.57,689.02,0.575,0.017,0.575
75.00,1329.00,32.00,689.00,32.57,689.00,0.575,0.000,0.575
78.00,1329.00,32.00,689.00,32.57,689.00,0.575,-0.001,0.575
174.00,1329.00,32.00,689.00,32.57,688.97,0.574,-0.032,0.575
206.00,1329.00,32.00,689.00,32.57,688.96,0.574,-0.036,0.575
50.00,1330.00,32.00,689.00,32.57,689.02,0.575,0.020,0.575
420.00,1330.00,32.00,689.00,32.57,688.95,0.574,-0.051,0.576
893.00,1330.00,32.00,689.00,32.57,688.94,0.574,-0.059,0.577
176.00,1331.00,32.00,689.00,32.57,688.97,0.574,-0.032,0.575
775.00,1334.00,32.00,689.00,32.57,688.94,0.574,-0.058,0.577
898.00,1334.00,32.00,689.00,32.57,688.94,0.574,-0.059,0.577
993.00,1334.00,32.00,689.00,32.57,688.94,0.574,-0.060,0.577
439.00,1335.00,32.00,689.00,32.57,688.95,0.574,-0.051,0.576
772.00,1335.00,32.00,689.00,32.57,688.94,0.574,-0.058,0.577
894.00,1335.00,32.00,689.00,32.57,688.94,0.574,-0.059,0.577
990.00,1335.00,32.00,689.00,32.57,688.94,0.574,-0.060,0.577
285.00,1336.00,32.00,689.00,32.57,688.96,0.574,-0.044,0.576
767.00,1336.00,32.00,689.00,32.57,688.94,0.574,-0.058,0.577
899.00,1336.00,32.00,689.00,32.57,688.94,0.574,-0.059,0.577
995.00,1336.00,32.00,689.00,32.57,688.94,0.574,-0.060,0.577
49.00,1337.00,32.00,689.00,32.57,689.02,0.575,0.016,0.575
436.00,1337.00,32.00,689.00,32.57,688.95,0.574,-0.051,0.576
764.00,1337.00,32.00,689.00,32.57,688.94,0.574,-0.058,0.577
983.00,1337.00,32.00,689.00,32.57,688.94,0.574,-0.060,0.577
1004.00,1337.00,32.00,689.00,32.57,688.94,0.574,-0.060,0.577
1124.00,1337.00,32.00,689.00,32.57,688.94,0.574,-0.061,0.577
434.00,1338.00,32.00,689.00,32.57,688.95,0.574,-0.051,0.576
761.00,1338.00,32.00,689.00,32.57,688.94,0.574,-0.058,0.577
775.00,1338.00,32.00,689.00,32.57,688.94,0.574,-0.058,0.577
897.00,1338.00,32.00,689.00,32.57,688.94,0.574,-0.059,0.577
980.00,1338.00,32.00,689.00,32.57,688.94,0.574,-0.060,0.577
985.00,1338.00,32.00,689.00,32.57,688.94,0.574,-0.060,0.577
308.00,1339.00,32.00,689.00,32.57,688.95,0.574,-0.046,0.576
442.00,1339.00,32.00,689.00,32.57,688.95,0.574,-0.051,0.576
988.00,1339.00,32.00,689.00,32.57,688.94,0.574,-0.060,0.577
311.00,1340.00,32.00,689.00,32.57,688.95,0.574,-0.046,0.576
539.00,1340.00,32.00,689.00,32.57,688.95,0.574,-0.054,0.576
773.00,1340.00,32.00,689.00,32.57,688.94,0.574,-0.058,0.577
978.00,1340.00,32.00,689.00,32.57,688.94,0.574,-0.060,0.577
983.00,1340.00,32.00,689.00,32.57,688.94,0.574,-0.060,0.577
986.00,1340.00,32.00,689.00,32.57,688.94,0.574,-0.060,0.577
990.00,1340.00,32.00,689.00,32.57,688.94,0.574,-0.060,0.577
1124.00,1340.00,32.00,689.00,32.57,688.94,0.574,-0.061,0.577
1210.00,1340.00,32.00,689.00,32.57,688.94,0.574,-0.061,0.577
308.00,1341.00,32.00,689.00,32.57,688.95,0.574,-0.046,0.576
761.00,1341.00,32.00,689.00,32.57,688.94,0.574,-0.058,0.577
992.00,1341.00,32.00,689.00,32.57,688.94,0.574,-0.060,0.577
452.00,1342.00,32.00,689.00,32.57,688.95,0.574,-0.052,0.576
847.00,1342.00,32.00,689.00,32.57,688.94,0.574,-0.058,0.577
989.00,1342.00,32.00,689.00,32.57,688.94,0.574,-0.060,0.577
1193.00,1342.00,32.00,689.00,32.57,688.94,0.574,-0.061,0.577
1213.00,1342.00,32.00,689.00,32.57,688.94,0.574,-0.061,0.577
983.00,1343.00,32.00,689.00,32.57,688.94,0.574,-0.060,0.577
997.00,1343.00,32.00,689.00,32.57,688.94,0.574,-0.060,0.577
1018.00,1343.00,32.00,689.00,32.57,688.94,0.574,-0.060,0.577
991.00,1344.00,32.00,689.00,32.57,688.94,0.574,-0.060,0.577
202.00,1345.00,32.00,689.00,32.57,688.96,0.574,-0.036,0.575
844.00,1345.00,32.00,689.00,32.57,688.94,0.574,-0.058,0.577
980.00,1345.00,32.00,689.00,32.57,688.94,0.574,-0.060,0.577
989.00,1345.00,32.00,689.00,32.57,688.94,0.574,-0.060,0.577
206.00,1346.00,32.00,689.00,32.57,688.96,0.574,-0.037,0.575
407.00,1346.00,32.00,689.00,32.57,688.95,0.574,-0.050,0.576
975.00,1346.00,32.00,689.00,32.57,688.94,0.574,-0.060,0.577
1198.00,1346.00,32.00,689.00,32.57,688.94,0.574,-0.061,0.577
766.00,1347.00,32.00,689.00,32.57,688.94,0.574,-0.058,0.577
971.00,1347.00,32.00,689.00,32.57,688.94,0.574,-0.060,0.577
983.00,1347.00,32.00,689.00,32.57,688.94,0.574,-0.060,0.577
1049.00,1347.00,32.00,689.00,32.57,688.94,0.574,-0.060,0.577
1202.00,1347.00,32.00,689.00,32.57,688.94,0.574,-0.061,0.577
209.00,1348.00,32.00,689.00,32.57,688.96,0.574,-0.037,0.575
762.00,1348.00,32.00,689.00,32.57,688.94,0.574,-0.058,0.577
1047.00,1348.00,32.00,689.00,32.57,688.94,0.574,-0.060,0.577
998.00,1349.00,32.00,689.00,32.57,688.94,0.574,-0.060,0.577
1144.00,1349.00,32.00,689.00,32.57,688.94,0.574,-0.061,0.577
209.00,1350.00,32.00,689.00,32.57,688.96,0.574,-0.037,0.575
212.00,1350.00,32.00,689.00,32.57,688.96,0.574,-0.038,0.575
773.00,1350.00,32.00,689.00,32.57,688.94,0.574,-0.058,0.577
1003.00,1350.00,32.00,689.00,32.57,688.94,0.574,-0.060,0.577
1043.00,1350.00,32.00,689.00,32.57,688.94,0.574,-0.060,0.577
1142.00,1350.00,32.00,689.00,32.57,688.94,0.574,-0.061,0.577
207.00,1351.00,32.00,689.00,32.57,688.96,0.574,-0.037,0.575
885.00,1352.00,32.00,689.00,32.57,688.94,0.574,-0.059,0.577
1218.00,1352.00,32.00,689.00,32.57,688.94,0.574,-0.061,0.577
207.00,1353.00,32.00,689.00,32.57,688.96,0.574,-0.037,0.575
745.00,1353.00,32.00,689.00,32.57,688.94,0.574,-0.057,0.577
773.00,1353.00,32.00,689.00,32.57,688.94,0.574,-0.058,0.577
890.00,1353.00,32.00,689.00,32.57,688.94,0.574,-0.059,0.577
1074.00,1354.00,32.00,689.00,32.57,688.94,0.574,-0.060,0.577
741.00,1355.00,32.00,689.00,32.57,688.94,0.574,-0.057,0.577
747.00,1355.00,32.00,689.00,32.57,688.94,0.574,-0.057,0.577
1076.00,1356.00,32.00,689.00,32.57,688.94,0.574,-0.060,0.577
741.00,1357.00,32.00,689.00,32.57,688.94,0.574,-0.057,0.577
743.00,1357.00,32.00,689.00,32.57,688.94,0.574,-0.057,0.577
1068.00,1357.00,32.00,689.00,32.57,688.94,0.574,-0.060,0.577
747.00,1358.00,32.00,689.00,32.57,688.94,0.574,-0.057,0.577
1050.00,1360.00,32.00,689.00,32.57,688.94,0.574,-0.060,0.577
457.00,1361.00,32.00,689.00,32.57,688.95,0.574,-0.052,0.576
450.00,1362.00,32.00,689.00,32.57,688.95,0.574,-0.052,0.576
657.00,1362.00,32.00,689.00,32.57,688.94,0.574,-0.056,0.577
836.00,1362.00,32.00,689.00,32.57,688.94,0.574,-0.058,0.577
1048.00,1362.00,32.00,689.00,32.57,688.94,0.574,-0.060,0.577
1072.00,1362.00,32.00,689.00,32.57,688.94,0.574,-0.060,0.577
653.00,1363.00,32.00,689.00,32.57,688.94,0.574,-0.056,0.577
297.00,1364.00,32.00,689.00,32.57,688.96,0.574,-0.045,0.576
447.00,1364.00,32.00,689.00,32.57,688.95,0.574,-0.051,0.576
649.00,1364.00,32.00,689.00,32.57,688.94,0.574,-0.056,0.577
663.00,1364.00,32.00,689.00,32.57,688.94,0.574,-0.056,0.577
1119.00,1364.00,32.00,689.00,32.57,688.94,0.574,-0.060,0.577
457.00,1365.00,32.00,689.00,32.57,688.95,0.574,-0.052,0.576
656.00,1365.00,32.00,689.00,32.57,688.94,0.574,-0.056,0.577
1039.00,1365.00,32.00,689.00,32.57,688.94,0.574,-0.060,0.577
981.00,1366.00,32.00,689.00,32.57,688.94,0.574,-0.059,0.577
1114.00,1366.00,32.00,689.00,32.57,688.94,0.574,-0.060,0.577
1121.00,1366.00,32.00,689.00,32.57,688.94,0.574,-0.060,0.577
297.00,1367.00,32.00,689.00,32.57,688.95,0.574,-0.045,0.576
421.00,1367.00,32.00,689.00,32.57,688.95,0.574,-0.051,0.576
653.00,1367.00,32.00,689.00,32.57,688.94,0.574,-0.056,0.577
660.00,1367.00,32.00,689.00,32.57,688.94,0.574,-0.056,0.577
1047.00,1367.00,32.00,689.00,32.57,688.94,0.574,-0.060,0.577
1118.00,1367.00,32.00,689.00,32.57,688.94,0.574,-0.060,0.577
440.00,1368.00,32.00,689.00,32.57,688.95,0.574,-0.051,0.576
656.00,1368.00,32.00,689.00,32.57,688.94,0.574,-0.056,0.577
869.00,1368.00,32.00,689.00,32.57,688.94,0.574,-0.058,0.577
982.00,1368.00,32.00,689.00,32.57,688.94,0.574,-0.059,0.577
1045.00,1368.00,32.00,689.00,32.57,688.94,0.574,-0.060,0.577
1164.00,1368.00,32.00,689.00,32.57,688.94,0.574,-0.060,0.577
442.00,1369.00,32.00,689.00,32.57,688.95,0.574,-0.051,0.576
653.00,1369.00,32.00,689.00,32.57,688.94,0.574,-0.056,0.577
891.00,1369.00,32.00,689.00,32.57,688.94,0.574,-0.059,0.577
1115.00,1369.00,32.00,689.00,32.57,688.94,0.574,-0.060,0.577
1166.00,1369.00,32.00,689.00,32.57,688.94,0.574,-0.060,0.577
432.00,1370.00,32.00,689.00,32.57,688.95,0.574,-0.051,0.576
437.00,1370.00,32.00,689.00,32.57,688.95,0.574,-0.051,0.576
861.00,1370.00,32.00,689.00,32.57,688.94,0.574,-0.058,0.577
866.00,1370.00,32.00,689.00,32.57,688.94,0.574,-0.058,0.577
977.00,1370.00,32.00,689.00,32.57,688.94,0.574,-0.059,0.577
1118.00,1370.00,32.00,689.00,32.57,688.94,0.574,-0.060,0.577
1123.00,1370.00,32.00,689.00,32.57,688.94,0.574,-0.060,0.577
1169.00,1370.00,32.00,689.00,32.57,688.94,0.574,-0.060,0.577
1175.00,1370.00,32.00,689.00,32.57,688.94,0.574,-0.061,0.577
1202.00,1370.00,32.00,689.00,32.57,688.94,0.574,-0.061,0.577
426.00,1371.00,32.00,689.00,32.57,688.95,0.574,-0.051,0.576
656.00,1371.00,32.00,689.00,32.57,688.94,0.574,-0.056,0.577
1165.00,1371.00,32.00,689.00,32.57,688.94,0.574,-0.060,0.577
982.00,1372.00,32.00,689.00,32.57,688.94,0.574,-0.059,0.577
636.00,1373.00,32.00,689.00,32.57,688.94,0.574,-0.056,0.576
1103.00,1373.00,32.00,689.00,32.57,688.94,0.574,-0.060,0.577
1113.00,1373.00,32.00,689.00,32.57,688.94,0.574,-0.060,0.577
1202.00,1373.00,32.00,689.00,32.57,688.94,0.574,-0.061,0.577
633.00,1374.00,32.00,689.00,32.57,688.94,0.574,-0.055,0.576
430.00,1375.00,32.00,689.00,32.57,688.95,0.574,-0.051,0.576
976.00,1375.00,32.00,689.00,32.57,688.94,0.574,-0.059,0.577
1109.00,1375.00,32.00,689.00,32.57,688.94,0.574,-0.060,0.577
1111.00,1375.00,32.00,689.00,32.57,688.94,0.574,-0.060,0.577
1199.00,1375.00,32.00,689.00,32.57,688.94,0.574,-0.061,0.577
979.00,1376.00,32.00,689.00,32.57,688.94,0.574,-0.059,0.577
987.00,1376.00,32.00,689.00,32.57,688.94,0.574,-0.059,0.577
1168.00,1376.00,32.00,689.00,32.57,688.94,0.574,-0.060,0.577
856.00,1377.00,32.00,689.00,32.57,688.94,0.574,-0.058,0.577
1215.00,1377.00,32.00,689.00,32.57,688.94,0.574,-0.061,0.577
858.00,1378.00,32.00,689.00,32.57,688.94,0.574,-0.058,0.577
864.00,1378.00,32.00,689.00,32.57,688.94,0.574,-0.058,0.577
867.00,1379.00,32.00,689.00,32.57,688.94,0.574,-0.058,0.577
978.00,1379.00,32.00,689.00,32.57,688.94,0.574,-0.059,0.577
1219.00,1379.00,32.00,689.00,32.57,688.94,0.574,-0.061,0.577
860.00,1380.00,32.00,689.00,32.57,688.94,0.574,-0.058,0.577
976.00,1380.00,32.00,689.00,32.57,688.94,0.574,-0.059,0.577
1215.00,1380.00,32.00,689.00,32.57,688.94,0.574,-0.061,0.577
910.00,1383.00,32.00,689.00,32.57,688.94,0.574,-0.059,0.577
1216.00,1383.00,32.00,689.00,32.57,688.94,0.574,-0.061,0.577
861.00,1386.00,32.00,689.00,32.57,688.94,0.574,-0.058,0.577
662.00,1387.00,32.00,689.00,32.57,688.94,0.574,-0.056,0.577
834.00,1387.00,32.00,689.00,32.57,688.94,0.574,-0.058,0.577
830.00,1388.00,32.00,689.00,32.57,688.94,0.574,-0.058,0.577
826.00,1389.00,32.00,689.00,32.57,688.94,0.574,-0.058,0.577
457.00,1390.00,32.00,689.00,32.57,688.95,0.574,-0.052,0.576
837.00,1390.00,32.00,689.00,32.57,688.94,0.574,-0.058,0.577
454.00,1393.00,32.00,689.00,32.57,688.95,0.574,-0.051,0.576
458.00,1393.00,32.00,689.00,32.57,688.95,0.574,-0.052,0.576
650.00,1393.00,32.00,689.00,32.57,688.94,0.574,-0.056,0.576
830.00,1393.00,32.00,689.00,32.57,688.94,0.574,-0.058,0.577
885.00,1396.00,32.00,689.00,32.57,688.94,0.574,-0.058,0.577
461.00,1397.00,32.00,689.00,32.57,688.95,0.574,-0.052,0.576
1120.00,1398.00,32.00,689.00,32.57,688.94,0.574,-0.060,0.577
895.00,1399.00,32.00,689.00,32.57,688.94,0.574,-0.058,0.577
407.00,1400.00,32.00,689.00,32.57,688.95,0.574,-0.050,0.576
869.00,1401.00,32.00,689.00,32.57,688.94,0.574,-0.058,0.577
402.00,1402.00,32.00,689.00,32.57,688.95,0.574,-0.050,0.576
888.00,1402.00,32.00,689.00,32.57,688.94,0.574,-0.058,0.577
399.00,1403.00,32.00,689.00,32.57,688.95,0.574,-0.050,0.576
406.00,1403.00,32.00,689.00,32.57,688.95,0.574,-0.050,0.576
96.00,1404.00,32.00,689.00,32.57,688.98,0.574,-0.023,0.574
695.00,1404.00,32.00,689.00,32.57,688.94,0.574,-0.056,0.577
1188.00,1404.00,32.00,689.00,32.57,688.94,0.574,-0.060,0.577
94.00,1405.00,32.00,689.00,32.57,688.98,0.574,-0.023,0.574
402.00,1405.00,32.00,689.00,32.57,688.95,0.574,-0.050,0.576
406.00,1407.00,32.00,689.00,32.57,688.95,0.574,-0.050,0.576
689.00,1407.00,32.00,689.00,32.57,688.94,0.574,-0.056,0.576
157.00,1408.00,32.00,689.00,32.57,688.97,0.574,-0.034,0.575
782.00,1408.00,32.00,689.00,32.57,688.94,0.574,-0.057,0.577
700.00,1409.00,32.00,689.00,32.57,688.94,0.574,-0.056,0.577
780.00,1409.00,32.00,689.00,32.57,688.94,0.574,-0.057,0.577
170.00,1410.00,32.00,689.00,32.57,688.96,0.574,-0.035,0.575
399.00,1410.00,32.00,689.00,32.57,688.95,0.574,-0.050,0.576
154.00,1411.00,32.00,689.00,32.57,688.97,0.574,-0.033,0.575
168.00,1411.00,32.00,689.00,32.57,688.96,0.574,-0.035,0.575
791.00,1412.00,32.00,689.00,32.57,688.94,0.574,-0.057,0.577
171.00,1413.00,32.00,689.00,32.57,688.96,0.574,-0.036,0.575
434.00,1413.00,32.00,689.00,32.57,688.95,0.574,-0.051,0.576
786.00,1413.00,32.00,689.00,32.57,688.94,0.574,-0.057,0.577
912.00,1413.00,32.00,689.00,32.57,688.94,0.574,-0.058,0.577
56.00,1414.00,32.00,689.00,32.57,688.99,0.574,-0.014,0.574
1089.00,1414.00,32.00,689.00,32.57,688.94,0.574,-0.060,0.577
60.00,1415.00,32.00,689.00,32.57,688.98,0.574,-0.015,0.574
786.00,1415.00,32.00,689.00,32.57,688.94,0.574,-0.057,0.577
790.00,1415.00,32.00,689.00,32.57,688.94,0.574,-0.057,0.577
916.00,1415.00,32.00,689.00,32.57,688.94,0.574,-0.058,0.577
1096.00,1415.00,32.00,689.00,32.57,688.94,0.574,-0.060,0.577
1099.00,1415.00,32.00,689.00,32.57,688.94,0.574,-0.060,0.577
784.00,1416.00,32.00,689.00,32.57,688.94,0.574,-0.057,0.577
1096.00,1417.00,32.00,689.00,32.57,688.94,0.574,-0.060,0.577
166.00,1418.00,32.00,689.00,32.57,688.96,0.574,-0.035,0.575
782.00,1418.00,32.00,689.00,32.57,688.94,0.574,-0.057,0.577
917.00,1418.00,32.00,689.00,32.57,688.94,0.574,-0.058,0.577
430.00,1419.00,32.00,689.00,32.57,688.95,0.574,-0.051,0.576
779.00,1419.00,32.00,689.00,32.57,688.94,0.574,-0.057,0.577
61.00,1420.00,32.00,689.00,32.57,688.98,0.574,-0.016,0.574
783.00,1421.00,32.00,689.00,32.57,688.94,0.574,-0.057,0.577
998.00,1421.00,32.00,689.00,32.57,688.94,0.574,-0.059,0.577
57.00,1422.00,32.00,689.00,32.57,688.98,0.574,-0.015,0.574
62.00,1422.00,32.00,689.00,32.57,688.98,0.574,-0.017,0.574
961.00,1422.00,32.00,689.00,32.57,688.94,0.574,-0.059,0.577
60.00,1423.00,32.00,689.00,32.57,688.98,0.574,-0.016,0.574
436.00,1424.00,32.00,689.00,32.57,688.95,0.574,-0.051,0.576
1139.00,1424.00,32.00,689.00,32.57,688.94,0.574,-0.060,0.577
1146.00,1424.00,32.00,689.00,32.57,688.94,0.574,-0.060,0.577
433.00,1425.00,32.00,689.00,32.57,688.95,0.574,-0.051,0.576
779.00,1425.00,32.00,689.00,32.57,688.94,0.574,-0.057,0.577
435.00,1426.00,32.00,689.00,32.57,688.95,0.574,-0.051,0.576
437.00,1426.00,32.00,689.00,32.57,688.95,0.574,-0.051,0.576
96.00,1428.00,37.00,690.00,32.57,688.97,-4.426,-1.025,4.543
441.00,1428.00,32.00,689.00,32.57,688.95,0.574,-0.051,0.576
437.00,1429.00,32.00,689.00,32.57,688.95,0.574,-0.051,0.576
860.00,1431.00,32.00,689.00,32.57,688.94,0.574,-0.058,0.577
902.00,1432.00,32.00,689.00,32.57,688.94,0.574,-0.058,0.577
899.00,1433.00,32.00,689.00,32.57,688.94,0.574,-0.058,0.577
806.00,1434.00,32.00,689.00,32.57,688.94,0.574,-0.057,0.577
1000.00,1434.00,32.00,689.00,32.57,688.94,0.574,-0.059,0.577
861.00,1435.00,32.00,689.00,32.57,688.94,0.574,-0.058,0.577
1111.00,1437.00,32.00,689.00,32.57,688.94,0.574,-0.060,0.577
899.00,1438.00,32.00,689.00,32.57,688.94,0.574,-0.058,0.577
765.00,1439.00,32.00,689.00,32.57,688.94,0.574,-0.057,0.577
802.00,1440.00,32.00,689.00,32.57,688.94,0.574,-0.057,0.577
808.00,1440.00,32.00,689.00,32.57,688.94,0.574,-0.057,0.577
800.00,1441.00,32.00,689.00,32.57,688.94,0.574,-0.057,0.577
903.00,1441.00,32.00,689.00,32.57,688.94,0.574,-0.058,0.577
812.00,1442.00,32.00,689.00,32.57,688.94,0.574,-0.057,0.577
782.00,1443.00,32.00,689.00,32.57,688.94,0.574,-0.057,0.577
798.00,1443.00,32.00,689.00,32.57,688.94,0.574,-0.057,0.577
809.00,1443.00,32.00,689.00,32.57,688.94,0.574,-0.057,0.577
770.00,1444.00,32.00,689.00,32.57,688.94,0.574,-0.057,0.577
766.00,1445.00,32.00,689.00,32.57,688.94,0.574,-0.057,0.577
786.00,1445.00,32.00,689.00,32.57,688.94,0.574,-0.057,0.577
789.00,1445.00,32.00,689.00,32.57,688.94,0.574,-0.057,0.577
793.00,1445.00,32.00,689.00,32.57,688.94,0.574,-0.057,0.577
796.00,1445.00,32.00,689.00,32.57,688.94,0.574,-0.057,0.577
545.00,1447.00,32.00,689.00,32.57,688.95,0.574,-0.053,0.576
765.00,1447.00,32.00,689.00,32.57,688.94,0.574,-0.057,0.577
790.00,1447.00,32.00,689.00,32.57,688.94,0.574,-0.057,0.577
785.00,1449.00,32.00,689.00,32.57,688.94,0.574,-0.057,0.577
869.00,1450.00,32.00,689.00,32.57,688.94,0.574,-0.058,0.577
872.00,1452.00,32.00,689.00,32.57,688.94,0.574,-0.058,0.577
787.00,1453.00,32.00,689.00,32.57,688.94,0.574,-0.057,0.577
875.00,1453.00,32.00,689.00,32.57,688.94,0.574,-0.058,0.577
538.00,1454.00,32.00,689.00,32.57,688.95,0.574,-0.053,0.576
778.00,1454.00,32.00,689.00,32.57,688.94,0.574,-0.057,0.577
872.00,1454.00,32.00,689.00,32.57,688.94,0.574,-0.058,0.577
877.00,1454.00,32.00,689.00,32.57,688.94,0.574,-0.058,0.577
977.00,1454.00,32.00,689.00,32.57,688.94,0.574,-0.059,0.577
785.00,1456.00,32.00,689.00,32.57,688.94,0.574,-0.057,0.577
541.00,1457.00,32.00,689.00,32.57,688.95,0.574,-0.053,0.576
869.00,1457.00,32.00,689.00,32.57,688.94,0.574,-0.058,0.577
544.00,1458.00,32.00,689.00,32.57,688.95,0.574,-0.053,0.576
873.00,1458.00,32.00,689.00,32.57,688.94,0.574,-0.058,0.577
365.00,1459.00,32.00,689.00,32.57,688.95,0.574,-0.048,0.576
782.00,1459.00,32.00,689.00,32.57,688.94,0.574,-0.057,0.577
592.00,1460.00,32.00,689.00,32.57,688.95,0.574,-0.054,0.576
785.00,1460.00,32.00,689.00,32.57,688.94,0.574,-0.057,0.577
875.00,1460.00,32.00,689.00,32.57,688.94,0.574,-0.058,0.577
52.00,1461.00,32.00,689.00,32.57,688.98,0.574,-0.020,0.574
543.00,1461.00,32.00,689.00,32.57,688.95,0.574,-0.053,0.576
362.00,1462.00,32.00,689.00,32.57,688.95,0.574,-0.048,0.576
591.00,1463.00,32.00,689.00,32.57,688.95,0.574,-0.054,0.576
56.00,1465.00,32.00,689.00,32.57,688.98,0.574,-0.021,0.574
775.00,1465.00,32.00,689.00,32.57,688.94,0.574,-0.057,0.576
782.00,1466.00,32.00,689.00,32.57,688.94,0.574,-0.057,0.577
589.00,1467.00,32.00,689.00,32.57,688.95,0.574,-0.054,0.576
841.00,1467.00,32.00,689.00,32.57,688.94,0.574,-0.057,0.577
