Src_X,Src_Y,Ref_X,Ref_Y,Proj_X,Proj_Y,Residual_X,Residual_Y,Residual_px
198.00,32.00,32.00,689.00,32.00,689.00,0.000,-0.004,0.004
196.00,33.00,32.00,689.00,32.00,689.00,0.000,-0.004,0.004
761.00,33.00,32.00,689.00,32.00,689.00,0.000,-0.003,0.003
168.00,34.00,32.00,689.00,32.00,689.00,0.000,-0.004,0.004
201.00,34.00,32.00,689.00,32.00,689.00,0.000,-0.003,0.003
753.00,34.00,32.00,689.00,32.00,689.00,0.000,-0.003,0.003
1061.00,34.00,32.00,689.00,32.00,689.00,0.000,-0.002,0.002
524.00,35.00,32.00,689.00,32.00,689.00,0.000,-0.003,0.003
1051.00,35.00,32.00,689.00,32.00,689.00,0.000,-0.002,0.002
749.00,36.00,32.00,689.00,32.00,689.00,0.000,-0.003,0.003
81.00,37.00,32.00,689.00,32.00,689.00,0.000,-0.004,0.004
200.00,37.00,32.00,689.00,32.00,689.00,0.000,-0.003,0.003
205.00,37.00,32.00,689.00,32.00,689.00,0.000,-0.003,0.003
209.00,37.00,32.00,689.00,32.00,689.00,0.000,-0.003,0.003
756.00,37.00,32.00,689.00,32.00,689.00,0.000,-0.003,0.003
859.00,37.00,32.00,689.00,32.00,689.00,0.000,-0.002,0.002
119.00,38.00,32.00,689.00,32.00,689.00,0.000,-0.004,0.004
335.00,39.00,32.00,689.00,32.00,689.00,0.000,-0.003,0.003
341.00,39.00,32.00,689.00,32.00,689.00,0.000,-0.003,0.003
76.00,40.00,32.00,689.00,32.00,689.00,0.000,-0.004,0.004
113.00,40.00,32.00,689.00,32.00,689.00,0.000,-0.004,0.004
118.00,40.00,32.00,689.00,32.00,689.00,0.000,-0.004,0.004
343.00,40.00,32.00,689.00,32.00,689.00,0.000,-0.003,0.003
848.00,40.00,32.00,689.00,32.00,689.00,0.000,-0.002,0.002
80.00,41.00,32.00,689.00,32.00,689.00,0.000,-0.004,0.004
83.00,41.00,32.00,689.00,32.00,689.00,0.000,-0.004,0.004
860.00,41.00,32.00,689.00,32.00,689.00,0.000,-0.002,0.002
171.00,42.00,32.00,689.00,32.00,689.00,0.000,-0.004,0.004
333.00,42.00,32.00,689.00,32.00,689.00,0.000,-0.003,0.003
336.00,42.00,32.00,689.00,32.00,689.00,0.000,-0.003,0.003
381.00,42.00,32.00,689.00,32.00,689.00,0.000,-0.003,0.003
73.00,43.00,32.00,689.00,32.00,689.00,0.000,-0.004,0.004
169.00,43.00,32.00,689.00,32.00,689.00,0.000,-0.004,0.004
258.00,43.00,32.00,689.00,32.00,689.00,0.000,-0.003,0.003
386.00,43.00,32.00,689.00,32.00,689.00,0.000,-0.003,0.003
674.00,43.00,32.00,689.00,32.00,689.00,0.000,-0.003,0.003
687.00,43.00,32.00,689.00,32.00,689.00,0.000,-0.003,0.003
860.00,43.00,32.00,689.00,32.00,689.00,0.000,-0.002,0.002
889.00,43.00,32.00,689.00,32.00,689.00,0.000,-0.002,0.002
80.00,44.00,32.00,689.00,32.00,689.00,0.000,-0.004,0.004
255.00,44.00,32.00,689.00,32.00,689.00,0.000,-0.003,0.003
847.00,44.00,32.00,689.00,32.00,689.00,0.000,-0.002,0.002
863.00,44.00,32.00,689.00,32.00,689.00,0.000,-0.002,0.002
880.00,44.00,32.00,689.00,32.00,689.00,0.000,-0.002,0.002
74.00,45.00,32.00,689.00,32.00,689.00,0.000,-0.004,0.004
117.00,45.00,32.00,689.00,32.00,689.00,0.000,-0.004,0.004
171.00,45.00,32.00,689.00,32.00,689.00,0.000,-0.003,0.003
865.00,45.00,32.00,689.00,32.00,689.00,0.000,-0.002,0.002
993.00,45.00,32.00,689.00,32.00,689.00,0.000,-0.002,0.002
76.00,46.00,32.00,689.00,32.00,689.00,0.000,-0.004,0.004
79.00,46.00,32.00,689.00,32.00,689.00,0.000,-0.004,0.004
81.00,46.00,32.00,689.00,32.00,689.00,0.000,-0.004,0.004
167.00,46.00,32.00,689.00,32.00,689.00,0.000,-0.003,0.003
249.00,46.00,32.00,689.00,32.00,689.00,0.000,-0.003,0.003
697.00,46.00,32.00,689.00,32.00,689.00,0.000,-0.003,0.003
854.00,46.00,32.00,689.00,32.00,689.00,0.000,-0.002,0.002
859.00,46.00,32.00,689.00,32.00,689.00,0.000,-0.002,0.002
172.00,47.00,32.00,689.00,32.00,689.00,0.000,-0.003,0.003
255.00,47.00,32.00,689.00,32.00,689.00,0.000,-0.003,0.003
845.00,47.00,32.00,689.00,32.00,689.00,0.000,-0.002,0.002
77.00,48.00,32.00,689.00,32.00,689.00,0.000,-0.004,0.004
257.00,48.00,32.00,689.00,32.00,689.00,0.000,-0.003,0.003
793.00,48.00,32.00,689.00,32.00,689.00,0.000,-0.002,0.002
694.00,49.00,32.00,689.00,32.00,689.00,0.000,-0.003,0.003
865.00,49.00,32.00,689.00,32.00,689.00,0.000,-0.002,0.002
254.00,50.00,32.00,689.00,32.00,689.00,0.000,-0.003,0.003
696.00,50.00,32.00,689.00,32.00,689.00,0.000,-0.003,0.003
258.00,51.00,32.00,689.00,32.00,689.00,0.000,-0.003,0.003
689.00,51.00,32.00,689.00,32.00,689.00,0.000,-0.003,0.003
866.00,51.00,32.00,689.00,32.00,689.00,0.000,-0.002,0.002
324.00,52.00,32.00,689.00,32.00,689.00,0.000,-0.003,0.003
685.00,52.00,32.00,689.00,32.00,689.00,0.000,-0.003,0.003
326.00,53.00,32.00,689.00,32.00,689.00,0.000,-0.003,0.003
259.00,54.00,32.00,689.00,32.00,689.00,0.000,-0.003,0.003
689.00,54.00,32.00,689.00,32.00,689.00,0.000,-0.003,0.003
903.00,54.00,32.00,689.00,32.00,689.00,0.000,-0.002,0.002
939.00,54.00,32.00,689.00,32.00,689.00,0.000,-0.002,0.002
900.00,55.00,32.00,689.00,32.00,689.00,0.000,-0.002,0.002
916.00,55.00,32.00,689.00,32.00,689.00,0.000,-0.002,0.002
920.00,55.00,32.00,689.00,32.00,689.00,0.000,-0.002,0.002
925.00,55.00,32.00,689.00,32.00,689.00,0.000,-0.002,0.002
918.00,56.00,32.00,689.00,32.00,689.00,0.000,-0.002,0.002
964.00,56.00,32.00,689.00,32.00,689.00,0.000,-0.002,0.002
227.00,57.00,32.00,689.00,32.00,689.00,0.000,-0.003,0.003
230.00,57.00,32.00,689.00,32.00,689.00,0.000,-0.003,0.003
498.00,57.00,32.00,689.00,32.00,689.00,0.000,-0.003,0.003
805.00,57.00,32.00,689.00,32.00,689.00,0.000,-0.002,0.002
903.00,57.00,32.00,689.00,32.00,689.00,0.000,-0.002,0.002
914.00,57.00,32.00,689.00,32.00,689.00,0.000,-0.002,0.002
936.00,57.00,32.00,689.00,32.00,689.00,0.000,-0.002,0.002
942.00,57.00,32.00,689.00,32.00,689.00,0.000,-0.002,0.002
968.00,57.00,32.00,689.00,32.00,689.00,0.000,-0.002,0.002
906.00,58.00,32.00,689.00,32.00,689.00,0.000,-0.002,0.002
46.00,59.00,32.00,689.00,32.00,689.00,0.000,-0.004,0.004
133.00,59.00,32.00,689.00,32.00,689.00,0.000,-0.003,0.003
914.00,59.00,32.00,689.00,32.00,689.00,0.000,-0.002,0.002
961.00,59.00,32.00,689.00,32.00,689.00,0.000,-0.002,0.002
965.00,59.00,32.00,689.00,32.00,689.00,0.000,-0.002,0.002
42.00,60.00,32.00,689.00,32.00,689.00,0.000,-0.004,0.004
129.00,60.00,32.00,689.00,32.00,689.00,0.000,-0.004,0.004
223.00,60.00,32.00,689.00,32.00,689.00,0.000,-0.003,0.003
746.00,60.00,32.00,689.00,32.00,689.00,0.000,-0.002,0.002
916.00,60.00,32.00,689.00,32.00,689.00,0.000,-0.002,0.002
938.00,60.00,32.00,689.00,32.00,689.00,0.000,-0.002,0.002
942.00,60.00,32.00,689.00,32.00,689.00,0.000,-0.002,0.002
234.00,61.00,32.00,689.00,32.00,689.00,0.000,-0.003,0.003
332.00,61.00,32.00,689.00,32.00,689.00,0.000,-0.003,0.003
840.00,61.00,32.00,689.00,32.00,689.00,0.000,-0.002,0.002
843.00,61.00,32.00,689.00,32.00,689.00,0.000,-0.002,0.002
901.00,61.00,32.00,689.00,32.00,689.00,0.000,-0.002,0.002
907.00,61.00,32.00,689.00,32.00,689.00,0.000,-0.002,0.002
45.00,62.00,32.00,689.00,32.00,689.00,0.000,-0.004,0.004
500.00,62.00,32.00,689.00,32.00,689.00,0.000,-0.003,0.003
911.00,62.00,32.00,689.00,32.00,689.00,0.000,-0.002,0.002
939.00,62.00,32.00,689.00,32.00,689.00,0.000,-0.002,0.002
137.00,63.00,32.00,689.00,32.00,689.00,0.000,-0.003,0.003
140.00,63.00,32.00,689.00,32.00,689.00,0.000,-0.003,0.003
843.00,63.00,32.00,689.00,32.00,689.00,0.000,-0.002,0.002
905.00,63.00,32.00,689.00,32.00,689.00,0.000,-0.002,0.002
133.00,64.00,32.00,689.00,32.00,689.00,0.000,-0.003,0.003
323.00,64.00,32.00,689.00,32.00,689.00,0.000,-0.003,0.003
841.00,64.00,32.00,689.00,32.00,689.00,0.000,-0.002,0.002
908.00,64.00,32.00,689.00,32.00,689.00,0.000,-0.002,0.002
230.00,65.00,32.00,689.00,32.00,689.00,0.000,-0.003,0.003
232.00,65.00,32.00,689.00,32.00,689.00,0.000,-0.003,0.003
873.00,65.00,32.00,689.00,32.00,689.00,0.000,-0.002,0.002
910.00,65.00,32.00,689.00,32.00,689.00,0.000,-0.002,0.002
922.00,65.00,32.00,689.00,32.00,689.00,0.000,-0.002,0.002
48.00,66.00,32.00,689.00,32.00,689.00,0.000,-0.004,0.004
70.00,66.00,32.00,689.00,32.00,689.00,0.000,-0.004,0.004
75.00,66.00,32.00,689.00,32.00,689.00,0.000,-0.004,0.004
227.00,66.00,32.00,689.00,32.00,689.00,0.000,-0.003,0.003
907.00,66.00,32.00,689.00,32.00,689.00,0.000,-0.002,0.002
322.00,67.00,32.00,689.00,32.00,689.00,0.000,-0.003,0.003
326.00,67.00,32.00,689.00,32.00,689.00,0.000,-0.003,0.003
331.00,67.00,32.00,689.00,32.00,689.00,0.000,-0.003,0.003
143.00,68.00,32.00,689.00,32.00,689.00,0.000,-0.003,0.003
230.00,68.00,32.00,689.00,32.00,689.00,0.000,-0.003,0.003
991.00,68.00,32.00,689.00,32.00,689.00,0.000,-0.002,0.002
39.00,69.00,32.00,689.00,32.00,689.00,0.000,-0.004,0.004
44.00,69.00,32.00,689.00,32.00,689.00,0.000,-0.004,0.004
74.00,69.00,32.00,689.00,32.00,689.00,0.000,-0.004,0.004
982.00,69.00,32.00,689.00,32.00,689.00,0.000,-0.002,0.002
227.00,70.00,32.00,689.00,32.00,689.00,0.000,-0.003,0.003
914.00,70.00,32.00,689.00,32.00,689.00,0.000,-0.002,0.002
47.00,71.00,32.00,689.00,32.00,689.00,0.000,-0.004,0.004
309.00,71.00,32.00,689.00,32.00,689.00,0.000,-0.003,0.003
513.00,71.00,32.00,689.00,32.00,689.00,0.000,-0.003,0.003
988.00,71.00,32.00,689.00,32.00,689.00,0.000,-0.002,0.002
42.00,72.00,32.00,689.00,32.00,689.00,0.000,-0.004,0.004
79.00,72.00,32.00,689.00,32.00,689.00,0.000,-0.004,0.004
231.00,72.00,32.00,689.00,32.00,689.00,0.000,-0.003,0.003
676.00,72.00,32.00,689.00,32.00,689.00,0.000,-0.002,0.002
712.00,72.00,32.00,689.00,32.00,689.00,0.000,-0.002,0.002
986.00,72.00,32.00,689.00,32.00,689.00,0.000,-0.002,0.002
994.00,72.00,32.00,689.00,32.00,689.00,0.000,-0.002,0.002
105.00,73.00,32.00,689.00,32.00,689.00,0.000,-0.003,0.003
844.00,73.00,32.00,689.00,32.00,689.00,0.000,-0.002,0.002
984.00,73.00,32.00,689.00,32.00,689.00,0.000,-0.002,0.002
307.00,74.00,32.00,689.00,32.00,689.00,0.000,-0.003,0.003
670.00,74.00,32.00,689.00,32.00,689.00,0.000,-0.002,0.002
516.00,75.00,32.00,689.00,32.00,689.00,0.000,-0.003,0.003
676.00,75.00,32.00,689.00,32.00,689.00,0.000,-0.002,0.002
678.00,75.00,32.00,689.00,32.00,689.00,0.000,-0.002,0.002
984.00,75.00,32.00,689.00,32.00,689.00,0.000,-0.002,0.002
987.00,75.00,32.00,689.00,32.00,689.00,0.000,-0.002,0.002
42.00,76.00,32.00,689.00,32.00,689.00,0.000,-0.004,0.004
101.00,76.00,32.00,689.00,32.00,689.00,0.000,-0.003,0.003
301.00,76.00,32.00,689.00,32.00,689.00,0.000,-0.003,0.003
511.00,76.00,32.00,689.00,32.00,689.00,0.000,-0.003,0.003
709.00,76.00,32.00,689.00,32.00,689.00,0.000,-0.002,0.002
990.00,76.00,32.00,689.00,32.00,689.00,0.000,-0.002,0.002
996.00,76.00,32.00,689.00,32.00,689.00,0.000,-0.002,0.002
981.00,77.00,32.00,689.00,32.00,689.00,0.000,-0.002,0.002
676.00,78.00,32.00,689.00,32.00,689.00,0.000,-0.002,0.002
984.00,78.00,32.00,689.00,32.00,689.00,0.000,-0.002,0.002
672.00,79.00,32.00,689.00,32.00,689.00,0.000,-0.002,0.002
679.00,79.00,32.00,689.00,32.00,689.00,0.000,-0.002,0.002
849.00,79.00,32.00,689.00,32.00,689.00,0.000,-0.002,0.002
925.00,79.00,32.00,689.00,32.00,689.00,0.000,-0.002,0.002
978.00,79.00,32.00,689.00,32.00,689.00,0.000,-0.002,0.002
46.00,80.00,32.00,689.00,32.00,689.00,0.000,-0.004,0.004
676.00,80.00,32.00,689.00,32.00,689.00,0.000,-0.002,0.002
927.00,80.00,32.00,689.00,32.00,689.00,0.000,-0.002,0.002
518.00,81.00,32.00,689.00,32.00,689.00,0.000,-0.003,0.003
678.00,81.00,32.00,689.00,32.00,689.00,0.000,-0.002,0.002
521.00,82.00,32.00,689.00,32.00,689.00,0.000,-0.003,0.003
153.00,83.00,32.00,689.00,32.00,689.00,0.000,-0.003,0.003
516.00,83.00,32.00,689.00,32.00,689.00,0.000,-0.003,0.003
980.00,83.00,32.00,689.00,32.00,689.00,0.000,-0.002,0.002
809.00,84.00,32.00,689.00,32.00,689.00,0.000,-0.002,0.002
916.00,84.00,32.00,689.00,32.00,689.00,0.000,-0.002,0.002
920.00,84.00,32.00,689.00,32.00,689.00,0.000,-0.002,0.002
984.00,85.00,32.00,689.00,32.00,689.00,0.000,-0.002,0.002
520.00,86.00,32.00,689.00,32.00,689.00,0.000,-0.002,0.002
314.00,87.00,32.00,689.00,32.00,689.00,0.000,-0.003,0.003
919.00,88.00,32.00,689.00,32.00,689.00,0.000,-0.002,0.002
52.00,89.00,32.00,689.00,32.00,689.00,0.000,-0.004,0.004
127.00,89.00,32.00,689.00,32.00,689.00,0.000,-0.003,0.003
517.00,89.00,32.00,689.00,32.00,689.00,0.000,-0.002,0.002
519.00,89.00,32.00,689.00,32.00,689.00,0.000,-0.002,0.002
628.00,89.00,32.00,689.00,32.00,689.00,0.000,-0.002,0.002
638.00,89.00,32.00,689.00,32.00,689.00,0.000,-0.002,0.002
125.00,90.00,32.00,689.00,32.00,689.00,0.000,-0.003,0.003
921.00,90.00,32.00,689.00,32.00,689.00,0.000,-0.002,0.002
121.00,91.00,32.00,689.00,32.00,689.00,0.000,-0.003,0.003
643.00,91.00,32.00,689.00,32.00,689.00,0.000,-0.002,0.002
916.00,91.00,32.00,689.00,32.00,689.00,0.000,-0.002,0.002
123.00,92.00,32.00,689.00,32.00,689.00,0.000,-0.003,0.003
129.00,92.00,32.00,689.00,32.00,689.00,0.000,-0.003,0.003
628.00,92.00,32.00,689.00,32.00,689.00,0.000,-0.002,0.002
919.00,92.00,32.00,689.00,32.00,689.00,0.000,-0.002,0.002
517.00,93.00,32.00,689.00,32.00,689.00,0.000,-0.002,0.002
631.00,93.00,32.00,689.00,32.00,689.00,0.000,-0.002,0.002
121.00,94.00,32.00,689.00,32.00,689.00,0.000,-0.003,0.003
313.00,94.00,32.00,689.00,32.00,689.00,0.000,-0.003,0.003
659.00,94.00,32.00,689.00,32.00,689.00,0.000,-0.002,0.002
54.00,95.00,32.00,689.00,32.00,689.00,0.000,-0.003,0.003
127.00,95.00,32.00,689.00,32.00,689.00,0.000,-0.003,0.003
642.00,95.00,32.00,689.00,32.00,689.00,0.000,-0.002,0.002
647.00,95.00,32.00,689.00,32.00,689.00,0.000,-0.002,0.002
123.00,96.00,32.00,689.00,32.00,689.00,0.000,-0.003,0.003
650.00,96.00,32.00,689.00,32.00,689.00,0.000,-0.002,0.002
127.00,97.00,32.00,689.00,32.00,689.00,0.000,-0.003,0.003
314.00,97.00,32.00,689.00,32.00,689.00,0.000,-0.003,0.003
170.00,98.00,32.00,689.00,32.00,689.00,0.000,-0.003,0.003
657.00,98.00,32.00,689.00,32.00,689.00,0.000,-0.002,0.002
168.00,99.00,32.00,689.00,32.00,689.00,0.000,-0.003,0.003
68.00,100.00,32.00,689.00,32.00,689.00,0.000,-0.003,0.003
166.00,100.00,32.00,689.00,32.00,689.00,0.000,-0.003,0.003
127.00,101.00,32.00,689.00,32.00,689.00,0.000,-0.003,0.003
161.00,101.00,32.00,689.00,32.00,689.00,0.000,-0.003,0.003
169.00,102.00,32.00,689.00,32.00,689.00,0.000,-0.003,0.003
72.00,103.00,32.00,689.00,32.00,689.00,0.000,-0.003,0.003
77.00,103.00,32.00,689.00,32.00,689.00,0.000,-0.003,0.003
315.00,103.00,32.00,689.00,32.00,689.00,0.000,-0.003,0.003
69.00,104.00,32.00,689.00,32.00,689.00,0.000,-0.003,0.003
166.00,104.00,32.00,689.00,32.00,689.00,0.000,-0.003,0.003
140.00,105.00,32.00,689.00,32.00,689.00,0.000,-0.003,0.003
170.00,106.00,32.00,689.00,32.00,689.00,0.000,-0.003,0.003
137.00,107.00,32.00,689.00,32.00,689.00,0.000,-0.003,0.003
144.00,107.00,32.00,689.00,32.00,689.00,0.000,-0.003,0.003
99.00,108.00,32.00,689.00,32.00,689.00,0.000,-0.003,0.003
132.00,108.00,32.00,689.00,32.00,689.00,0.000,-0.003,0.003
134.00,108.00,32.00,689.00,32.00,689.00,0.000,-0.003,0.003
142.00,108.00,32.00,689.00,32.00,689.00,0.000,-0.003,0.003
961.00,108.00,32.00,689.00,32.00,689.00,0.000,-0.002,0.002
959.00,110.00,32.00,689.00,32.00,689.00,0.000,-0.002,0.002
147.00,111.00,32.00,689.00,32.00,689.00,0.000,-0.003,0.003
139.00,112.00,32.00,689.00,32.00,689.00,0.000,-0.003,0.003
144.00,112.00,32.00,689.00,32.00,689.00,0.000,-0.003,0.003
413.00,113.00,32.00,689.00,32.00,689.00,0.000,-0.002,0.002
147.00,114.00,32.00,689.00,32.00,689.00,0.000,-0.003,0.003
410.00,116.00,32.00,689.00,32.00,689.00,0.000,-0.002,0.002
429.00,116.00,32.00,689.00,32.00,689.00,0.000,-0.002,0.002
436.00,116.00,32.00,689.00,32.00,689.00,0.000,-0.002,0.002
956.00,117.00,32.00,689.00,32.00,689.00,0.000,-0.002,0.002
585.00,119.00,32.00,689.00,32.00,689.00,0.000,-0.002,0.002
588.00,119.00,32.00,689.00,32.00,689.00,0.000,-0.002,0.002
142.00,120.00,32.00,689.00,32.00,689.00,0.000,-0.003,0.003
146.00,120.00,32.00,689.00,32.00,689.00,0.000,-0.003,0.003
149.00,120.00,32.00,689.00,32.00,689.00,0.000,-0.003,0.003
404.00,120.00,32.00,689.00,32.00,689.00,0.000,-0.002,0.002
591.00,120.00,32.00,689.00,32.00,689.00,0.000,-0.002,0.002
783.00,120.00,32.00,689.00,32.00,689.00,0.000,-0.002,0.002
410.00,121.00,32.00,689.00,32.00,689.00,0.000,-0.002,0.002
731.00,121.00,32.00,689.00,32.00,689.00,0.000,-0.002,0.002
142.00,122.00,32.00,689.00,32.00,689.00,0.000,-0.003,0.003
414.00,122.00,32.00,689.00,32.00,689.00,0.000,-0.002,0.002
147.00,123.00,32.00,689.00,32.00,689.00,0.000,-0.003,0.003
149.00,123.00,32.00,689.00,32.00,689.00,0.000,-0.003,0.003
412.00,123.00,32.00,689.00,32.00,689.00,0.000,-0.002,0.002
732.00,123.00,32.00,689.00,32.00,689.00,0.000,-0.002,0.002
730.00,124.00,32.00,689.00,32.00,689.00,0.000,-0.002,0.002
45.00,125.00,32.00,689.00,32.00,689.00,0.000,-0.003,0.003
588.00,125.00,32.00,689.00,32.00,689.00,0.000,-0.002,0.002
409.00,126.00,32.00,689.00,32.00,689.00,0.000,-0.002,0.002
732.00,126.00,32.00,689.00,32.00,689.00,0.000,-0.002,0.002
780.00,126.00,32.00,689.00,32.00,689.00,0.000,-0.002,0.002
785.00,126.00,32.00,689.00,32.00,689.00,0.000,-0.002,0.002
40.00,127.00,32.00,689.00,32.00,689.00,0.000,-0.003,0.003
48.00,127.00,32.00,689.00,32.00,689.00,0.000,-0.003,0.003
744.00,127.00,32.00,689.00,32.00,689.00,0.000,-0.002,0.002
782.00,127.00,32.00,689.00,32.00,689.00,0.000,-0.002,0.002
53.00,128.00,32.00,689.00,32.00,689.00,0.000,-0.003,0.003
55.00,128.00,32.00,689.00,32.00,689.00,0.000,-0.003,0.003
59.00,128.00,32.00,689.00,32.00,689.00,0.000,-0.003,0.003
149.00,128.00,32.00,689.00,32.00,689.00,0.000,-0.003,0.003
394.00,128.00,32.00,689.00,32.00,689.00,0.000,-0.002,0.002
735.00,128.00,32.00,689.00,32.00,689.00,0.000,-0.002,0.002
739.00,128.00,32.00,689.00,32.00,689.00,0.000,-0.002,0.002
747.00,128.00,32.00,689.00,32.00,689.00,0.000,-0.002,0.002
64.00,129.00,32.00,689.00,32.00,689.00,0.000,-0.003,0.003
69.00,129.00,32.00,689.00,32.00,689.00,0.000,-0.003,0.003
146.00,129.00,32.00,689.00,32.00,689.00,0.000,-0.003,0.003
43.00,130.00,32.00,689.00,32.00,689.00,0.000,-0.003,0.003
152.00,130.00,32.00,689.00,32.00,689.00,0.000,-0.003,0.003
707.00,130.00,32.00,689.00,32.00,689.00,0.000,-0.002,0.002
72.00,131.00,32.00,689.00,32.00,689.00,0.000,-0.003,0.003
79.00,132.00,32.00,689.00,32.00,689.00,0.000,-0.003,0.003
82.00,132.00,32.00,689.00,32.00,689.00,0.000,-0.003,0.003
159.00,133.00,32.00,689.00,32.00,689.00,0.000,-0.003,0.003
394.00,133.00,32.00,689.00,32.00,689.00,0.000,-0.002,0.002
397.00,133.00,32.00,689.00,32.00,689.00,0.000,-0.002,0.002
65.00,134.00,32.00,689.00,32.00,689.00,0.000,-0.003,0.003
124.00,134.00,32.00,689.00,32.00,689.00,0.000,-0.003,0.003
76.00,135.00,32.00,689.00,32.00,689.00,0.000,-0.003,0.003
393.00,135.00,32.00,689.00,32.00,689.00,0.000,-0.002,0.002
643.00,136.00,32.00,689.00,32.00,689.00,0.000,-0.002,0.002
72.00,137.00,32.00,689.00,32.00,689.00,0.000,-0.003,0.003
640.00,137.00,32.00,689.00,32.00,689.00,0.000,-0.002,0.002
172.00,139.00,32.00,689.00,32.00,689.00,0.000,-0.003,0.003
79.00,140.00,32.00,689.00,32.00,689.00,0.000,-0.003,0.003
361.00,140.00,32.00,689.00,32.00,689.00,0.000,-0.002,0.002
364.00,140.00,32.00,689.00,32.00,689.00,0.000,-0.002,0.002
576.00,141.00,32.00,689.00,32.00,689.00,0.000,-0.002,0.002
170.00,142.00,32.00,689.00,32.00,689.00,0.000,-0.003,0.003
428.00,142.00,32.00,689.00,32.00,689.00,0.000,-0.002,0.002
176.00,143.00,32.00,689.00,32.00,689.00,0.000,-0.003,0.003
78.00,144.00,32.00,689.00,32.00,689.00,0.000,-0.003,0.003
173.00,144.00,32.00,689.00,32.00,689.00,0.000,-0.003,0.003
425.00,144.00,32.00,689.00,32.00,689.00,0.000,-0.002,0.002
870.00,144.00,32.00,689.00,32.00,689.00,0.000,-0.001,0.001
171.00,145.00,32.00,689.00,32.00,689.00,0.000,-0.003,0.003
362.00,145.00,32.00,689.00,32.00,689.00,0.000,-0.002,0.002
428.00,145.00,32.00,689.00,32.00,689.00,0.000,-0.002,0.002
573.00,145.00,32.00,689.00,32.00,689.00,0.000,-0.002,0.002
64.00,147.00,32.00,689.00,32.00,689.00,0.000,-0.003,0.003
806.00,147.00,32.00,689.00,32.00,689.00,0.000,-0.001,0.001
808.00,147.00,32.00,689.00,32.00,689.00,0.000,-0.001,0.001
765.00,148.00,32.00,689.00,32.00,689.00,0.000,-0.002,0.002
565.00,149.00,32.00,689.00,32.00,689.00,0.000,-0.002,0.002
49.00,150.00,32.00,689.00,32.00,689.00,0.000,-0.003,0.003
67.00,150.00,32.00,689.00,32.00,689.00,0.000,-0.003,0.003
79.00,150.00,32.00,689.00,32.00,689.00,0.000,-0.003,0.003
604.00,150.00,32.00,689.00,32.00,689.00,0.000,-0.002,0.002
46.00,151.00,32.00,689.00,32.00,689.00,0.000,-0.003,0.003
58.00,151.00,32.00,689.00,32.00,689.00,0.000,-0.003,0.003
76.00,151.00,32.00,689.00,32.00,689.00,0.000,-0.003,0.003
761.00,151.00,32.00,689.00,32.00,689.00,0.000,-0.001,0.001
800.00,151.00,32.00,689.00,32.00,689.00,0.000,-0.001,0.001
802.00,151.00,32.00,689.00,32.00,689.00,0.000,-0.001,0.001
52.00,152.00,32.00,689.00,32.00,689.00,0.000,-0.003,0.003
43.00,153.00,32.00,689.00,32.00,689.00,0.000,-0.003,0.003
66.00,153.00,32.00,689.00,32.00,689.00,0.000,-0.003,0.003
573.00,153.00,32.00,689.00,32.00,689.00,0.000,-0.002,0.002
609.00,153.00,32.00,689.00,32.00,689.00,0.000,-0.002,0.002
764.00,153.00,32.00,689.00,32.00,689.00,0.000,-0.001,0.001
33.00,154.00,32.00,689.00,32.00,689.00,0.000,-0.003,0.003
37.00,154.00,32.00,689.00,32.00,689.00,0.000,-0.003,0.003
68.00,154.00,32.00,689.00,32.00,689.00,0.000,-0.003,0.003
81.00,154.00,32.00,689.00,32.00,689.00,0.000,-0.003,0.003
761.00,154.00,32.00,689.00,32.00,689.00,0.000,-0.001,0.001
42.00,155.00,32.00,689.00,32.00,689.00,0.000,-0.003,0.003
50.00,155.00,32.00,689.00,32.00,689.00,0.000,-0.003,0.003
71.00,155.00,32.00,689.00,32.00,689.00,0.000,-0.003,0.003
613.00,156.00,32.00,689.00,32.00,689.00,0.000,-0.002,0.002
759.00,156.00,32.00,689.00,32.00,689.00,0.000,-0.001,0.001
762.00,156.00,32.00,689.00,32.00,689.00,0.000,-0.001,0.001
765.00,156.00,32.00,689.00,32.00,689.00,0.000,-0.001,0.001
44.00,157.00,32.00,689.00,32.00,689.00,0.000,-0.003,0.003
47.00,157.00,32.00,689.00,32.00,689.00,0.000,-0.003,0.003
332.00,158.00,32.00,689.00,32.00,689.00,0.000,-0.002,0.002
765.00,158.00,32.00,689.00,32.00,689.00,0.000,-0.001,0.001
36.00,160.00,32.00,689.00,32.00,689.00,0.000,-0.003,0.003
344.00,161.00,32.00,689.00,32.00,689.00,0.000,-0.002,0.002
760.00,161.00,32.00,689.00,32.00,689.00,0.000,-0.001,0.001
41.00,162.00,32.00,689.00,32.00,689.00,0.000,-0.003,0.003
800.00,162.00,32.00,689.00,32.00,689.00,0.000,-0.001,0.001
818.00,162.00,32.00,689.00,32.00,689.00,0.000,-0.001,0.001
763.00,163.00,32.00,689.00,32.00,689.00,0.000,-0.001,0.001
827.00,163.00,32.00,689.00,32.00,689.00,0.000,-0.001,0.001
38.00,164.00,32.00,689.00,32.00,689.00,-0.000,-0.003,0.003
44.00,164.00,32.00,689.00,32.00,689.00,-0.000,-0.003,0.003
333.00,164.00,32.00,689.00,32.00,689.00,0.000,-0.002,0.002
36.00,165.00,32.00,689.00,32.00,689.00,-0.000,-0.003,0.003
41.00,165.00,32.00,689.00,32.00,689.00,-0.000,-0.003,0.003
159.00,166.00,32.00,689.00,32.00,689.00,0.000,-0.002,0.002
824.00,166.00,32.00,689.00,32.00,689.00,0.000,-0.001,0.001
329.00,167.00,32.00,689.00,32.00,689.00,0.000,-0.002,0.002
157.00,168.00,32.00,689.00,32.00,689.00,0.000,-0.002,0.002
792.00,168.00,32.00,689.00,32.00,689.00,0.000,-0.001,0.001
336.00,169.00,32.00,689.00,32.00,689.00,0.000,-0.002,0.002
791.00,170.00,32.00,689.00,32.00,689.00,0.000,-0.001,0.001
159.00,171.00,32.00,689.00,32.00,689.00,0.000,-0.002,0.002
332.00,171.00,32.00,689.00,32.00,689.00,0.000,-0.002,0.002
793.00,172.00,32.00,689.00,32.00,689.00,0.000,-0.001,0.001
796.00,172.00,32.00,689.00,32.00,689.00,0.000,-0.001,0.001
155.00,174.00,32.00,689.00,32.00,689.00,-0.000,-0.002,0.002
795.00,174.00,32.00,689.00,32.00,689.00,0.000,-0.001,0.001
798.00,174.00,32.00,689.00,32.00,689.00,0.000,-0.001,0.001
871.00,175.00,32.00,689.00,32.00,689.00,0.000,-0.001,0.001
156.00,176.00,32.00,689.00,32.00,689.00,-0.000,-0.002,0.002
312.00,176.00,32.00,689.00,32.00,689.00,0.000,-0.002,0.002
574.00,176.00,32.00,689.00,32.00,689.00,0.000,-0.001,0.001
136.00,179.00,32.00,689.00,32.00,689.00,-0.000,-0.002,0.002
156.00,179.00,32.00,689.00,32.00,689.00,-0.000,-0.002,0.002
1002.00,180.00,32.00,689.00,32.00,689.00,0.000,-0.001,0.001
996.00,182.00,32.00,689.00,32.00,689.00,0.000,-0.001,0.001
918.00,184.00,32.00,689.00,32.00,689.00,0.000,-0.001,0.001
187.00,187.00,32.00,689.00,32.00,689.00,-0.000,-0.002,0.002
816.00,187.00,32.00,689.00,32.00,689.00,0.000,-0.001,0.001
819.00,187.00,32.00,689.00,32.00,689.00,0.000,-0.001,0.001
179.00,188.00,32.00,689.00,32.00,689.00,-0.000,-0.002,0.002
822.00,188.00,32.00,689.00,32.00,689.00,0.000,-0.001,0.001
814.00,189.00,32.00,689.00,32.00,689.00,0.000,-0.001,0.001
759.00,190.00,32.00,689.00,32.00,689.00,0.000,-0.001,0.001
800.00,190.00,32.00,689.00,32.00,689.00,0.000,-0.001,0.001
816.00,191.00,32.00,689.00,32.00,689.00,0.000,-0.001,0.001
821.00,191.00,32.00,689.00,32.00,689.00,0.000,-0.001,0.001
183.00,192.00,32.00,689.00,32.00,689.00,-0.000,-0.002,0.002
814.00,192.00,32.00,689.00,32.00,689.00,0.000,-0.001,0.001
818.00,192.00,32.00,689.00,32.00,689.00,0.000,-0.001,0.001
811.00,193.00,32.00,689.00,32.00,689.00,0.000,-0.001,0.001
814.00,194.00,32.00,689.00,32.00,689.00,0.000,-0.001,0.001
217.00,195.00,32.00,689.00,32.00,689.00,-0.000,-0.001,0.001
315.00,195.00,32.00,689.00,32.00,689.00,-0.000,-0.001,0.001
256.00,197.00,32.00,689.00,32.00,689.00,-0.000,-0.001,0.001
1031.00,197.00,32.00,689.00,32.00,689.00,0.000,-0.001,0.001
241.00,198.00,32.00,689.00,32.00,689.00,-0.000,-0.001,0.001
812.00,198.00,32.00,689.00,32.00,689.00,0.000,-0.001,0.001
802.00,199.00,32.00,689.00,32.00,689.00,0.000,-0.001,0.001
250.00,200.00,32.00,689.00,32.00,689.00,-0.000,-0.001,0.001
1036.00,200.00,32.00,689.00,32.00,689.00,0.000,-0.001,0.001
258.00,201.00,32.00,689.00,32.00,689.00,-0.000,-0.001,0.001
390.00,201.00,32.00,689.00,32.00,689.00,-0.000,-0.001,0.001
814.00,201.00,32.00,689.00,32.00,689.00,0.000,-0.001,0.001
1032.00,202.00,32.00,689.00,32.00,689.00,0.000,-0.001,0.001
255.00,203.00,32.00,689.00,32.00,689.00,-0.000,-0.001,0.001
1037.00,203.00,32.00,689.00,32.00,689.00,0.000,-0.001,0.001
946.00,204.00,32.00,689.00,32.00,689.00,0.000,-0.001,0.001
1034.00,204.00,32.00,689.00,32.00,689.00,0.000,-0.001,0.001
258.00,205.00,32.00,689.00,32.00,689.00,-0.000,-0.001,0.001
944.00,205.00,32.00,689.00,32.00,689.00,0.000,-0.001,0.001
237.00,206.00,32.00,689.00,32.00,689.00,-0.000,-0.001,0.001
393.00,206.00,32.00,689.00,32.00,689.00,-0.000,-0.001,0.001
566.00,206.00,32.00,689.00,32.00,689.00,0.000,-0.001,0.001
942.00,206.00,32.00,689.00,32.00,689.00,0.000,-0.001,0.001
950.00,206.00,32.00,689.00,32.00,689.00,0.000,-0.001,0.001
315.00,207.00,32.00,689.00,32.00,689.00,-0.000,-0.001,0.001
395.00,207.00,32.00,689.00,32.00,689.00,-0.000,-0.001,0.001
398.00,207.00,32.00,689.00,32.00,689.00,-0.000,-0.001,0.001
944.00,207.00,32.00,689.00,32.00,689.00,0.000,-0.001,0.001
1036.00,207.00,32.00,689.00,32.00,689.00,0.000,-0.001,0.001
256.00,208.00,32.00,689.00,32.00,689.00,-0.000,-0.001,0.001
947.00,208.00,32.00,689.00,32.00,689.00,0.000,-0.001,0.001
1033.00,208.00,32.00,689.00,32.00,689.00,0.000,-0.001,0.001
253.00,209.00,32.00,689.00,32.00,689.00,-0.000,-0.001,0.001
393.00,209.00,32.00,689.00,32.00,689.00,-0.000,-0.001,0.001
258.00,210.00,32.00,689.00,32.00,689.00,-0.000,-0.001,0.001
271.00,210.00,32.00,689.00,32.00,689.00,-0.000,-0.001,0.001
566.00,210.00,32.00,689.00,32.00,689.00,-0.000,-0.001,0.001
1032.00,210.00,32.00,689.00,32.00,689.00,0.000,-0.000,0.000
316.00,211.00,32.00,689.00,32.00,689.00,-0.000,-0.001,0.001
413.00,211.00,32.00,689.00,32.00,689.00,-0.000,-0.001,0.001
410.00,212.00,32.00,689.00,32.00,689.00,-0.000,-0.001,0.001
917.00,212.00,32.00,689.00,32.00,689.00,0.000,-0.001,0.001
271.00,213.00,32.00,689.00,32.00,689.00,-0.000,-0.001,0.001
348.00,214.00,32.00,689.00,32.00,689.00,-0.000,-0.001,0.001
344.00,215.00,32.00,689.00,32.00,689.00,-0.000,-0.001,0.001
728.00,215.00,32.00,689.00,32.00,689.00,0.000,-0.001,0.001
746.00,215.00,32.00,689.00,32.00,689.00,0.000,-0.001,0.001
787.00,215.00,32.00,689.00,32.00,689.00,0.000,-0.001,0.001
276.00,216.00,32.00,689.00,32.00,689.00,-0.000,-0.001,0.001
340.00,216.00,32.00,689.00,32.00,689.00,-0.000,-0.001,0.001
346.00,216.00,32.00,689.00,32.00,689.00,-0.000,-0.001,0.001
350.00,216.00,32.00,689.00,32.00,689.00,-0.000,-0.001,0.001
916.00,216.00,32.00,689.00,32.00,689.00,0.000,-0.000,0.000
278.00,217.00,32.00,689.00,32.00,689.00,-0.000,-0.001,0.001
355.00,217.00,32.00,689.00,32.00,689.00,-0.000,-0.001,0.001
567.00,217.00,32.00,689.00,32.00,689.00,-0.000,-0.001,0.001
340.00,218.00,32.00,689.00,32.00,689.00,-0.000,-0.001,0.001
352.00,218.00,32.00,689.00,32.00,689.00,-0.000,-0.001,0.001
358.00,218.00,32.00,689.00,32.00,689.00,-0.000,-0.001,0.001
745.00,218.00,32.00,689.00,32.00,689.00,0.000,-0.000,0.000
749.00,218.00,32.00,689.00,32.00,689.00,0.000,-0.000,0.000
896.00,218.00,32.00,689.00,32.00,689.00,0.000,-0.000,0.000
348.00,219.00,32.00,689.00,32.00,689.00,-0.000,-0.001,0.001
356.00,219.00,32.00,689.00,32.00,689.00,-0.000,-0.001,0.001
413.00,220.00,32.00,689.00,32.00,689.00,-0.000,-0.001,0.001
786.00,220.00,32.00,689.00,32.00,689.00,0.000,-0.000,0.000
894.00,220.00,32.00,689.00,32.00,689.00,0.000,-0.000,0.000
788.00,221.00,32.00,689.00,32.00,689.00,0.000,-0.000,0.000
897.00,221.00,32.00,689.00,32.00,689.00,0.000,-0.000,0.000
360.00,222.00,32.00,689.00,32.00,689.00,-0.000,-0.001,0.001
369.00,223.00,32.00,689.00,32.00,689.00,-0.000,-0.001,0.001
752.00,223.00,32.00,689.00,32.00,689.00,0.000,-0.000,0.000
373.00,224.00,32.00,689.00,32.00,689.00,-0.000,-0.001,0.001
1156.00,224.00,32.00,689.00,32.00,689.00,0.000,-0.000,0.000
680.00,225.00,32.00,689.00,32.00,689.00,-0.000,-0.000,0.000
224.00,226.00,32.00,689.00,32.00,689.00,-0.000,-0.001,0.001
250.00,226.00,32.00,689.00,32.00,689.00,-0.000,-0.001,0.001
363.00,226.00,32.00,689.00,32.00,689.00,-0.000,-0.000,0.000
759.00,226.00,32.00,689.00,32.00,689.00,0.000,-0.000,0.000
1153.00,226.00,32.00,689.00,32.00,689.00,0.000,-0.000,0.000
252.00,227.00,32.00,689.00,32.00,689.00,-0.000,-0.001,0.001
373.00,227.00,32.00,689.00,32.00,689.00,-0.000,-0.000,0.000
375.00,227.00,32.00,689.00,32.00,689.00,-0.000,-0.000,0.000
226.00,229.00,32.00,689.00,32.00,689.00,-0.000,-0.000,0.000
1155.00,229.00,32.00,689.00,32.00,689.00,0.000,-0.000,0.000
1121.00,230.00,32.00,689.00,32.00,689.00,0.000,-0.000,0.000
255.00,231.00,32.00,689.00,32.00,689.00,-0.000,-0.000,0.000
362.00,231.00,32.00,689.00,32.00,689.00,-0.000,-0.000,0.000
861.00,231.00,32.00,689.00,32.00,689.00,0.000,-0.000,0.000
1008.00,231.00,32.00,689.00,32.00,689.00,0.000,-0.000,0.000
367.00,232.00,32.00,689.00,32.00,689.00,-0.000,-0.000,0.000
751.00,232.00,32.00,689.00,32.00,689.00,-0.000,-0.000,0.000
1027.00,232.00,32.00,689.00,32.00,689.00,0.000,-0.000,0.000
253.00,233.00,32.00,689.00,32.00,689.00,-0.000,-0.000,0.000
507.00,233.00,32.00,689.00,32.00,689.00,-0.000,-0.000,0.000
1006.00,233.00,32.00,689.00,32.00,689.00,0.000,-0.000,0.000
1048.00,233.00,32.00,689.00,32.00,689.00,0.000,-0.000,0.000
248.00,234.00,32.00,689.00,32.00,689.00,-0.000,-0.000,0.000
932.00,234.00,32.00,689.00,32.00,689.00,0.000,-0.000,0.000
1154.00,234.00,32.00,689.00,32.00,689.00,0.000,-0.000,0.000
223.00,235.00,32.00,689.00,32.00,689.00,-0.000,-0.000,0.000
501.00,235.00,32.00,689.00,32.00,689.00,-0.000,-0.000,0.000
505.00,235.00,32.00,689.00,32.00,689.00,-0.000,-0.000,0.000
927.00,235.00,32.00,689.00,32.00,689.00,0.000,-0.000,0.000
1051.00,236.00,32.00,689.00,32.00,689.00,0.000,-0.000,0.000
1120.00,236.00,32.00,689.00,32.00,689.00,0.000,-0.000,0.000
498.00,237.00,32.00,689.00,32.00,689.00,-0.000,-0.000,0.000
1029.00,237.00,32.00,689.00,32.00,689.00,0.000,-0.000,0.000
1125.00,237.00,32.00,689.00,32.00,689.00,0.000,-0.000,0.000
1052.00,238.00,32.00,689.00,32.00,689.00,0.000,-0.000,0.000
609.00,239.00,32.00,689.00,32.00,689.00,-0.000,-0.000,0.000
1050.00,240.00,32.00,689.00,32.00,689.00,0.000,0.000,0.000
1032.00,245.00,32.00,689.00,32.00,689.00,0.000,0.000,0.000
1036.00,245.00,32.00,689.00,32.00,689.00,0.000,0.000,0.000
405.00,249.00,32.00,689.00,32.00,689.00,-0.000,0.000,0.000
1039.00,249.00,32.00,689.00,32.00,689.00,0.000,0.000,0.000
564.00,250.00,32.00,689.00,32.00,689.00,-0.000,0.000,0.000
574.00,251.00,32.00,689.00,32.00,689.00,-0.000,0.000,0.000
770.00,251.00,32.00,689.00,32.00,689.00,-0.000,0.000,0.000
1030.00,251.00,32.00,689.00,32.00,689.00,-0.000,0.000,0.000
359.00,252.00,32.00,689.00,32.00,689.00,-0.000,0.000,0.000
572.00,252.00,32.00,689.00,32.00,689.00,-0.000,0.000,0.000
1039.00,252.00,32.00,689.00,32.00,689.00,-0.000,0.000,0.000
357.00,253.00,32.00,689.00,32.00,689.00,-0.000,0.000,0.001
1030.00,253.00,32.00,689.00,32.00,689.00,-0.000,0.000,0.000
1036.00,253.00,32.00,689.00,32.00,689.00,-0.000,0.000,0.000
567.00,254.00,32.00,689.00,32.00,689.00,-0.000,0.000,0.000
1120.00,254.00,32.00,689.00,32.00,689.00,0.000,0.000,0.000
365.00,255.00,32.00,689.00,32.00,689.00,-0.000,0.001,0.001
506.00,255.00,32.00,689.00,32.00,689.00,-0.000,0.000,0.000
565.00,255.00,32.00,689.00,32.00,689.00,-0.000,0.000,0.000
1039.00,255.00,32.00,689.00,32.00,689.00,-0.000,0.000,0.000
1066.00,255.00,32.00,689.00,32.00,689.00,-0.000,0.000,0.000
367.00,256.00,32.00,689.00,32.00,689.00,-0.000,0.001,0.001
1026.00,256.00,32.00,689.00,32.00,689.00,-0.000,0.000,0.000
503.00,257.00,32.00,689.00,32.00,689.00,-0.000,0.000,0.000
515.00,257.00,32.00,689.00,32.00,689.00,-0.000,0.000,0.000
931.00,257.00,32.00,689.00,32.00,689.00,-0.000,0.000,0.000
935.00,257.00,32.00,689.00,32.00,689.00,-0.000,0.000,0.000
1111.00,257.00,32.00,689.00,32.00,689.00,-0.000,0.000,0.000
360.00,258.00,32.00,689.00,32.00,689.00,-0.000,0.001,0.001
926.00,258.00,32.00,689.00,32.00,689.00,-0.000,0.000,0.000
1065.00,258.00,32.00,689.00,32.00,689.00,-0.000,0.000,0.000
1188.00,259.00,32.00,689.00,32.00,689.00,0.000,0.000,0.000
514.00,260.00,32.00,689.00,32.00,689.00,-0.000,0.001,0.001
570.00,260.00,32.00,689.00,32.00,689.00,-0.000,0.001,0.001
932.00,260.00,32.00,689.00,32.00,689.00,-0.000,0.000,0.000
1035.00,260.00,32.00,689.00,32.00,689.00,-0.000,0.000,0.000
1142.00,260.00,32.00,689.00,32.00,689.00,-0.000,0.000,0.000
1108.00,261.00,32.00,689.00,32.00,689.00,-0.000,0.000,0.000
1138.00,262.00,32.00,689.00,32.00,689.00,-0.000,0.000,0.000
1143.00,262.00,32.00,689.00,32.00,689.00,-0.000,0.000,0.000
509.00,263.00,32.00,689.00,32.00,689.00,-0.000,0.001,0.001
1111.00,263.00,32.00,689.00,32.00,689.00,-0.000,0.000,0.000
1139.00,264.00,32.00,689.00,32.00,689.00,-0.000,0.000,0.000
1170.00,264.00,32.00,689.00,32.00,689.00,-0.000,0.000,0.000
367.00,265.00,32.00,689.00,32.00,689.00,-0.000,0.001,0.001
1133.00,266.00,32.00,689.00,32.00,689.00,-0.000,0.000,0.000
745.00,267.00,32.00,689.00,32.00,689.00,-0.000,0.001,0.001
852.00,267.00,32.00,689.00,32.00,689.00,-0.000,0.001,0.001
742.00,268.00,32.00,689.00,32.00,689.00,-0.000,0.001,0.001
748.00,268.00,32.00,689.00,32.00,689.00,-0.000,0.001,0.001
1134.00,268.00,32.00,689.00,32.00,689.00,-0.000,0.000,0.000
432.00,269.00,32.00,689.00,32.00,689.00,-0.000,0.001,0.001
745.00,269.00,32.00,689.00,32.00,689.00,-0.000,0.001,0.001
1136.00,269.00,32.00,689.00,32.00,689.00,-0.000,0.000,0.000
430.00,270.00,32.00,689.00,32.00,689.00,-0.000,0.001,0.001
740.00,270.00,32.00,689.00,32.00,689.00,-0.000,0.001,0.001
393.00,271.00,32.00,689.00,32.00,689.00,-0.000,0.001,0.001
423.00,271.00,32.00,689.00,32.00,689.00,-0.000,0.001,0.001
500.00,271.00,32.00,689.00,32.00,689.00,-0.000,0.001,0.001
856.00,271.00,32.00,689.00,32.00,689.00,-0.000,0.001,0.001
390.00,272.00,32.00,689.00,32.00,689.00,-0.000,0.001,0.001
429.00,272.00,32.00,689.00,32.00,689.00,-0.000,0.001,0.001
1134.00,272.00,32.00,689.00,32.00,689.00,-0.000,0.001,0.001
434.00,273.00,32.00,689.00,32.00,689.00,-0.000,0.001,0.001
503.00,273.00,32.00,689.00,32.00,689.00,-0.000,0.001,0.001
745.00,273.00,32.00,689.00,32.00,689.00,-0.000,0.001,0.001
1083.00,273.00,32.00,689.00,32.00,689.00,-0.000,0.001,0.001
421.00,274.00,32.00,689.00,32.00,689.00,-0.000,0.001,0.001
432.00,274.00,32.00,689.00,32.00,689.00,-0.000,0.001,0.001
496.00,274.00,32.00,689.00,32.00,689.00,-0.000,0.001,0.001
499.00,275.00,32.00,689.00,32.00,689.00,-0.000,0.001,0.001
676.00,275.00,32.00,689.00,32.00,689.00,-0.000,0.001,0.001
742.00,275.00,32.00,689.00,32.00,689.00,-0.000,0.001,0.001
876.00,275.00,32.00,689.00,32.00,689.00,-0.000,0.001,0.001
75.00,276.00,32.00,689.00,32.00,689.00,-0.001,0.003,0.004
390.00,276.00,32.00,689.00,32.00,689.00,-0.000,0.002,0.002
425.00,276.00,32.00,689.00,32.00,689.00,-0.000,0.001,0.001
888.00,276.00,32.00,689.00,32.00,689.00,-0.000,0.001,0.001
156.00,277.00,32.00,689.00,32.00,689.00,-0.000,0.003,0.003
395.00,277.00,32.00,689.00,32.00,689.00,-0.000,0.002,0.002
504.00,277.00,32.00,689.00,32.00,689.00,-0.000,0.001,0.001
873.00,277.00,32.00,689.00,32.00,689.00,-0.000,0.001,0.001
48.00,278.00,32.00,689.00,32.00,689.00,-0.001,0.004,0.004
200.00,278.00,32.00,689.00,32.00,689.00,-0.000,0.003,0.003
672.00,278.00,32.00,689.00,32.00,689.00,-0.000,0.001,0.001
883.00,278.00,32.00,689.00,32.00,689.00,-0.000,0.001,0.001
887.00,278.00,32.00,689.00,32.00,689.00,-0.000,0.001,0.001
678.00,279.00,32.00,689.00,32.00,689.00,-0.000,0.001,0.001
871.00,279.00,32.00,689.00,32.00,689.00,-0.000,0.001,0.001
875.00,279.00,32.00,689.00,32.00,689.00,-0.000,0.001,0.001
151.00,280.00,32.00,689.00,32.00,689.00,-0.000,0.003,0.003
157.00,280.00,32.00,689.00,32.00,689.00,-0.000,0.003,0.003
166.00,280.00,32.00,689.00,32.00,689.00,-0.000,0.003,0.003
392.00,280.00,32.00,689.00,32.00,689.00,-0.000,0.002,0.002
529.00,280.00,32.00,689.00,32.00,689.00,-0.000,0.001,0.001
866.00,280.00,32.00,689.00,32.00,689.00,-0.000,0.001,0.001
394.00,281.00,32.00,689.00,32.00,689.00,-0.000,0.002,0.002
1165.00,281.00,32.00,689.00,32.00,689.00,-0.000,0.001,0.001
166.00,282.00,32.00,689.00,32.00,689.00,-0.000,0.003,0.003
871.00,282.00,32.00,689.00,32.00,689.00,-0.000,0.001,0.001
878.00,282.00,32.00,689.00,32.00,689.00,-0.000,0.001,0.001
524.00,283.00,32.00,689.00,32.00,689.00,-0.000,0.002,0.002
880.00,283.00,32.00,689.00,32.00,689.00,-0.000,0.001,0.001
1205.00,283.00,32.00,689.00,32.00,689.00,-0.000,0.001,0.001
875.00,284.00,32.00,689.00,32.00,689.00,-0.000,0.001,0.001
878.00,284.00,32.00,689.00,32.00,689.00,-0.000,0.001,0.001
168.00,285.00,32.00,689.00,32.00,689.00,-0.000,0.004,0.004
881.00,285.00,32.00,689.00,32.00,689.00,-0.000,0.001,0.001
165.00,286.00,32.00,689.00,32.00,689.00,-0.000,0.004,0.004
859.00,286.00,32.00,689.00,32.00,689.00,-0.000,0.001,0.001
865.00,286.00,32.00,689.00,32.00,689.00,-0.000,0.001,0.001
868.00,286.00,32.00,689.00,32.00,689.00,-0.000,0.001,0.001
1197.00,286.00,32.00,689.00,32.00,689.00,-0.000,0.001,0.001
167.00,287.00,32.00,689.00,32.00,689.00,-0.001,0.004,0.004
523.00,289.00,32.00,689.00,32.00,689.00,-0.000,0.002,0.002
861.00,289.00,32.00,689.00,32.00,689.00,-0.000,0.001,0.001
170.00,290.00,32.00,689.00,32.00,689.00,-0.001,0.004,0.004
270.00,290.00,32.00,689.00,32.00,689.00,-0.000,0.003,0.003
866.00,290.00,32.00,689.00,32.00,689.00,-0.000,0.001,0.001
505.00,291.00,32.00,689.00,32.00,689.00,-0.000,0.002,0.002
938.00,291.00,32.00,689.00,32.00,689.00,-0.000,0.001,0.001
944.00,292.00,32.00,689.00,32.00,689.00,-0.000,0.001,0.001
1229.00,292.00,32.00,689.00,32.00,689.00,-0.000,0.001,0.001
1232.00,292.00,32.00,689.00,32.00,689.00,-0.000,0.001,0.001
265.00,293.00,32.00,689.00,32.00,689.00,-0.000,0.004,0.004
263.00,294.00,32.00,689.00,32.00,689.00,-0.000,0.004,0.004
404.00,294.00,32.00,689.00,32.00,689.00,-0.000,0.003,0.003
1232.00,294.00,32.00,689.00,32.00,689.00,-0.000,0.001,0.001
267.00,295.00,32.00,689.00,32.00,689.00,-0.000,0.004,0.004
271.00,295.00,32.00,689.00,32.00,689.00,-0.000,0.004,0.004
401.00,295.00,32.00,689.00,32.00,689.00,-0.000,0.003,0.003
1229.00,296.00,32.00,689.00,32.00,689.00,-0.000,0.001,0.001
173.00,298.00,32.00,689.00,32.00,689.01,-0.001,0.006,0.006
176.00,298.00,32.00,689.00,32.00,689.01,-0.001,0.006,0.006
944.00,298.00,32.00,689.00,32.00,689.00,-0.000,0.001,0.001
277.00,299.00,32.00,689.00,32.00,689.00,-0.000,0.004,0.004
428.00,299.00,32.00,689.00,32.00,689.00,-0.000,0.003,0.003
404.00,300.00,32.00,689.00,32.00,689.00,-0.000,0.003,0.003
421.00,300.00,32.00,689.00,32.00,689.00,-0.000,0.003,0.003
436.00,300.00,32.00,689.00,32.00,689.00,-0.000,0.003,0.003
174.00,301.00,32.00,689.00,32.00,689.01,-0.001,0.006,0.006
176.00,301.00,32.00,689.00,32.00,689.01,-0.001,0.006,0.006
406.00,301.00,32.00,689.00,32.00,689.00,-0.000,0.003,0.003
418.00,301.00,32.00,689.00,32.00,689.00,-0.000,0.003,0.003
498.00,301.00,32.00,689.00,32.00,689.00,-0.000,0.003,0.003
939.00,301.00,32.00,689.00,32.00,689.00,-0.000,0.001,0.001
594.00,302.00,32.00,689.00,32.00,689.00,-0.000,0.002,0.002
177.00,303.00,32.00,689.00,32.00,689.01,-0.001,0.007,0.007
439.00,303.00,32.00,689.00,32.00,689.00,-0.000,0.003,0.003
946.00,303.00,32.00,689.00,32.00,689.00,-0.000,0.002,0.002
424.00,304.00,32.00,689.00,32.00,689.00,-0.000,0.003,0.003
590.00,304.00,32.00,689.00,32.00,689.00,-0.000,0.002,0.002
943.00,304.00,32.00,689.00,32.00,689.00,-0.000,0.002,0.002
1190.00,304.00,32.00,689.00,32.00,689.00,-0.000,0.001,0.001
437.00,305.00,32.00,689.00,32.00,689.00,-0.000,0.003,0.003
439.00,306.00,32.00,689.00,32.00,689.00,-0.000,0.003,0.003
263.00,307.00,32.00,689.00,32.00,689.01,-0.001,0.005,0.005
1192.00,307.00,32.00,689.00,32.00,689.00,-0.000,0.001,0.001
1225.00,307.00,32.00,689.00,32.00,689.00,-0.000,0.001,0.001
502.00,308.00,32.00,689.00,32.00,689.00,-0.000,0.003,0.003
948.00,308.00,32.00,689.00,32.00,689.00,-0.000,0.002,0.002
1182.00,308.00,32.00,689.00,32.00,689.00,-0.000,0.001,0.001
1184.00,309.00,32.00,689.00,32.00,689.00,-0.000,0.001,0.001
288.00,310.00,32.00,689.00,32.00,689.01,-0.001,0.005,0.005
504.00,310.00,32.00,689.00,32.00,689.00,-0.000,0.003,0.003
195.00,311.00,32.00,689.00,32.00,689.01,-0.001,0.008,0.008
262.00,311.00,32.00,689.00,32.00,689.01,-0.001,0.006,0.006
294.00,311.00,32.00,689.00,32.00,689.01,-0.001,0.005,0.006
669.00,312.00,32.00,689.00,32.00,689.00,-0.000,0.003,0.003
671.00,312.00,32.00,689.00,32.00,689.00,-0.000,0.003,0.003
1172.00,312.00,32.00,689.00,32.00,689.00,-0.000,0.001,0.001
291.00,313.00,32.00,689.00,32.00,689.01,-0.001,0.006,0.006
555.00,313.00,32.00,689.00,32.00,689.00,-0.000,0.003,0.003
1174.00,313.00,32.00,689.00,32.00,689.00,-0.000,0.001,0.001
1178.00,313.00,32.00,689.00,32.00,689.00,-0.000,0.001,0.001
196.00,314.00,32.00,689.00,32.00,689.01,-0.001,0.009,0.009
208.00,314.00,32.00,689.00,32.00,689.01,-0.001,0.008,0.008
445.00,314.00,32.00,689.00,32.00,689.00,-0.000,0.004,0.004
561.00,314.00,32.00,689.00,32.00,689.00,-0.000,0.003,0.003
889.00,314.00,32.00,689.00,32.00,689.00,-0.000,0.002,0.002
1009.00,314.00,32.00,689.00,32.00,689.00,-0.000,0.002,0.002
1054.00,314.00,32.00,689.00,32.00,689.00,-0.000,0.002,0.002
289.00,315.00,32.00,689.00,32.00,689.01,-0.001,0.006,0.006
887.00,315.00,32.00,689.00,32.00,689.00,-0.000,0.002,0.002
256.00,316.00,32.00,689.00,32.00,689.01,-0.001,0.007,0.007
300.00,316.00,32.00,689.00,32.00,689.01,-0.001,0.006,0.006
558.00,316.00,32.00,689.00,32.00,689.00,-0.000,0.003,0.003
882.00,316.00,32.00,689.00,32.00,689.00,-0.000,0.002,0.002
1007.00,316.00,32.00,689.00,32.00,689.00,-0.000,0.002,0.002
297.00,317.00,32.00,689.00,32.00,689.01,-0.001,0.006,0.006
560.00,317.00,32.00,689.00,32.00,689.00,-0.000,0.003,0.003
575.00,317.00,32.00,689.00,32.00,689.00,-0.000,0.003,0.003
563.00,318.00,32.00,689.00,32.00,689.00,-0.000,0.003,0.003
594.00,318.00,32.00,689.00,32.00,689.00,-0.000,0.003,0.003
634.00,318.00,32.00,689.00,32.00,689.00,-0.000,0.003,0.003
1006.00,318.00,32.00,689.00,32.00,689.00,-0.000,0.002,0.002
1072.00,318.00,32.00,689.00,32.00,689.00,-0.000,0.002,0.002
559.00,319.00,32.00,689.00,32.00,689.00,-0.000,0.003,0.003
572.00,319.00,32.00,689.00,32.00,689.00,-0.000,0.003,0.003
575.00,319.00,32.00,689.00,32.00,689.00,-0.000,0.003,0.003
889.00,319.00,32.00,689.00,32.00,689.00,-0.000,0.002,0.002
579.00,320.00,32.00,689.00,32.00,689.00,-0.000,0.003,0.003
586.00,320.00,32.00,689.00,32.00,689.00,-0.000,0.003,0.003
883.00,320.00,32.00,689.00,32.00,689.00,-0.000,0.002,0.002
584.00,321.00,32.00,689.00,32.00,689.00,-0.000,0.003,0.003
634.00,321.00,32.00,689.00,32.00,689.00,-0.000,0.003,0.003
393.00,322.00,32.00,689.00,32.00,689.01,-0.000,0.005,0.005
582.00,322.00,32.00,689.00,32.00,689.00,-0.000,0.004,0.004
591.00,322.00,32.00,689.00,32.00,689.00,-0.000,0.003,0.003
1216.00,322.00,32.00,689.00,32.00,689.00,-0.000,0.002,0.002
588.00,323.00,32.00,689.00,32.00,689.00,-0.000,0.004,0.004
636.00,323.00,32.00,689.00,32.00,689.00,-0.000,0.003,0.003
1091.00,323.00,32.00,689.00,32.00,689.00,-0.000,0.002,0.002
1209.00,324.00,32.00,689.00,32.00,689.00,-0.000,0.002,0.002
1084.00,326.00,32.00,689.00,32.00,689.00,-0.000,0.002,0.002
1217.00,326.00,32.00,689.00,32.00,689.00,-0.000,0.002,0.002
283.00,327.00,32.00,689.00,32.00,689.01,-0.001,0.009,0.009
281.00,328.00,32.00,689.00,32.00,689.01,-0.001,0.009,0.009
1086.00,328.00,32.00,689.00,32.00,689.00,-0.000,0.002,0.002
1211.00,328.00,32.00,689.00,32.00,689.00,-0.000,0.002,0.002
223.00,329.00,32.00,689.00,32.00,689.01,-0.001,0.013,0.013
637.00,329.00,32.00,689.00,32.00,689.00,-0.000,0.004,0.004
279.00,331.00,32.00,689.00,32.00,689.01,-0.001,0.011,0.011
490.00,331.00,32.00,689.00,32.00,689.01,-0.000,0.005,0.005
1092.00,331.00,32.00,689.00,32.00,689.00,-0.000,0.002,0.002
285.00,333.00,32.00,689.00,32.00,689.01,-0.001,0.011,0.011
491.00,333.00,32.00,689.00,32.00,689.01,-0.000,0.005,0.005
608.00,333.00,32.00,689.00,32.00,689.00,-0.000,0.004,0.004
1088.00,333.00,32.00,689.00,32.00,689.00,-0.000,0.002,0.002
321.00,334.00,32.00,689.00,32.00,689.01,-0.001,0.010,0.010
1097.00,334.00,32.00,689.00,32.00,689.00,-0.000,0.002,0.002
495.00,335.00,32.00,689.00,32.00,689.01,-0.000,0.006,0.006
884.00,335.00,32.00,689.00,32.00,689.00,-0.000,0.003,0.003
323.00,336.00,32.00,689.00,32.00,689.01,-0.001,0.010,0.010
492.00,336.00,32.00,689.00,32.00,689.01,-0.000,0.006,0.006
1208.00,337.00,32.00,689.00,32.00,689.00,-0.000,0.002,0.002
494.00,338.00,32.00,689.00,32.00,689.01,-0.000,0.006,0.006
492.00,339.00,32.00,689.00,32.00,689.01,-0.000,0.006,0.006
509.00,339.00,32.00,689.00,32.00,689.01,-0.000,0.006,0.006
611.00,339.00,32.00,689.00,32.00,689.00,-0.000,0.005,0.005
1082.00,340.00,32.00,689.00,32.00,689.00,-0.000,0.002,0.002
1189.00,340.00,32.00,689.00,32.00,689.00,-0.000,0.002,0.002
1213.00,340.00,32.00,689.00,32.00,689.00,-0.000,0.002,0.002
1216.00,340.00,32.00,689.00,32.00,689.00,-0.000,0.002,0.002
282.00,341.00,32.00,689.00,32.00,689.01,-0.001,0.015,0.015
495.00,341.00,32.00,689.00,32.00,689.01,-0.000,0.006,0.006
501.00,341.00,32.00,689.00,32.00,689.01,-0.000,0.006,0.006
1222.00,342.00,32.00,689.00,32.00,689.00,-0.000,0.002,0.002
40.00,343.00,32.00,689.00,32.00,688.97,0.003,-0.029,0.030
612.00,343.00,32.00,689.00,32.00,689.01,-0.000,0.005,0.005
899.00,343.00,32.00,689.00,32.00,689.00,-0.000,0.003,0.003
1218.00,343.00,32.00,689.00,32.00,689.00,-0.000,0.002,0.002
255.00,345.00,32.00,689.00,32.00,689.02,-0.002,0.021,0.021
609.00,347.00,32.00,689.00,32.00,689.01,-0.000,0.005,0.006
821.00,347.00,32.00,689.00,32.00,689.00,-0.000,0.004,0.004
833.00,347.00,32.00,689.00,32.00,689.00,-0.000,0.004,0.004
676.00,348.00,32.00,689.00,32.00,689.00,-0.000,0.005,0.005
567.00,349.00,32.00,689.00,32.00,689.01,-0.000,0.006,0.006
679.00,349.00,32.00,689.00,32.00,689.00,-0.000,0.005,0.005
572.00,350.00,32.00,689.00,32.00,689.01,-0.000,0.006,0.006
676.00,350.00,32.00,689.00,32.00,689.01,-0.000,0.005,0.005
818.00,350.00,32.00,689.00,32.00,689.00,-0.000,0.004,0.004
1075.00,350.00,32.00,689.00,32.00,689.00,-0.000,0.003,0.003
354.00,351.00,32.00,689.00,32.00,689.01,-0.001,0.014,0.014
460.00,351.00,32.00,689.00,32.00,689.01,-0.001,0.009,0.009
1072.00,351.00,32.00,689.00,32.00,689.00,-0.000,0.003,0.003
1079.00,351.00,32.00,689.00,32.00,689.00,-0.000,0.003,0.003
576.00,352.00,32.00,689.00,32.00,689.01,-0.000,0.007,0.007
815.00,352.00,32.00,689.00,32.00,689.00,-0.000,0.004,0.004
832.00,352.00,32.00,689.00,32.00,689.00,-0.000,0.004,0.004
1074.00,352.00,32.00,689.00,32.00,689.00,-0.000,0.003,0.003
571.00,353.00,32.00,689.00,32.00,689.01,-0.000,0.007,0.007
829.00,353.00,32.00,689.00,32.00,689.00,-0.000,0.004,0.004
817.00,354.00,32.00,689.00,32.00,689.00,-0.000,0.004,0.004
826.00,354.00,32.00,689.00,32.00,689.00,-0.000,0.004,0.004
1078.00,354.00,32.00,689.00,32.00,689.00,-0.000,0.003,0.003
352.00,355.00,32.00,689.00,32.00,689.02,-0.001,0.016,0.016
437.00,355.00,32.00,689.00,32.00,689.01,-0.001,0.011,0.011
1073.00,356.00,32.00,689.00,32.00,689.00,-0.000,0.003,0.003
53.00,357.00,32.00,689.00,32.00,688.98,0.002,-0.021,0.021
430.00,357.00,32.00,689.00,32.00,689.01,-0.001,0.011,0.012
576.00,358.00,32.00,689.00,32.00,689.01,-0.000,0.007,0.007
1076.00,359.00,32.00,689.00,32.00,689.00,-0.000,0.003,0.003
1078.00,359.00,32.00,689.00,32.00,689.00,-0.000,0.003,0.003
428.00,360.00,32.00,689.00,32.00,689.01,-0.001,0.013,0.013
454.00,360.00,32.00,689.00,32.00,689.01,-0.001,0.011,0.011
477.00,360.00,32.00,689.00,32.00,689.01,-0.001,0.010,0.010
1111.00,360.00,32.00,689.00,32.00,689.00,-0.000,0.003,0.003
491.00,361.00,32.00,689.00,32.00,689.01,-0.001,0.010,0.010
459.00,362.00,32.00,689.00,32.00,689.01,-0.001,0.012,0.012
474.00,362.00,32.00,689.00,32.00,689.01,-0.001,0.011,0.011
488.00,362.00,32.00,689.00,32.00,689.01,-0.001,0.010,0.010
1108.00,362.00,32.00,689.00,32.00,689.00,-0.000,0.003,0.003
1080.00,363.00,32.00,689.00,32.00,689.00,-0.000,0.003,0.003
79.00,364.00,32.00,689.00,32.00,688.98,0.002,-0.022,0.022
457.00,364.00,32.00,689.00,32.00,689.01,-0.001,0.012,0.012
491.00,364.00,32.00,689.00,32.00,689.01,-0.001,0.011,0.011
544.00,364.00,32.00,689.00,32.00,689.01,-0.001,0.009,0.009
1102.00,364.00,32.00,689.00,32.00,689.00,-0.000,0.003,0.003
77.00,365.00,32.00,689.00,32.00,688.98,0.002,-0.021,0.021
322.00,365.00,32.00,689.00,32.00,689.03,-0.002,0.030,0.030
460.00,365.00,32.00,689.00,32.00,689.01,-0.001,0.013,0.013
462.00,365.00,32.00,689.00,32.00,689.01,-0.001,0.012,0.012
482.00,365.00,32.00,689.00,32.00,689.01,-0.001,0.011,0.012
45.00,366.00,32.00,689.00,32.00,688.98,0.001,-0.017,0.017
1074.00,366.00,32.00,689.00,32.00,689.00,-0.000,0.004,0.004
1104.00,366.00,32.00,689.00,32.00,689.00,-0.000,0.003,0.003
38.00,368.00,32.00,689.00,32.00,688.98,0.001,-0.016,0.016
1075.00,368.00,32.00,689.00,32.00,689.00,-0.000,0.004,0.004
1081.00,368.00,32.00,689.00,32.00,689.00,-0.000,0.004,0.004
451.00,369.00,32.00,689.00,32.00,689.01,-0.001,0.015,0.015
482.00,369.00,32.00,689.00,32.00,689.01,-0.001,0.013,0.013
486.00,369.00,32.00,689.00,32.00,689.01,-0.001,0.013,0.013
82.00,370.00,32.00,689.00,32.00,688.98,0.002,-0.019,0.020
447.00,370.00,32.00,689.00,32.00,689.02,-0.001,0.015,0.015
477.00,370.00,32.00,689.00,32.00,689.01,-0.001,0.013,0.013
675.00,370.00,32.00,689.00,32.00,689.01,-0.000,0.007,0.007
1076.00,370.00,32.00,689.00,32.00,689.00,-0.000,0.004,0.004
1082.00,370.00,32.00,689.00,32.00,689.00,-0.000,0.004,0.004
484.00,371.00,32.00,689.00,32.00,689.01,-0.001,0.013,0.013
488.00,371.00,32.00,689.00,32.00,689.01,-0.001,0.013,0.013
600.00,371.00,32.00,689.00,32.00,689.01,-0.001,0.009,0.009
678.00,371.00,32.00,689.00,32.00,689.01,-0.000,0.007,0.007
1080.00,371.00,32.00,689.00,32.00,689.00,-0.000,0.004,0.004
1108.00,372.00,32.00,689.00,32.00,689.00,-0.000,0.004,0.004
599.00,373.00,32.00,689.00,32.00,689.01,-0.001,0.009,0.009
35.00,374.00,32.00,689.00,32.00,688.99,0.001,-0.014,0.014
38.00,374.00,32.00,689.00,32.00,688.99,0.001,-0.015,0.015
439.00,374.00,32.00,689.00,32.00,689.02,-0.001,0.018,0.018
448.00,374.00,32.00,689.00,32.00,689.02,-0.001,0.017,0.017
481.00,374.00,32.00,689.00,32.00,689.01,-0.001,0.015,0.015
569.00,374.00,32.00,689.00,32.00,689.01,-0.001,0.010,0.010
675.00,374.00,32.00,689.00,32.00,689.01,-0.000,0.008,0.008
567.00,375.00,32.00,689.00,32.00,689.01,-0.001,0.011,0.011
595.00,375.00,32.00,689.00,32.00,689.01,-0.001,0.010,0.010
448.00,376.00,32.00,689.00,32.00,689.02,-0.001,0.018,0.018
457.00,376.00,32.00,689.00,32.00,689.02,-0.001,0.017,0.017
679.00,376.00,32.00,689.00,32.00,689.01,-0.000,0.008,0.008
996.00,376.00,32.00,689.00,32.00,689.00,-0.000,0.004,0.004
1081.00,376.00,32.00,689.00,32.00,689.00,-0.000,0.004,0.004
32.00,377.00,32.00,689.00,32.00,688.99,0.001,-0.014,0.014
451.00,377.00,32.00,689.00,32.00,689.02,-0.001,0.019,0.019
565.00,377.00,32.00,689.00,32.00,689.01,-0.001,0.011,0.011
676.00,377.00,32.00,689.00,32.00,689.01,-0.001,0.008,0.008
1084.00,377.00,32.00,689.00,32.00,689.00,-0.000,0.004,0.004
449.00,378.00,32.00,689.00,32.00,689.02,-0.001,0.019,0.019
567.00,379.00,32.00,689.00,32.00,689.01,-0.001,0.012,0.012
570.00,379.00,32.00,689.00,32.00,689.01,-0.001,0.012,0.012
948.00,379.00,32.00,689.00,32.00,689.01,-0.000,0.005,0.005
446.00,380.00,32.00,689.00,32.00,689.02,-0.001,0.021,0.021
668.00,380.00,32.00,689.00,32.00,689.01,-0.001,0.009,0.009
450.00,381.00,32.00,689.00,32.00,689.02,-0.001,0.021,0.021
568.00,381.00,32.00,689.00,32.00,689.01,-0.001,0.012,0.012
675.00,381.00,32.00,689.00,32.00,689.01,-0.001,0.009,0.009
670.00,382.00,32.00,689.00,32.00,689.01,-0.001,0.009,0.009
711.00,382.00,32.00,689.00,32.00,689.01,-0.000,0.008,0.008
449.00,383.00,32.00,689.00,32.00,689.02,-0.002,0.023,0.023
951.00,383.00,32.00,689.00,32.00,689.01,-0.000,0.005,0.005
675.00,384.00,32.00,689.00,32.00,689.01,-0.001,0.009,0.009
715.00,384.00,32.00,689.00,32.00,689.01,-0.001,0.008,0.008
713.00,385.00,32.00,689.00,32.00,689.01,-0.001,0.009,0.009
712.00,387.00,32.00,689.00,32.00,689.01,-0.001,0.009,0.009
344.00,389.00,32.00,689.00,31.99,689.20,-0.014,0.199,0.200
1122.00,389.00,32.00,689.00,32.00,689.00,-0.000,0.004,0.004
1124.00,389.00,32.00,689.00,32.00,689.00,-0.000,0.004,0.004
348.00,391.00,32.00,689.00,31.98,689.27,-0.019,0.275,0.275
597.00,391.00,32.00,689.00,32.00,689.01,-0.001,0.014,0.014
351.00,392.00,32.00,689.00,31.98,689.31,-0.022,0.309,0.310
471.00,393.00,32.00,689.00,32.00,689.03,-0.002,0.029,0.029
647.00,393.00,32.00,689.00,32.00,689.01,-0.001,0.012,0.012
1125.00,393.00,32.00,689.00,32.00,689.00,-0.000,0.005,0.005
467.00,394.00,32.00,689.00,32.00,689.03,-0.002,0.031,0.031
650.00,394.00,32.00,689.00,32.00,689.01,-0.001,0.012,0.012
1127.00,394.00,32.00,689.00,32.00,689.00,-0.000,0.005,0.005
1130.00,394.00,32.00,689.00,32.00,689.00,-0.000,0.005,0.005
541.00,396.00,32.00,689.00,32.00,689.02,-0.001,0.020,0.020
651.00,396.00,32.00,689.00,32.00,689.01,-0.001,0.013,0.013
699.00,397.00,32.00,689.00,32.00,689.01,-0.001,0.011,0.011
90.00,398.00,32.00,689.00,32.00,688.99,0.001,-0.014,0.014
678.00,399.00,32.00,689.00,32.00,689.01,-0.001,0.012,0.012
474.00,400.00,32.00,689.00,32.00,689.04,-0.003,0.039,0.039
467.00,401.00,32.00,689.00,32.00,689.04,-0.003,0.044,0.044
1092.00,401.00,32.00,689.00,32.00,689.01,-0.000,0.005,0.005
240.00,402.00,32.00,689.00,32.00,688.97,0.002,-0.027,0.027
245.00,403.00,32.00,689.00,32.00,688.97,0.002,-0.028,0.028
237.00,404.00,32.00,689.00,32.00,688.97,0.002,-0.026,0.026
241.00,405.00,32.00,689.00,32.00,688.97,0.002,-0.026,0.026
94.00,406.00,32.00,689.00,32.00,688.99,0.001,-0.013,0.013
236.00,406.00,32.00,689.00,32.00,688.98,0.002,-0.024,0.024
245.00,407.00,32.00,689.00,32.00,688.97,0.002,-0.025,0.025
401.00,407.00,32.00,689.00,32.07,687.97,0.069,-1.026,1.028
239.00,408.00,32.00,689.00,32.00,688.98,0.002,-0.024,0.024
96.00,411.00,32.00,689.00,32.00,688.99,0.001,-0.013,0.013
89.00,412.00,32.00,689.00,32.00,688.99,0.001,-0.012,0.012
241.00,413.00,32.00,689.00,32.00,688.98,0.002,-0.022,0.022
394.00,413.00,32.00,689.00,32.01,688.89,0.008,-0.112,0.112
397.00,413.00,32.00,689.00,32.01,688.88,0.008,-0.122,0.122
898.00,413.00,32.00,689.00,32.00,689.01,-0.000,0.009,0.009
76.00,414.00,32.00,689.00,32.00,688.99,0.001,-0.012,0.012
900.00,414.00,32.00,689.00,32.00,689.01,-0.000,0.009,0.009
194.00,415.00,32.00,689.00,32.00,688.98,0.001,-0.017,0.017
241.00,415.00,32.00,689.00,32.00,688.98,0.002,-0.021,0.021
249.00,415.00,32.00,689.00,32.00,688.98,0.002,-0.022,0.022
898.00,415.00,32.00,689.00,32.00,689.01,-0.000,0.009,0.009
78.00,416.00,32.00,689.00,32.00,688.99,0.001,-0.012,0.012
93.00,416.00,32.00,689.00,32.00,688.99,0.001,-0.012,0.012
903.00,416.00,32.00,689.00,32.00,689.01,-0.000,0.009,0.009
72.00,417.00,32.00,689.00,32.00,688.99,0.001,-0.011,0.011
76.00,417.00,32.00,689.00,32.00,688.99,0.001,-0.011,0.012
90.00,417.00,32.00,689.00,32.00,688.99,0.001,-0.012,0.012
905.00,417.00,32.00,689.00,32.00,689.01,-0.001,0.009,0.009
1115.00,417.00,32.00,689.00,32.00,689.01,-0.000,0.006,0.006
196.00,418.00,32.00,689.00,32.00,688.98,0.001,-0.017,0.017
902.00,418.00,32.00,689.00,32.00,689.01,-0.001,0.010,0.010
1108.00,418.00,32.00,689.00,32.00,689.01,-0.000,0.007,0.007
979.00,419.00,32.00,689.00,32.00,689.01,-0.000,0.008,0.008
69.00,420.00,32.00,689.00,32.00,688.99,0.001,-0.011,0.011
193.00,420.00,32.00,689.00,32.00,688.98,0.001,-0.016,0.016
205.00,420.00,32.00,689.00,32.00,688.98,0.001,-0.017,0.017
191.00,421.00,32.00,689.00,32.00,688.98,0.001,-0.016,0.016
1108.00,421.00,32.00,689.00,32.00,689.01,-0.000,0.007,0.007
1115.00,421.00,32.00,689.00,32.00,689.01,-0.000,0.007,0.007
1111.00,423.00,32.00,689.00,32.00,689.01,-0.000,0.007,0.007
1118.00,423.00,32.00,689.00,32.00,689.01,-0.000,0.007,0.007
78.00,424.00,32.00,689.00,32.00,688.99,0.001,-0.011,0.011
208.00,424.00,32.00,689.00,32.00,688.98,0.001,-0.016,0.016
215.00,425.00,32.00,689.00,32.00,688.98,0.001,-0.017,0.017
704.00,425.00,32.00,689.00,32.00,689.02,-0.001,0.020,0.020
706.00,426.00,32.00,689.00,32.00,689.02,-0.001,0.021,0.021
73.00,427.00,32.00,689.00,32.00,688.99,0.001,-0.011,0.011
75.00,427.00,32.00,689.00,32.00,688.99,0.001,-0.011,0.011
215.00,427.00,32.00,689.00,32.00,688.98,0.001,-0.016,0.016
700.00,427.00,32.00,689.00,32.00,689.02,-0.001,0.022,0.022
97.00,428.00,32.00,689.00,32.00,688.99,0.001,-0.011,0.011
217.00,428.00,32.00,689.00,32.00,688.98,0.001,-0.016,0.016
267.00,428.00,32.00,689.00,32.00,688.98,0.001,-0.020,0.020
710.00,428.00,32.00,689.00,32.00,689.02,-0.001,0.021,0.021
864.00,428.00,32.00,689.00,32.00,689.01,-0.001,0.012,0.012
877.00,428.00,32.00,689.00,32.00,689.01,-0.001,0.012,0.012
1047.00,428.00,32.00,689.00,32.00,689.01,-0.000,0.008,0.008
93.00,429.00,32.00,689.00,32.00,688.99,0.001,-0.011,0.011
33.00,430.00,32.00,689.00,32.00,688.99,0.001,-0.010,0.010
90.00,430.00,32.00,689.00,32.00,688.99,0.001,-0.011,0.011
266.00,430.00,32.00,689.00,32.00,688.98,0.001,-0.019,0.019
874.00,430.00,32.00,689.00,32.00,689.01,-0.001,0.012,0.012
1041.00,430.00,32.00,689.00,32.00,689.01,-0.000,0.009,0.009
1050.00,430.00,32.00,689.00,32.00,689.01,-0.000,0.008,0.008
37.00,431.00,32.00,689.00,32.00,688.99,0.001,-0.010,0.010
40.00,431.00,32.00,689.00,32.00,688.99,0.001,-0.010,0.010
97.00,431.00,32.00,689.00,32.00,688.99,0.001,-0.011,0.011
1043.00,431.00,32.00,689.00,32.00,689.01,-0.000,0.009,0.009
1056.00,431.00,32.00,689.00,32.00,689.01,-0.000,0.008,0.008
49.00,432.00,32.00,689.00,32.00,688.99,0.001,-0.010,0.010
87.00,432.00,32.00,689.00,32.00,688.99,0.001,-0.011,0.011
92.00,432.00,32.00,689.00,32.00,688.99,0.001,-0.011,0.011
864.00,432.00,32.00,689.00,32.00,689.01,-0.001,0.013,0.013
872.00,432.00,32.00,689.00,32.00,689.01,-0.001,0.013,0.013
1052.00,432.00,32.00,689.00,32.00,689.01,-0.000,0.009,0.009
32.00,433.00,32.00,689.00,32.00,688.99,0.001,-0.010,0.010
95.00,433.00,32.00,689.00,32.00,688.99,0.001,-0.011,0.011
678.00,433.00,32.00,689.00,32.00,689.03,-0.002,0.029,0.029
877.00,433.00,32.00,689.00,32.00,689.01,-0.001,0.013,0.013
883.00,433.00,32.00,689.00,32.00,689.01,-0.001,0.013,0.013
38.00,434.00,32.00,689.00,32.00,688.99,0.001,-0.010,0.010
48.00,434.00,32.00,689.00,32.00,688.99,0.001,-0.010,0.010
90.00,434.00,32.00,689.00,32.00,688.99,0.001,-0.011,0.011
93.00,434.00,32.00,689.00,32.00,688.99,0.001,-0.011,0.011
672.00,434.00,32.00,689.00,32.00,689.03,-0.002,0.031,0.031
260.00,435.00,32.00,689.00,32.00,688.98,0.001,-0.018,0.018
262.00,435.00,32.00,689.00,32.00,688.98,0.001,-0.018,0.018
737.00,435.00,32.00,689.00,32.00,689.02,-0.001,0.022,0.022
740.00,435.00,32.00,689.00,32.00,689.02,-0.001,0.022,0.022
458.00,436.00,32.00,689.00,32.00,688.94,0.004,-0.064,0.064
672.00,436.00,32.00,689.00,32.00,689.03,-0.002,0.034,0.034
160.00,437.00,32.00,689.00,32.00,688.99,0.001,-0.013,0.013
162.00,437.00,32.00,689.00,32.00,688.99,0.001,-0.013,0.013
221.00,437.00,32.00,689.00,32.00,688.98,0.001,-0.015,0.015
229.00,437.00,32.00,689.00,32.00,688.98,0.001,-0.015,0.015
1125.00,437.00,32.00,689.00,32.00,689.01,-0.000,0.008,0.008
1128.00,437.00,32.00,689.00,32.00,689.01,-0.000,0.008,0.008
95.00,438.00,32.00,689.00,32.00,688.99,0.001,-0.011,0.011
158.00,438.00,32.00,689.00,32.00,688.99,0.001,-0.012,0.012
215.00,438.00,32.00,689.00,32.00,688.99,0.001,-0.015,0.015
262.00,438.00,32.00,689.00,32.00,688.98,0.001,-0.017,0.017
266.00,438.00,32.00,689.00,32.00,688.98,0.001,-0.017,0.017
455.00,438.00,32.00,689.00,32.00,688.94,0.004,-0.056,0.056
628.00,438.00,32.00,689.00,32.00,689.05,-0.003,0.055,0.055
739.00,438.00,32.00,689.00,32.00,689.02,-0.001,0.024,0.024
98.00,439.00,32.00,689.00,32.00,688.99,0.001,-0.011,0.011
165.00,439.00,32.00,689.00,32.00,688.99,0.001,-0.013,0.013
169.00,439.00,32.00,689.00,32.00,688.99,0.001,-0.013,0.013
641.00,439.00,32.00,689.00,32.00,689.05,-0.003,0.050,0.050
735.00,439.00,32.00,689.00,32.00,689.03,-0.001,0.025,0.025
162.00,440.00,32.00,689.00,32.00,688.99,0.001,-0.012,0.012
779.00,440.00,32.00,689.00,32.00,689.02,-0.001,0.021,0.021
1089.00,440.00,32.00,689.00,32.00,689.01,-0.000,0.009,0.009
97.00,441.00,32.00,689.00,32.00,688.99,0.001,-0.011,0.011
160.00,441.00,32.00,689.00,32.00,688.99,0.001,-0.012,0.012
776.00,441.00,32.00,689.00,32.00,689.02,-0.001,0.022,0.022
1095.00,441.00,32.00,689.00,32.00,689.01,-0.000,0.009,0.009
94.00,442.00,32.00,689.00,32.00,688.99,0.001,-0.010,0.011
157.00,442.00,32.00,689.00,32.00,688.99,0.001,-0.012,0.012
643.00,442.00,32.00,689.00,32.00,689.06,-0.003,0.057,0.058
1103.00,442.00,32.00,689.00,32.00,689.01,-0.000,0.009,0.009
1126.00,442.00,32.00,689.00,32.00,689.01,-0.000,0.009,0.009
90.00,443.00,32.00,689.00,32.00,688.99,0.001,-0.010,0.010
151.00,443.00,32.00,689.00,32.00,688.99,0.001,-0.012,0.012
164.00,443.00,32.00,689.00,32.00,688.99,0.001,-0.012,0.012
263.00,443.00,32.00,689.00,32.00,688.98,0.001,-0.016,0.016
631.00,443.00,32.00,689.00,32.00,689.07,-0.004,0.072,0.072
780.00,443.00,32.00,689.00,32.00,689.02,-0.001,0.022,0.022
1093.00,443.00,32.00,689.00,32.00,689.01,-0.000,0.009,0.009
709.00,444.00,32.00,689.00,32.00,689.03,-0.002,0.035,0.035
773.00,444.00,32.00,689.00,32.00,689.02,-0.001,0.024,0.024
782.00,444.00,32.00,689.00,32.00,689.02,-0.001,0.023,0.023
784.00,444.00,32.00,689.00,32.00,689.02,-0.001,0.023,0.023
1131.00,444.00,32.00,689.00,32.00,689.01,-0.000,0.009,0.009
171.00,445.00,32.00,689.00,32.00,688.99,0.001,-0.012,0.012
853.00,445.00,32.00,689.00,32.00,689.02,-0.001,0.018,0.018
771.00,446.00,32.00,689.00,32.00,689.03,-0.001,0.025,0.025
1123.00,446.00,32.00,689.00,32.00,689.01,-0.000,0.009,0.009
471.00,447.00,32.00,689.00,32.00,688.95,0.003,-0.046,0.046
707.00,447.00,32.00,689.00,32.00,689.04,-0.002,0.039,0.039
1087.00,447.00,32.00,689.00,32.00,689.01,-0.000,0.010,0.010
469.00,448.00,32.00,689.00,32.00,688.96,0.003,-0.043,0.043
474.00,448.00,32.00,689.00,32.00,688.95,0.003,-0.045,0.045
1096.00,448.00,32.00,689.00,32.00,689.01,-0.000,0.010,0.010
491.00,449.00,32.00,689.00,32.00,688.95,0.003,-0.051,0.051
785.00,449.00,32.00,689.00,32.00,689.03,-0.001,0.026,0.026
985.00,449.00,32.00,689.00,32.00,689.01,-0.001,0.013,0.013
1094.00,449.00,32.00,689.00,32.00,689.01,-0.000,0.010,0.010
1211.00,449.00,32.00,689.00,32.00,689.01,-0.000,0.008,0.008
472.00,450.00,32.00,689.00,32.00,688.96,0.003,-0.042,0.042
489.00,450.00,32.00,689.00,32.00,688.95,0.003,-0.048,0.049
804.00,450.00,32.00,689.00,32.00,689.02,-0.001,0.024,0.024
844.00,450.00,32.00,689.00,32.00,689.02,-0.001,0.020,0.020
1127.00,450.00,32.00,689.00,32.00,689.01,-0.000,0.009,0.009
487.00,451.00,32.00,689.00,32.00,688.95,0.003,-0.046,0.046
786.00,451.00,32.00,689.00,32.00,689.03,-0.002,0.027,0.027
852.00,451.00,32.00,689.00,32.00,689.02,-0.001,0.020,0.020
478.00,452.00,32.00,689.00,32.00,688.96,0.003,-0.041,0.041
777.00,452.00,32.00,689.00,32.00,689.03,-0.002,0.029,0.029
1212.00,452.00,32.00,689.00,32.00,689.01,-0.000,0.008,0.008
1126.00,453.00,32.00,689.00,32.00,689.01,-0.000,0.010,0.010
429.00,454.00,32.00,689.00,32.00,688.97,0.002,-0.028,0.028
497.00,454.00,32.00,689.00,32.00,688.95,0.003,-0.045,0.045
768.00,454.00,32.00,689.00,32.00,689.03,-0.002,0.033,0.033
771.00,454.00,32.00,689.00,32.00,689.03,-0.002,0.032,0.032
471.00,455.00,32.00,689.00,32.00,688.96,0.002,-0.036,0.036
841.00,455.00,32.00,689.00,32.00,689.02,-0.001,0.023,0.023
903.00,455.00,32.00,689.00,32.00,689.02,-0.001,0.018,0.018
1127.00,455.00,32.00,689.00,32.00,689.01,-0.000,0.010,0.010
769.00,456.00,32.00,689.00,32.00,689.03,-0.002,0.035,0.035
908.00,456.00,32.00,689.00,32.00,689.02,-0.001,0.018,0.018
496.00,457.00,32.00,689.00,32.00,688.96,0.003,-0.041,0.041
774.00,457.00,32.00,689.00,32.00,689.03,-0.002,0.035,0.035
123.00,458.00,32.00,689.00,32.00,688.99,0.001,-0.010,0.010
133.00,458.00,32.00,689.00,32.00,688.99,0.001,-0.011,0.011
471.00,458.00,32.00,689.00,32.00,688.97,0.002,-0.033,0.033
772.00,458.00,32.00,689.00,32.00,689.04,-0.002,0.037,0.037
473.00,459.00,32.00,689.00,32.00,688.97,0.002,-0.033,0.033
644.00,459.00,32.00,689.00,31.97,689.48,-0.028,0.476,0.477
1124.00,459.00,32.00,689.00,32.00,689.01,-0.001,0.011,0.011
1158.00,459.00,32.00,689.00,32.00,689.01,-0.000,0.010,0.010
476.00,460.00,32.00,689.00,32.00,688.97,0.002,-0.033,0.033
138.00,462.00,32.00,689.00,32.00,688.99,0.001,-0.011,0.011
949.00,463.00,32.00,689.00,32.00,689.02,-0.001,0.018,0.018
138.00,464.00,32.00,689.00,32.00,688.99,0.001,-0.010,0.010
319.00,465.00,32.00,689.00,32.00,688.98,0.001,-0.016,0.016
820.00,467.00,32.00,689.00,32.00,689.04,-0.002,0.036,0.036
823.00,467.00,32.00,689.00,32.00,689.04,-0.002,0.035,0.035
323.00,468.00,32.00,689.00,32.00,688.98,0.001,-0.016,0.016
825.00,468.00,32.00,689.00,32.00,689.04,-0.002,0.036,0.036
951.00,468.00,32.00,689.00,32.00,689.02,-0.001,0.020,0.020
319.00,469.00,32.00,689.00,32.00,688.98,0.001,-0.015,0.015
818.00,469.00,32.00,689.00,32.00,689.04,-0.002,0.039,0.039
821.00,470.00,32.00,689.00,32.00,689.04,-0.002,0.040,0.040
322.00,471.00,32.00,689.00,32.00,688.98,0.001,-0.015,0.015
610.00,471.00,32.00,689.00,32.00,688.93,0.004,-0.074,0.074
1141.00,471.00,32.00,689.00,32.00,689.01,-0.001,0.012,0.012
282.00,472.00,32.00,689.00,32.00,688.99,0.001,-0.014,0.014
285.00,472.00,32.00,689.00,32.00,688.99,0.001,-0.014,0.014
318.00,472.00,32.00,689.00,32.00,688.98,0.001,-0.015,0.015
829.00,472.00,32.00,689.00,32.00,689.04,-0.002,0.040,0.040
279.00,473.00,32.00,689.00,32.00,688.99,0.001,-0.014,0.014
339.00,474.00,32.00,689.00,32.00,688.98,0.001,-0.016,0.016
168.00,476.00,32.00,689.00,32.00,688.99,0.001,-0.011,0.011
162.00,477.00,32.00,689.00,32.00,688.99,0.001,-0.010,0.010
341.00,477.00,32.00,689.00,32.00,688.98,0.001,-0.015,0.015
901.00,477.00,32.00,689.00,32.00,689.03,-0.002,0.030,0.030
319.00,478.00,32.00,689.00,32.00,688.99,0.001,-0.014,0.014
477.00,481.00,32.00,689.00,32.00,688.98,0.001,-0.023,0.023
164.00,482.00,32.00,689.00,32.00,688.99,0.001,-0.010,0.010
542.00,482.00,32.00,689.00,32.00,688.97,0.002,-0.030,0.031
894.00,483.00,32.00,689.00,32.00,689.04,-0.002,0.038,0.038
896.00,483.00,32.00,689.00,32.00,689.04,-0.002,0.037,0.037
904.00,483.00,32.00,689.00,32.00,689.04,-0.002,0.035,0.035
167.00,484.00,32.00,689.00,32.00,688.99,0.001,-0.010,0.010
337.00,484.00,32.00,689.00,32.00,688.99,0.001,-0.015,0.015
164.00,486.00,32.00,689.00,32.00,688.99,0.001,-0.010,0.010
338.00,486.00,32.00,689.00,32.00,688.99,0.001,-0.014,0.014
482.00,486.00,32.00,689.00,32.00,688.98,0.001,-0.022,0.022
902.00,486.00,32.00,689.00,32.00,689.04,-0.002,0.039,0.039
118.00,487.00,32.00,689.00,32.00,688.99,0.001,-0.009,0.009
124.00,487.00,32.00,689.00,32.00,688.99,0.001,-0.009,0.009
167.00,487.00,32.00,689.00,32.00,688.99,0.001,-0.010,0.010
946.00,487.00,32.00,689.00,32.00,689.03,-0.002,0.031,0.031
1095.00,487.00,32.00,689.00,32.00,689.02,-0.001,0.018,0.018
165.00,488.00,32.00,689.00,32.00,688.99,0.001,-0.010,0.010
840.00,488.00,32.00,689.00,32.00,689.07,-0.004,0.075,0.075
848.00,488.00,32.00,689.00,32.00,689.07,-0.004,0.068,0.068
1093.00,488.00,32.00,689.00,32.00,689.02,-0.001,0.018,0.018
1098.00,488.00,32.00,689.00,32.00,689.02,-0.001,0.018,0.018
128.00,489.00,32.00,689.00,32.00,688.99,0.001,-0.009,0.009
1096.00,489.00,32.00,689.00,32.00,689.02,-0.001,0.018,0.018
123.00,490.00,32.00,689.00,32.00,688.99,0.001,-0.009,0.009
845.00,490.00,32.00,689.00,32.00,689.08,-0.004,0.079,0.079
945.00,490.00,32.00,689.00,32.00,689.03,-0.002,0.034,0.034
1093.00,490.00,32.00,689.00,32.00,689.02,-0.001,0.019,0.019
536.00,491.00,32.00,689.00,32.00,688.97,0.002,-0.026,0.026
854.00,491.00,32.00,689.00,32.00,689.07,-0.004,0.075,0.075
948.00,491.00,32.00,689.00,32.00,689.03,-0.002,0.035,0.035
952.00,491.00,32.00,689.00,32.00,689.03,-0.002,0.034,0.034
166.00,492.00,32.00,689.00,32.00,688.99,0.001,-0.010,0.010
297.00,492.00,32.00,689.00,32.00,688.99,0.001,-0.013,0.013
539.00,492.00,32.00,689.00,32.00,688.97,0.002,-0.025,0.025
839.00,492.00,32.00,689.00,31.99,689.10,-0.005,0.099,0.099
163.00,493.00,32.00,689.00,32.00,688.99,0.001,-0.010,0.010
318.00,493.00,32.00,689.00,32.00,688.99,0.001,-0.013,0.013
323.00,493.00,32.00,689.00,32.00,688.99,0.001,-0.013,0.013
953.00,493.00,32.00,689.00,32.00,689.04,-0.002,0.036,0.036
1082.00,493.00,32.00,689.00,32.00,689.02,-0.001,0.020,0.020
131.00,494.00,32.00,689.00,32.00,688.99,0.001,-0.009,0.009
298.00,494.00,32.00,689.00,32.00,688.99,0.001,-0.013,0.013
119.00,495.00,32.00,689.00,32.00,688.99,0.001,-0.009,0.009
322.00,495.00,32.00,689.00,32.00,688.99,0.001,-0.013,0.013
1074.00,495.00,32.00,689.00,32.00,689.02,-0.001,0.022,0.022
1078.00,495.00,32.00,689.00,32.00,689.02,-0.001,0.021,0.021
1091.00,495.00,32.00,689.00,32.00,689.02,-0.001,0.020,0.020
302.00,496.00,32.00,689.00,32.00,688.99,0.001,-0.013,0.013
320.00,496.00,32.00,689.00,32.00,688.99,0.001,-0.013,0.013
848.00,496.00,32.00,689.00,31.99,689.12,-0.006,0.117,0.117
852.00,496.00,32.00,689.00,31.99,689.11,-0.006,0.109,0.109
298.00,497.00,32.00,689.00,32.00,688.99,0.001,-0.012,0.012
1078.00,497.00,32.00,689.00,32.00,689.02,-0.001,0.022,0.022
1080.00,497.00,32.00,689.00,32.00,689.02,-0.001,0.022,0.022
325.00,498.00,32.00,689.00,32.00,688.99,0.001,-0.013,0.013
842.00,498.00,32.00,689.00,31.99,689.16,-0.009,0.163,0.164
840.00,499.00,32.00,689.00,31.99,689.20,-0.011,0.197,0.197
976.00,499.00,32.00,689.00,32.00,689.04,-0.002,0.037,0.037
1085.00,499.00,32.00,689.00,32.00,689.02,-0.001,0.023,0.023
844.00,500.00,32.00,689.00,31.99,689.20,-0.011,0.200,0.200
1043.00,500.00,32.00,689.00,32.00,689.03,-0.001,0.027,0.027
1080.00,500.00,32.00,689.00,32.00,689.02,-0.001,0.023,0.023
439.00,501.00,32.00,689.00,32.00,688.98,0.001,-0.017,0.017
840.00,501.00,32.00,689.00,31.99,689.27,-0.015,0.274,0.275
1191.00,501.00,32.00,689.00,32.00,689.02,-0.001,0.017,0.017
976.00,502.00,32.00,689.00,32.00,689.04,-0.002,0.041,0.041
198.00,504.00,32.00,689.00,32.00,688.99,0.001,-0.010,0.010
974.00,504.00,32.00,689.00,32.00,689.04,-0.002,0.044,0.044
196.00,505.00,32.00,689.00,32.00,688.99,0.001,-0.010,0.010
1042.00,505.00,32.00,689.00,32.00,689.03,-0.002,0.031,0.031
1144.00,506.00,32.00,689.00,32.00,689.02,-0.001,0.021,0.021
1195.00,507.00,32.00,689.00,32.00,689.02,-0.001,0.018,0.018
1198.00,507.00,32.00,689.00,32.00,689.02,-0.001,0.018,0.018
1036.00,510.00,32.00,689.00,32.00,689.04,-0.002,0.036,0.036
1093.00,510.00,32.00,689.00,32.00,689.03,-0.001,0.027,0.028
122.00,511.00,32.00,689.00,32.00,688.99,0.001,-0.009,0.009
1033.00,511.00,32.00,689.00,32.00,689.04,-0.002,0.038,0.038
1200.00,511.00,32.00,689.00,32.00,689.02,-0.001,0.019,0.019
115.00,512.00,32.00,689.00,32.00,688.99,0.001,-0.009,0.009
186.00,513.00,32.00,689.00,32.00,688.99,0.001,-0.010,0.010
354.00,513.00,32.00,689.00,32.00,688.99,0.001,-0.013,0.013
361.00,513.00,32.00,689.00,32.00,688.99,0.001,-0.013,0.013
1095.00,513.00,32.00,689.00,32.00,689.03,-0.001,0.029,0.029
357.00,514.00,32.00,689.00,32.00,688.99,0.001,-0.013,0.013
1029.00,514.00,32.00,689.00,32.00,689.04,-0.002,0.043,0.043
147.00,515.00,32.00,689.00,32.00,688.99,0.001,-0.009,0.009
225.00,515.00,32.00,689.00,32.00,688.99,0.001,-0.010,0.010
958.00,515.00,32.00,689.00,32.00,689.08,-0.004,0.083,0.083
953.00,516.00,32.00,689.00,32.00,689.09,-0.005,0.095,0.095
1216.00,516.00,32.00,689.00,32.00,689.02,-0.001,0.020,0.020
1222.00,516.00,32.00,689.00,32.00,689.02,-0.001,0.020,0.020
122.00,517.00,32.00,689.00,32.00,688.99,0.001,-0.009,0.009
955.00,517.00,32.00,689.00,31.99,689.10,-0.005,0.099,0.099
1164.00,517.00,32.00,689.00,32.00,689.02,-0.001,0.024,0.024
473.00,518.00,32.00,689.00,32.00,688.98,0.001,-0.016,0.016
1102.00,518.00,32.00,689.00,32.00,689.03,-0.002,0.032,0.032
967.00,519.00,32.00,689.00,32.00,689.09,-0.005,0.095,0.095
153.00,520.00,32.00,689.00,32.00,688.99,0.001,-0.009,0.009
1161.00,520.00,32.00,689.00,32.00,689.03,-0.001,0.026,0.026
1166.00,520.00,32.00,689.00,32.00,689.03,-0.001,0.025,0.025
469.00,521.00,32.00,689.00,32.00,688.98,0.001,-0.016,0.016
1164.00,521.00,32.00,689.00,32.00,689.03,-0.001,0.026,0.026
112.00,522.00,32.00,689.00,32.00,688.99,0.001,-0.009,0.009
442.00,523.00,32.00,689.00,32.00,688.99,0.001,-0.014,0.014
117.00,524.00,32.00,689.00,32.00,688.99,0.001,-0.009,0.009
437.00,524.00,32.00,689.00,32.00,688.99,0.001,-0.014,0.014
439.00,524.00,32.00,689.00,32.00,688.99,0.001,-0.014,0.014
845.00,524.00,32.00,689.00,32.01,688.91,0.005,-0.094,0.094
1142.00,524.00,32.00,689.00,32.00,689.03,-0.002,0.031,0.031
1170.00,524.00,32.00,689.00,32.00,689.03,-0.001,0.027,0.027
472.00,525.00,32.00,689.00,32.00,688.98,0.001,-0.015,0.015
819.00,525.00,32.00,689.00,32.00,688.93,0.004,-0.067,0.067
856.00,525.00,32.00,689.00,32.01,688.90,0.006,-0.104,0.104
967.00,525.00,32.00,689.00,31.99,689.15,-0.008,0.154,0.154
1096.00,525.00,32.00,689.00,32.00,689.04,-0.002,0.040,0.040
1167.00,525.00,32.00,689.00,32.00,689.03,-0.001,0.028,0.028
422.00,526.00,32.00,689.00,32.00,688.99,0.001,-0.014,0.014
842.00,526.00,32.00,689.00,32.00,688.92,0.004,-0.081,0.082
1098.00,526.00,32.00,689.00,32.00,689.04,-0.002,0.040,0.040
854.00,527.00,32.00,689.00,32.00,688.91,0.005,-0.090,0.090
1222.00,527.00,32.00,689.00,32.00,689.02,-0.001,0.024,0.024
297.00,528.00,32.00,689.00,32.00,688.99,0.001,-0.011,0.011
422.00,528.00,32.00,689.00,32.00,688.99,0.001,-0.014,0.014
849.00,528.00,32.00,689.00,32.00,688.92,0.004,-0.080,0.080
1161.00,528.00,32.00,689.00,32.00,689.03,-0.002,0.031,0.031
1163.00,528.00,32.00,689.00,32.00,689.03,-0.002,0.030,0.030
419.00,529.00,32.00,689.00,32.00,688.99,0.001,-0.013,0.013
690.00,529.00,32.00,689.00,32.00,688.97,0.002,-0.028,0.028
859.00,529.00,32.00,689.00,32.00,688.91,0.005,-0.086,0.086
306.00,530.00,32.00,689.00,32.00,688.99,0.001,-0.011,0.011
425.00,530.00,32.00,689.00,32.00,688.99,0.001,-0.013,0.014
1103.00,530.00,32.00,689.00,32.00,689.04,-0.002,0.044,0.044
1161.00,530.00,32.00,689.00,32.00,689.03,-0.002,0.032,0.032
852.00,531.00,32.00,689.00,32.00,688.93,0.004,-0.073,0.073
1100.00,531.00,32.00,689.00,32.00,689.05,-0.002,0.046,0.046
422.00,532.00,32.00,689.00,32.00,688.99,0.001,-0.013,0.013
691.00,532.00,32.00,689.00,32.00,688.97,0.002,-0.027,0.027
694.00,532.00,32.00,689.00,32.00,688.97,0.002,-0.027,0.027
822.00,532.00,32.00,689.00,32.00,688.95,0.003,-0.054,0.054
969.00,532.00,32.00,689.00,31.98,689.44,-0.023,0.440,0.441
1001.00,532.00,32.00,689.00,31.99,689.15,-0.008,0.147,0.147
1104.00,532.00,32.00,689.00,32.00,689.05,-0.002,0.047,0.047
1141.00,532.00,32.00,689.00,32.00,689.04,-0.002,0.037,0.037
1159.00,532.00,32.00,689.00,32.00,689.03,-0.002,0.034,0.034
855.00,533.00,32.00,689.00,32.00,688.93,0.004,-0.069,0.069
1004.00,533.00,32.00,689.00,31.99,689.15,-0.008,0.151,0.152
687.00,534.00,32.00,689.00,32.00,688.97,0.001,-0.026,0.026
297.00,536.00,32.00,689.00,32.00,688.99,0.001,-0.011,0.011
1036.00,536.00,32.00,689.00,31.99,689.11,-0.006,0.109,0.109
299.00,537.00,32.00,689.00,32.00,688.99,0.001,-0.011,0.011
302.00,538.00,32.00,689.00,32.00,688.99,0.001,-0.011,0.011
1019.00,538.00,32.00,689.00,31.99,689.18,-0.009,0.181,0.181
300.00,539.00,32.00,689.00,32.00,688.99,0.001,-0.011,0.011
1029.00,539.00,32.00,689.00,31.99,689.16,-0.008,0.159,0.159
298.00,540.00,32.00,689.00,32.00,688.99,0.001,-0.010,0.011
362.00,540.00,32.00,689.00,32.00,688.99,0.001,-0.012,0.012
1032.00,540.00,32.00,689.00,31.99,689.16,-0.008,0.165,0.165
1107.00,540.00,32.00,689.00,32.00,689.06,-0.003,0.061,0.061
296.00,541.00,32.00,689.00,32.00,688.99,0.001,-0.010,0.010
1027.00,541.00,32.00,689.00,31.99,689.21,-0.011,0.210,0.210
1037.00,541.00,32.00,689.00,31.99,689.16,-0.008,0.163,0.163
1102.00,541.00,32.00,689.00,32.00,689.07,-0.003,0.066,0.066
335.00,542.00,32.00,689.00,32.00,688.99,0.001,-0.011,0.011
833.00,542.00,32.00,689.00,32.00,688.96,0.002,-0.044,0.044
1030.00,542.00,32.00,689.00,31.99,689.22,-0.011,0.220,0.220
1198.00,542.00,32.00,689.00,32.00,689.04,-0.002,0.036,0.036
365.00,543.00,32.00,689.00,32.00,688.99,0.001,-0.011,0.011
1034.00,543.00,32.00,689.00,31.99,689.22,-0.011,0.223,0.223
661.00,544.00,32.00,689.00,32.00,688.98,0.001,-0.021,0.021
1102.00,544.00,32.00,689.00,32.00,689.08,-0.004,0.076,0.076
343.00,545.00,32.00,689.00,32.00,688.99,0.001,-0.011,0.011
659.00,545.00,32.00,689.00,32.00,688.98,0.001,-0.021,0.021
853.00,545.00,32.00,689.00,32.00,688.95,0.003,-0.047,0.047
1038.00,545.00,32.00,689.00,31.99,689.26,-0.013,0.263,0.263
1196.00,546.00,32.00,689.00,32.00,689.04,-0.002,0.041,0.041
217.00,547.00,32.00,689.00,32.00,688.99,0.001,-0.009,0.009
331.00,547.00,32.00,689.00,32.00,688.99,0.001,-0.011,0.011
340.00,547.00,32.00,689.00,32.00,688.99,0.001,-0.011,0.011
796.00,547.00,32.00,689.00,32.00,688.97,0.002,-0.033,0.033
336.00,549.00,32.00,689.00,32.00,688.99,0.001,-0.011,0.011
793.00,550.00,32.00,689.00,32.00,688.97,0.002,-0.031,0.031
1196.00,550.00,32.00,689.00,32.00,689.05,-0.002,0.046,0.046
1223.00,550.00,32.00,689.00,32.00,689.04,-0.002,0.039,0.039
1231.00,550.00,32.00,689.00,32.00,689.04,-0.002,0.038,0.038
653.00,551.00,32.00,689.00,32.00,688.98,0.001,-0.020,0.020
796.00,551.00,32.00,689.00,32.00,688.97,0.002,-0.031,0.031
952.00,551.00,32.00,689.00,32.00,688.91,0.005,-0.089,0.089
1220.00,552.00,32.00,689.00,32.00,689.04,-0.002,0.042,0.042
866.00,553.00,32.00,689.00,32.00,688.96,0.002,-0.042,0.042
950.00,553.00,32.00,689.00,32.00,688.92,0.004,-0.079,0.079
240.00,554.00,32.00,689.00,32.00,688.99,0.001,-0.009,0.009
660.00,554.00,32.00,689.00,32.00,688.98,0.001,-0.019,0.020
825.00,554.00,32.00,689.00,32.00,688.97,0.002,-0.034,0.034
657.00,555.00,32.00,689.00,32.00,688.98,0.001,-0.019,0.019
237.00,556.00,32.00,689.00,32.00,688.99,0.001,-0.009,0.009
242.00,556.00,32.00,689.00,32.00,688.99,0.001,-0.009,0.009
662.00,556.00,32.00,689.00,32.00,688.98,0.001,-0.019,0.019
949.00,556.00,32.00,689.00,32.00,688.93,0.004,-0.070,0.070
953.00,556.00,32.00,689.00,32.00,688.93,0.004,-0.072,0.072
275.00,557.00,32.00,689.00,32.00,688.99,0.001,-0.010,0.010
1216.00,557.00,32.00,689.00,32.00,689.05,-0.002,0.050,0.050
1122.00,558.00,32.00,689.00,31.99,689.14,-0.007,0.139,0.140
1126.00,558.00,32.00,689.00,31.99,689.13,-0.007,0.130,0.130
1131.00,558.00,32.00,689.00,31.99,689.12,-0.006,0.120,0.120
1213.00,558.00,32.00,689.00,32.00,689.05,-0.003,0.052,0.053
239.00,559.00,32.00,689.00,32.00,688.99,0.001,-0.009,0.009
243.00,559.00,32.00,689.00,32.00,688.99,0.001,-0.009,0.009
1014.00,560.00,32.00,689.00,32.01,688.88,0.006,-0.125,0.125
1019.00,560.00,32.00,689.00,32.01,688.86,0.007,-0.136,0.136
1159.00,560.00,32.00,689.00,32.00,689.09,-0.005,0.093,0.093
235.00,561.00,32.00,689.00,32.00,688.99,0.001,-0.009,0.009
241.00,561.00,32.00,689.00,32.00,688.99,0.001,-0.009,0.009
40.00,562.00,32.00,689.00,32.00,688.99,0.000,-0.007,0.007
246.00,562.00,32.00,689.00,32.00,688.99,0.001,-0.009,0.009
1017.00,562.00,32.00,689.00,32.01,688.89,0.006,-0.115,0.115
1121.00,562.00,32.00,689.00,31.99,689.21,-0.011,0.213,0.213
1127.00,563.00,32.00,689.00,31.99,689.20,-0.010,0.204,0.205
36.00,564.00,32.00,689.00,32.00,688.99,0.000,-0.007,0.007
1125.00,564.00,32.00,689.00,31.99,689.25,-0.012,0.246,0.247
42.00,565.00,32.00,689.00,32.00,688.99,0.000,-0.007,0.007
240.00,565.00,32.00,689.00,32.00,688.99,0.001,-0.009,0.009
1153.00,565.00,32.00,689.00,31.99,689.14,-0.007,0.142,0.142
38.00,566.00,32.00,689.00,32.00,688.99,0.000,-0.007,0.007
48.00,566.00,32.00,689.00,32.00,688.99,0.000,-0.007,0.007
1009.00,566.00,32.00,689.00,32.00,688.92,0.004,-0.084,0.085
1155.00,566.00,32.00,689.00,31.99,689.15,-0.007,0.148,0.149
237.00,568.00,32.00,689.00,32.00,688.99,0.001,-0.009,0.009
1012.00,568.00,32.00,689.00,32.00,688.92,0.004,-0.080,0.080
1212.00,569.00,32.00,689.00,32.00,689.08,-0.004,0.082,0.082
1204.00,572.00,32.00,689.00,31.99,689.11,-0.005,0.106,0.106
1208.00,572.00,32.00,689.00,32.00,689.10,-0.005,0.101,0.101
1212.00,573.00,32.00,689.00,32.00,689.10,-0.005,0.101,0.101
367.00,574.00,32.00,689.00,32.00,688.99,0.001,-0.010,0.011
1209.00,574.00,32.00,689.00,31.99,689.11,-0.006,0.112,0.112
1206.00,575.00,32.00,689.00,31.99,689.13,-0.006,0.125,0.125
396.00,576.00,32.00,689.00,32.00,688.99,0.001,-0.011,0.011
1214.00,576.00,32.00,689.00,31.99,689.12,-0.006,0.119,0.119
368.00,577.00,32.00,689.00,32.00,688.99,0.001,-0.010,0.010
376.00,577.00,32.00,689.00,32.00,688.99,0.001,-0.010,0.011
391.00,577.00,32.00,689.00,32.00,688.99,0.001,-0.011,0.011
1201.00,577.00,32.00,689.00,31.99,689.16,-0.008,0.160,0.160
393.00,578.00,32.00,689.00,32.00,688.99,0.001,-0.011,0.011
1104.00,578.00,32.00,689.00,32.01,688.84,0.008,-0.161,0.161
378.00,579.00,32.00,689.00,32.00,688.99,0.001,-0.010,0.011
1106.00,579.00,32.00,689.00,32.01,688.85,0.008,-0.154,0.154
1126.00,579.00,32.00,689.00,32.01,688.75,0.012,-0.247,0.247
1214.00,579.00,32.00,689.00,31.99,689.15,-0.007,0.149,0.149
375.00,580.00,32.00,689.00,32.00,688.99,0.001,-0.010,0.010
185.00,581.00,32.00,689.00,32.00,688.99,0.001,-0.008,0.008
188.00,581.00,32.00,689.00,32.00,688.99,0.001,-0.008,0.008
373.00,581.00,32.00,689.00,32.00,688.99,0.001,-0.010,0.010
804.00,581.00,32.00,689.00,32.00,688.98,0.001,-0.023,0.023
1109.00,581.00,32.00,689.00,32.01,688.86,0.007,-0.140,0.140
1124.00,581.00,32.00,689.00,32.01,688.81,0.009,-0.187,0.188
1206.00,581.00,32.00,689.00,31.99,689.22,-0.011,0.215,0.216
1209.00,581.00,32.00,689.00,31.99,689.20,-0.010,0.200,0.200
242.00,582.00,32.00,689.00,32.00,688.99,0.001,-0.009,0.009
377.00,582.00,32.00,689.00,32.00,688.99,0.001,-0.010,0.010
85.00,583.00,32.00,689.00,32.00,688.99,0.000,-0.008,0.008
373.00,584.00,32.00,689.00,32.00,688.99,0.001,-0.010,0.010
394.00,584.00,32.00,689.00,32.00,688.99,0.001,-0.011,0.011
743.00,584.00,32.00,689.00,32.00,688.98,0.001,-0.019,0.019
1110.00,584.00,32.00,689.00,32.01,688.88,0.006,-0.117,0.117
1184.00,584.00,32.00,689.00,31.86,691.77,-0.137,2.772,2.775
388.00,585.00,32.00,689.00,32.00,688.99,0.001,-0.010,0.010
87.00,586.00,32.00,689.00,32.00,688.99,0.000,-0.008,0.008
915.00,586.00,32.00,689.00,32.00,688.97,0.002,-0.030,0.030
575.00,587.00,32.00,689.00,32.00,688.99,0.001,-0.014,0.014
1182.00,587.00,32.00,689.00,32.03,688.31,0.034,-0.688,0.689
952.00,588.00,32.00,689.00,32.00,688.97,0.002,-0.034,0.034
1187.00,588.00,32.00,689.00,32.04,688.27,0.036,-0.726,0.727
768.00,589.00,32.00,689.00,32.00,688.98,0.001,-0.019,0.019
1185.00,589.00,32.00,689.00,32.02,688.53,0.023,-0.469,0.470
1191.00,589.00,32.00,689.00,32.03,688.29,0.035,-0.705,0.706
1163.00,590.00,32.00,689.00,32.01,688.81,0.010,-0.190,0.191
1157.00,592.00,32.00,689.00,32.01,688.86,0.007,-0.144,0.144
962.00,593.00,32.00,689.00,32.00,688.97,0.002,-0.033,0.033
419.00,594.00,32.00,689.00,32.00,688.99,0.001,-0.011,0.011
996.00,594.00,32.00,689.00,32.00,688.96,0.002,-0.037,0.037
1159.00,594.00,32.00,689.00,32.01,688.87,0.006,-0.130,0.130
80.00,595.00,32.00,689.00,32.00,688.99,0.000,-0.007,0.007
715.00,596.00,32.00,689.00,32.00,688.98,0.001,-0.017,0.017
1192.00,596.00,32.00,689.00,32.01,688.79,0.010,-0.206,0.206
84.00,597.00,32.00,689.00,32.00,688.99,0.000,-0.008,0.008
873.00,597.00,32.00,689.00,32.00,688.98,0.001,-0.024,0.024
1105.00,597.00,32.00,689.00,32.00,688.94,0.003,-0.065,0.065
82.00,598.00,32.00,689.00,32.00,688.99,0.000,-0.007,0.007
711.00,599.00,32.00,689.00,32.00,688.98,0.001,-0.016,0.016
717.00,600.00,32.00,689.00,32.00,688.98,0.001,-0.016,0.016
970.00,601.00,32.00,689.00,32.00,688.97,0.002,-0.031,0.031
1186.00,602.00,32.00,689.00,32.01,688.88,0.006,-0.118,0.118
874.00,603.00,32.00,689.00,32.00,688.98,0.001,-0.022,0.022
974.00,603.00,32.00,689.00,32.00,688.97,0.002,-0.030,0.030
1190.00,603.00,32.00,689.00,32.01,688.88,0.006,-0.118,0.118
1194.00,603.00,32.00,689.00,32.01,688.88,0.006,-0.124,0.125
332.00,604.00,32.00,689.00,32.00,688.99,0.001,-0.009,0.009
336.00,604.00,32.00,689.00,32.00,688.99,0.001,-0.009,0.009
732.00,604.00,32.00,689.00,32.00,688.98,0.001,-0.016,0.016
1186.00,604.00,32.00,689.00,32.01,688.89,0.005,-0.106,0.106
334.00,605.00,32.00,689.00,32.00,688.99,0.001,-0.009,0.009
1191.00,605.00,32.00,689.00,32.01,688.89,0.005,-0.107,0.107
389.00,606.00,32.00,689.00,32.00,688.99,0.001,-0.010,0.010
1187.00,606.00,32.00,689.00,32.00,688.90,0.005,-0.098,0.098
1194.00,606.00,32.00,689.00,32.01,688.89,0.005,-0.106,0.106
353.00,607.00,32.00,689.00,32.00,688.99,0.001,-0.010,0.010
383.00,607.00,32.00,689.00,32.00,688.99,0.001,-0.010,0.010
733.00,607.00,32.00,689.00,32.00,688.98,0.001,-0.016,0.016
1219.00,607.00,32.00,689.00,32.01,688.86,0.007,-0.141,0.141
706.00,608.00,32.00,689.00,32.00,688.98,0.001,-0.015,0.015
1007.00,608.00,32.00,689.00,32.00,688.97,0.002,-0.032,0.032
1107.00,608.00,32.00,689.00,32.00,688.95,0.003,-0.049,0.050
382.00,609.00,32.00,689.00,32.00,688.99,0.001,-0.010,0.010
1109.00,609.00,32.00,689.00,32.00,688.95,0.002,-0.049,0.049
32.00,610.00,32.00,689.00,32.00,688.99,0.000,-0.007,0.007
89.00,611.00,32.00,689.00,32.00,688.99,0.000,-0.007,0.007
1190.00,611.00,32.00,689.00,32.00,688.92,0.004,-0.082,0.082
1194.00,611.00,32.00,689.00,32.00,688.92,0.004,-0.085,0.085
303.00,612.00,32.00,689.00,32.00,688.99,0.001,-0.009,0.009
964.00,612.00,32.00,689.00,32.00,688.97,0.001,-0.026,0.026
1105.00,612.00,32.00,689.00,32.00,688.95,0.002,-0.045,0.045
37.00,613.00,32.00,689.00,32.00,688.99,0.000,-0.007,0.007
1189.00,613.00,32.00,689.00,32.00,688.92,0.004,-0.076,0.076
1193.00,613.00,32.00,689.00,32.00,688.92,0.004,-0.078,0.078
35.00,614.00,32.00,689.00,32.00,688.99,0.000,-0.007,0.007
303.00,615.00,32.00,689.00,32.00,688.99,0.001,-0.009,0.009
560.00,615.00,32.00,689.00,32.00,688.99,0.001,-0.012,0.012
1103.00,615.00,32.00,689.00,32.00,688.96,0.002,-0.042,0.042
961.00,616.00,32.00,689.00,32.00,688.97,0.001,-0.025,0.025
1013.00,616.00,32.00,689.00,32.00,688.97,0.002,-0.029,0.029
1116.00,616.00,32.00,689.00,32.00,688.96,0.002,-0.044,0.044
566.00,617.00,32.00,689.00,32.00,688.99,0.001,-0.012,0.012
1009.00,617.00,32.00,689.00,32.00,688.97,0.001,-0.029,0.029
1111.00,617.00,32.00,689.00,32.00,688.96,0.002,-0.042,0.042
1113.00,618.00,32.00,689.00,32.00,688.96,0.002,-0.042,0.042
1121.00,618.00,32.00,689.00,32.00,688.96,0.002,-0.044,0.044
1189.00,618.00,32.00,689.00,32.00,688.94,0.003,-0.065,0.065
1103.00,619.00,32.00,689.00,32.00,688.96,0.002,-0.039,0.040
1181.00,619.00,32.00,689.00,32.00,688.94,0.003,-0.060,0.060
783.00,620.00,32.00,689.00,32.00,688.98,0.001,-0.016,0.017
961.00,620.00,32.00,689.00,32.00,688.98,0.001,-0.024,0.024
955.00,622.00,32.00,689.00,32.00,688.98,0.001,-0.023,0.024
958.00,622.00,32.00,689.00,32.00,688.98,0.001,-0.024,0.024
1124.00,622.00,32.00,689.00,32.00,688.96,0.002,-0.041,0.041
355.00,623.00,32.00,689.00,32.00,688.99,0.001,-0.009,0.009
559.00,624.00,32.00,689.00,32.00,688.99,0.001,-0.012,0.012
701.00,624.00,32.00,689.00,32.00,688.99,0.001,-0.014,0.014
783.00,624.00,32.00,689.00,32.00,688.98,0.001,-0.016,0.016
952.00,624.00,32.00,689.00,32.00,688.98,0.001,-0.023,0.023
1086.00,624.00,32.00,689.00,32.00,688.97,0.002,-0.034,0.034
497.00,625.00,32.00,689.00,32.00,688.99,0.001,-0.011,0.011
706.00,625.00,32.00,689.00,32.00,688.99,0.001,-0.014,0.014
959.00,625.00,32.00,689.00,32.00,688.98,0.001,-0.023,0.023
1084.00,625.00,32.00,689.00,32.00,688.97,0.002,-0.034,0.034
554.00,626.00,32.00,689.00,32.00,688.99,0.001,-0.011,0.011
783.00,626.00,32.00,689.00,32.00,688.98,0.001,-0.016,0.016
124.00,627.00,32.00,689.00,32.00,688.99,0.000,-0.008,0.008
353.00,627.00,32.00,689.00,32.00,688.99,0.001,-0.009,0.009
418.00,627.00,32.00,689.00,32.00,688.99,0.001,-0.010,0.010
702.00,628.00,32.00,689.00,32.00,688.99,0.001,-0.014,0.014
786.00,628.00,32.00,689.00,32.00,688.98,0.001,-0.016,0.016
1123.00,628.00,32.00,689.00,32.00,688.96,0.002,-0.037,0.037
706.00,629.00,32.00,689.00,32.00,688.99,0.001,-0.014,0.014
955.00,629.00,32.00,689.00,32.00,688.98,0.001,-0.022,0.022
421.00,630.00,32.00,689.00,32.00,688.99,0.001,-0.010,0.010
708.00,630.00,32.00,689.00,32.00,688.99,0.001,-0.014,0.014
787.00,630.00,32.00,689.00,32.00,688.98,0.001,-0.016,0.016
554.00,631.00,32.00,689.00,32.00,688.99,0.001,-0.011,0.011
958.00,631.00,32.00,689.00,32.00,688.98,0.001,-0.022,0.022
1124.00,631.00,32.00,689.00,32.00,688.96,0.002,-0.036,0.036
352.00,632.00,32.00,689.00,32.00,688.99,0.001,-0.009,0.009
419.00,632.00,32.00,689.00,32.00,688.99,0.001,-0.010,0.010
705.00,632.00,32.00,689.00,32.00,688.99,0.001,-0.014,0.014
252.00,633.00,32.00,689.00,32.00,688.99,0.001,-0.008,0.008
564.00,633.00,32.00,689.00,32.00,688.99,0.001,-0.011,0.011
749.00,633.00,32.00,689.00,32.00,688.99,0.001,-0.015,0.015
753.00,633.00,32.00,689.00,32.00,688.99,0.001,-0.015,0.015
955.00,633.00,32.00,689.00,32.00,688.98,0.001,-0.021,0.022
709.00,634.00,32.00,689.00,32.00,688.99,0.001,-0.014,0.014
712.00,634.00,32.00,689.00,32.00,688.99,0.001,-0.014,0.014
245.00,635.00,32.00,689.00,32.00,688.99,0.000,-0.008,0.008
714.00,635.00,32.00,689.00,32.00,688.99,0.001,-0.014,0.014
959.00,635.00,32.00,689.00,32.00,688.98,0.001,-0.021,0.021
341.00,636.00,32.00,689.00,32.00,688.99,0.001,-0.009,0.009
712.00,636.00,32.00,689.00,32.00,688.99,0.001,-0.014,0.014
986.00,636.00,32.00,689.00,32.00,688.98,0.001,-0.023,0.023
988.00,637.00,32.00,689.00,32.00,688.98,0.001,-0.023,0.023
242.00,638.00,32.00,689.00,32.00,688.99,0.000,-0.008,0.008
256.00,638.00,32.00,689.00,32.00,688.99,0.001,-0.008,0.008
568.00,638.00,32.00,689.00,32.00,688.99,0.001,-0.011,0.011
251.00,639.00,32.00,689.00,32.00,688.99,0.000,-0.008,0.008
253.00,639.00,32.00,689.00,32.00,688.99,0.000,-0.008,0.008
985.00,639.00,32.00,689.00,32.00,688.98,0.001,-0.022,0.022
1105.00,639.00,32.00,689.00,32.00,688.97,0.002,-0.030,0.030
249.00,640.00,32.00,689.00,32.00,688.99,0.000,-0.008,0.008
256.00,640.00,32.00,689.00,32.00,688.99,0.000,-0.008,0.008
547.00,640.00,32.00,689.00,32.00,688.99,0.001,-0.011,0.011
576.00,640.00,32.00,689.00,32.00,688.99,0.001,-0.011,0.011
815.00,640.00,32.00,689.00,32.00,688.98,0.001,-0.016,0.016
1100.00,640.00,32.00,689.00,32.00,688.97,0.002,-0.030,0.030
245.00,643.00,32.00,689.00,32.00,688.99,0.000,-0.008,0.008
247.00,643.00,32.00,689.00,32.00,688.99,0.000,-0.008,0.008
250.00,643.00,32.00,689.00,32.00,688.99,0.000,-0.008,0.008
568.00,643.00,32.00,689.00,32.00,688.99,0.001,-0.011,0.011
577.00,643.00,32.00,689.00,32.00,688.99,0.001,-0.011,0.011
817.00,643.00,32.00,689.00,32.00,688.98,0.001,-0.016,0.016
955.00,643.00,32.00,689.00,32.00,688.98,0.001,-0.020,0.020
1103.00,643.00,32.00,689.00,32.00,688.97,0.001,-0.029,0.029
37.00,644.00,32.00,689.00,32.00,688.99,0.000,-0.007,0.007
572.00,644.00,32.00,689.00,32.00,688.99,0.001,-0.011,0.011
960.00,644.00,32.00,689.00,32.00,688.98,0.001,-0.020,0.020
955.00,645.00,32.00,689.00,32.00,688.98,0.001,-0.020,0.020
40.00,646.00,32.00,689.00,32.00,688.99,0.000,-0.007,0.007
1104.00,646.00,32.00,689.00,32.00,688.97,0.001,-0.028,0.028
88.00,648.00,32.00,689.00,32.00,688.99,0.000,-0.007,0.007
91.00,648.00,32.00,689.00,32.00,688.99,0.000,-0.007,0.007
538.00,648.00,32.00,689.00,32.00,688.99,0.001,-0.011,0.011
92.00,650.00,32.00,689.00,32.00,688.99,0.000,-0.007,0.007
147.00,650.00,32.00,689.00,32.00,688.99,0.000,-0.008,0.008
1109.00,650.00,32.00,689.00,32.00,688.97,0.001,-0.027,0.027
531.00,652.00,32.00,689.00,32.00,688.99,0.001,-0.010,0.011
425.00,654.00,32.00,689.00,32.00,688.99,0.001,-0.009,0.009
436.00,654.00,32.00,689.00,32.00,688.99,0.001,-0.010,0.010
1079.00,654.00,32.00,689.00,32.00,688.98,0.001,-0.024,0.024
154.00,655.00,32.00,689.00,32.00,688.99,0.000,-0.008,0.008
431.00,655.00,32.00,689.00,32.00,688.99,0.001,-0.009,0.009
530.00,655.00,32.00,689.00,32.00,688.99,0.001,-0.010,0.010
534.00,655.00,32.00,689.00,32.00,688.99,0.001,-0.010,0.010
540.00,655.00,32.00,689.00,32.00,688.99,0.001,-0.010,0.011
434.00,656.00,32.00,689.00,32.00,688.99,0.001,-0.009,0.009
1076.00,656.00,32.00,689.00,32.00,688.98,0.001,-0.024,0.024
1104.00,656.00,32.00,689.00,32.00,688.97,0.001,-0.026,0.026
152.00,657.00,32.00,689.00,32.00,688.99,0.000,-0.007,0.007
498.00,657.00,32.00,689.00,32.00,688.99,0.001,-0.010,0.010
534.00,657.00,32.00,689.00,32.00,688.99,0.001,-0.010,0.010
538.00,657.00,32.00,689.00,32.00,688.99,0.001,-0.010,0.010
541.00,657.00,32.00,689.00,32.00,688.99,0.001,-0.010,0.011
532.00,658.00,32.00,689.00,32.00,688.99,0.001,-0.010,0.010
1079.00,658.00,32.00,689.00,32.00,688.98,0.001,-0.024,0.024
1104.00,658.00,32.00,689.00,32.00,688.97,0.001,-0.025,0.025
427.00,659.00,32.00,689.00,32.00,688.99,0.001,-0.009,0.009
494.00,659.00,32.00,689.00,32.00,688.99,0.001,-0.010,0.010
1077.00,659.00,32.00,689.00,32.00,688.98,0.001,-0.023,0.023
1109.00,659.00,32.00,689.00,32.00,688.97,0.001,-0.025,0.025
55.00,660.00,32.00,689.00,32.00,688.99,0.000,-0.007,0.007
84.00,660.00,32.00,689.00,32.00,688.99,0.000,-0.007,0.007
536.00,660.00,32.00,689.00,32.00,688.99,0.001,-0.010,0.010
939.00,660.00,32.00,689.00,32.00,688.98,0.001,-0.018,0.018
497.00,661.00,32.00,689.00,32.00,688.99,0.001,-0.010,0.010
530.00,661.00,32.00,689.00,32.00,688.99,0.001,-0.010,0.010
942.00,661.00,32.00,689.00,32.00,688.98,0.001,-0.018,0.018
1078.00,661.00,32.00,689.00,32.00,688.98,0.001,-0.023,0.023
1138.00,661.00,32.00,689.00,32.00,688.97,0.001,-0.027,0.027
421.00,662.00,32.00,689.00,32.00,688.99,0.001,-0.009,0.009
494.00,662.00,32.00,689.00,32.00,688.99,0.001,-0.010,0.010
501.00,662.00,32.00,689.00,32.00,688.99,0.001,-0.010,0.010
40.00,663.00,32.00,689.00,32.00,688.99,0.000,-0.007,0.007
418.00,663.00,32.00,689.00,32.00,688.99,0.001,-0.009,0.009
491.00,663.00,32.00,689.00,32.00,688.99,0.001,-0.010,0.010
940.00,663.00,32.00,689.00,32.00,688.98,0.001,-0.017,0.017
44.00,664.00,32.00,689.00,32.00,688.99,0.000,-0.007,0.007
59.00,664.00,32.00,689.00,32.00,688.99,0.000,-0.007,0.007
119.00,664.00,32.00,689.00,32.00,688.99,0.000,-0.007,0.007
123.00,664.00,32.00,689.00,32.00,688.99,0.000,-0.007,0.007
498.00,664.00,32.00,689.00,32.00,688.99,0.001,-0.010,0.010
837.00,664.00,32.00,689.00,32.00,688.99,0.001,-0.015,0.015
942.00,664.00,32.00,689.00,32.00,688.98,0.001,-0.017,0.017
1132.00,665.00,32.00,689.00,32.00,688.97,0.001,-0.025,0.025
39.00,666.00,32.00,689.00,32.00,688.99,0.000,-0.007,0.007
41.00,666.00,32.00,689.00,32.00,688.99,0.000,-0.007,0.007
44.00,666.00,32.00,689.00,32.00,688.99,0.000,-0.007,0.007
830.00,666.00,32.00,689.00,32.00,688.99,0.001,-0.014,0.014
832.00,666.00,32.00,689.00,32.00,688.99,0.001,-0.015,0.015
834.00,666.00,32.00,689.00,32.00,688.99,0.001,-0.015,0.015
836.00,666.00,32.00,689.00,32.00,688.99,0.001,-0.015,0.015
1135.00,666.00,32.00,689.00,32.00,688.97,0.001,-0.025,0.025
1092.00,667.00,32.00,689.00,32.00,688.98,0.001,-0.023,0.023
1130.00,667.00,32.00,689.00,32.00,688.98,0.001,-0.025,0.025
1179.00,667.00,32.00,689.00,32.00,688.97,0.001,-0.028,0.028
825.00,668.00,32.00,689.00,32.00,688.99,0.001,-0.014,0.014
1140.00,668.00,32.00,689.00,32.00,688.97,0.001,-0.025,0.025
1222.00,668.00,32.00,689.00,32.00,688.97,0.002,-0.032,0.032
938.00,669.00,32.00,689.00,32.00,688.98,0.001,-0.017,0.017
1134.00,669.00,32.00,689.00,32.00,688.98,0.001,-0.025,0.025
184.00,670.00,32.00,689.00,32.00,688.99,0.000,-0.008,0.008
836.00,670.00,32.00,689.00,32.00,688.99,0.001,-0.014,0.014
1137.00,670.00,32.00,689.00,32.00,688.98,0.001,-0.025,0.025
1139.00,670.00,32.00,689.00,32.00,688.98,0.001,-0.025,0.025
937.00,672.00,32.00,689.00,32.00,688.98,0.001,-0.017,0.017
1219.00,672.00,32.00,689.00,32.00,688.97,0.001,-0.030,0.030
1221.00,672.00,32.00,689.00,32.00,688.97,0.002,-0.030,0.030
1232.00,673.00,32.00,689.00,32.00,688.97,0.002,-0.031,0.031
1224.00,674.00,32.00,689.00,32.00,688.97,0.001,-0.030,0.030
1012.00,675.00,32.00,689.00,32.00,688.98,0.001,-0.018,0.019
1220.00,675.00,32.00,689.00,32.00,688.97,0.001,-0.029,0.029
360.00,676.00,32.00,689.00,32.00,688.99,0.001,-0.009,0.009
800.00,676.00,32.00,689.00,32.00,688.99,0.001,-0.013,0.013
804.00,676.00,32.00,689.00,32.00,688.99,0.001,-0.013,0.014
1229.00,676.00,32.00,689.00,32.00,688.97,0.001,-0.030,0.030
1231.00,676.00,32.00,689.00,32.00,688.97,0.001,-0.030,0.030
1223.00,677.00,32.00,689.00,32.00,688.97,0.001,-0.029,0.029
960.00,678.00,32.00,689.00,32.00,688.98,0.001,-0.017,0.017
710.00,679.00,32.00,689.00,32.00,688.99,0.001,-0.012,0.012
1223.00,679.00,32.00,689.00,32.00,688.97,0.001,-0.028,0.028
365.00,680.00,32.00,689.00,32.00,688.99,0.001,-0.009,0.009
945.00,680.00,32.00,689.00,32.00,688.98,0.001,-0.016,0.016
1051.00,680.00,32.00,689.00,32.00,688.98,0.001,-0.019,0.019
354.00,681.00,32.00,689.00,32.00,688.99,0.000,-0.008,0.008
835.00,681.00,32.00,689.00,32.00,688.99,0.001,-0.014,0.014
1054.00,681.00,32.00,689.00,32.00,688.98,0.001,-0.019,0.019
357.00,682.00,32.00,689.00,32.00,688.99,0.000,-0.009,0.009
948.00,682.00,32.00,689.00,32.00,688.98,0.001,-0.016,0.016
361.00,683.00,32.00,689.00,32.00,688.99,0.000,-0.009,0.009
435.00,684.00,32.00,689.00,32.00,688.99,0.001,-0.009,0.009
359.00,685.00,32.00,689.00,32.00,688.99,0.000,-0.008,0.008
707.00,685.00,32.00,689.00,32.00,688.99,0.001,-0.012,0.012
944.00,685.00,32.00,689.00,32.00,688.98,0.001,-0.016,0.016
357.00,686.00,32.00,689.00,32.00,688.99,0.000,-0.008,0.008
433.00,686.00,32.00,689.00,32.00,688.99,0.001,-0.009,0.009
436.00,686.00,32.00,689.00,32.00,688.99,0.001,-0.009,0.009
524.00,686.00,32.00,689.00,32.00,688.99,0.001,-0.010,0.010
711.00,686.00,32.00,689.00,32.00,688.99,0.001,-0.012,0.012
360.00,687.00,32.00,689.00,32.00,688.99,0.000,-0.008,0.008
366.00,687.00,32.00,689.00,32.00,688.99,0.000,-0.009,0.009
938.00,688.00,32.00,689.00,32.00,688.98,0.001,-0.015,0.015
1158.00,688.00,32.00,689.00,32.00,688.98,0.001,-0.023,0.023
361.00,689.00,32.00,689.00,32.00,688.99,0.000,-0.008,0.008
830.00,690.00,32.00,689.00,32.00,688.99,0.001,-0.013,0.013
1104.00,690.00,32.00,689.00,32.00,688.98,0.001,-0.020,0.020
828.00,691.00,32.00,689.00,32.00,688.99,0.001,-0.013,0.013
1148.00,691.00,32.00,689.00,32.00,688.98,0.001,-0.022,0.022
823.00,692.00,32.00,689.00,32.00,688.99,0.001,-0.013,0.013
940.00,692.00,32.00,689.00,32.00,688.98,0.001,-0.015,0.015
434.00,693.00,32.00,689.00,32.00,688.99,0.001,-0.009,0.009
1109.00,694.00,32.00,689.00,32.00,688.98,0.001,-0.020,0.020
436.00,695.00,32.00,689.00,32.00,688.99,0.001,-0.009,0.009
936.00,695.00,32.00,689.00,32.00,688.98,0.001,-0.015,0.015
1124.00,696.00,32.00,689.00,32.00,688.98,0.001,-0.020,0.020
330.00,697.00,32.00,689.00,32.00,688.99,0.000,-0.008,0.008
779.00,698.00,32.00,689.00,32.00,688.99,0.001,-0.012,0.012
820.00,698.00,32.00,689.00,32.00,688.99,0.001,-0.013,0.013
828.00,698.00,32.00,689.00,32.00,688.99,0.001,-0.013,0.013
939.00,698.00,32.00,689.00,32.00,688.99,0.001,-0.015,0.015
328.00,699.00,32.00,689.00,32.00,688.99,0.000,-0.008,0.008
1122.00,699.00,32.00,689.00,32.00,688.98,0.001,-0.020,0.020
782.00,700.00,32.00,689.00,32.00,688.99,0.001,-0.012,0.012
819.00,700.00,32.00,689.00,32.00,688.99,0.001,-0.013,0.013
934.00,700.00,32.00,689.00,32.00,688.99,0.001,-0.015,0.015
801.00,701.00,32.00,689.00,32.00,688.99,0.001,-0.012,0.012
810.00,701.00,32.00,689.00,32.00,688.99,0.001,-0.013,0.013
826.00,701.00,32.00,689.00,32.00,688.99,0.001,-0.013,0.013
206.00,702.00,32.00,689.00,32.00,688.99,0.000,-0.008,0.008
788.00,702.00,32.00,689.00,32.00,688.99,0.001,-0.012,0.012
812.00,702.00,32.00,689.00,32.00,688.99,0.001,-0.013,0.013
781.00,703.00,32.00,689.00,32.00,688.99,0.001,-0.012,0.012
786.00,703.00,32.00,689.00,32.00,688.99,0.001,-0.012,0.012
814.00,703.00,32.00,689.00,32.00,688.99,0.001,-0.013,0.013
111.00,704.00,32.00,689.00,32.00,688.99,0.000,-0.007,0.007
691.00,704.00,32.00,689.00,32.00,688.99,0.001,-0.011,0.011
1072.00,704.00,32.00,689.00,32.00,688.98,0.001,-0.018,0.018
1122.00,704.00,32.00,689.00,32.00,688.98,0.001,-0.019,0.019
47.00,705.00,32.00,689.00,32.00,688.99,0.000,-0.007,0.007
42.00,706.00,32.00,689.00,32.00,688.99,0.000,-0.007,0.007
204.00,706.00,32.00,689.00,32.00,688.99,0.000,-0.007,0.007
695.00,706.00,32.00,689.00,32.00,688.99,0.001,-0.011,0.011
824.00,706.00,32.00,689.00,32.00,688.99,0.001,-0.013,0.013
1035.00,706.00,32.00,689.00,32.00,688.98,0.001,-0.017,0.017
1122.00,706.00,32.00,689.00,32.00,688.98,0.001,-0.019,0.019
691.00,707.00,32.00,689.00,32.00,688.99,0.001,-0.011,0.011
697.00,707.00,32.00,689.00,32.00,688.99,0.001,-0.011,0.011
818.00,707.00,32.00,689.00,32.00,688.99,0.001,-0.013,0.013
110.00,708.00,32.00,689.00,32.00,688.99,0.000,-0.007,0.007
1071.00,708.00,32.00,689.00,32.00,688.98,0.001,-0.017,0.017
198.00,709.00,32.00,689.00,32.00,688.99,0.000,-0.007,0.007
694.00,709.00,32.00,689.00,32.00,688.99,0.001,-0.011,0.011
1039.00,709.00,32.00,689.00,32.00,688.98,0.001,-0.016,0.016
1080.00,709.00,32.00,689.00,32.00,688.98,0.001,-0.017,0.017
50.00,710.00,32.00,689.00,32.00,688.99,0.000,-0.007,0.007
42.00,711.00,32.00,689.00,32.00,688.99,0.000,-0.007,0.007
1029.00,711.00,32.00,689.00,32.00,688.98,0.001,-0.016,0.016
1074.00,711.00,32.00,689.00,32.00,688.98,0.001,-0.017,0.017
1038.00,712.00,32.00,689.00,32.00,688.98,0.001,-0.016,0.016
1071.00,712.00,32.00,689.00,32.00,688.98,0.001,-0.017,0.017
45.00,713.00,32.00,689.00,32.00,688.99,0.000,-0.007,0.007
49.00,713.00,32.00,689.00,32.00,688.99,0.000,-0.007,0.007
202.00,713.00,32.00,689.00,32.00,688.99,0.000,-0.007,0.007
464.00,713.00,32.00,689.00,32.00,688.99,0.001,-0.009,0.009
696.00,713.00,32.00,689.00,32.00,688.99,0.001,-0.011,0.011
1033.00,713.00,32.00,689.00,32.00,688.98,0.001,-0.016,0.016
51.00,714.00,32.00,689.00,32.00,688.99,0.000,-0.007,0.007
694.00,714.00,32.00,689.00,32.00,688.99,0.001,-0.011,0.011
703.00,714.00,32.00,689.00,32.00,688.99,0.001,-0.011,0.011
734.00,714.00,32.00,689.00,32.00,688.99,0.001,-0.011,0.011
47.00,715.00,32.00,689.00,32.00,688.99,0.000,-0.007,0.007
351.00,715.00,32.00,689.00,32.00,688.99,0.000,-0.008,0.008
354.00,715.00,32.00,689.00,32.00,688.99,0.000,-0.008,0.008
692.00,715.00,32.00,689.00,32.00,688.99,0.001,-0.011,0.011
700.00,715.00,32.00,689.00,32.00,688.99,0.001,-0.011,0.011
1082.00,715.00,32.00,689.00,32.00,688.98,0.001,-0.017,0.017
45.00,716.00,32.00,689.00,32.00,688.99,0.000,-0.007,0.007
49.00,716.00,32.00,689.00,32.00,688.99,0.000,-0.007,0.007
53.00,716.00,32.00,689.00,32.00,688.99,0.000,-0.007,0.007
81.00,716.00,32.00,689.00,32.00,688.99,0.000,-0.007,0.007
685.00,717.00,32.00,689.00,32.00,688.99,0.001,-0.011,0.011
47.00,718.00,32.00,689.00,32.00,688.99,0.000,-0.007,0.007
75.00,718.00,32.00,689.00,32.00,688.99,0.000,-0.007,0.007
683.00,718.00,32.00,689.00,32.00,688.99,0.001,-0.011,0.011
1146.00,718.00,32.00,689.00,32.00,688.98,0.001,-0.019,0.019
42.00,719.00,32.00,689.00,32.00,688.99,0.000,-0.007,0.007
349.00,719.00,32.00,689.00,32.00,688.99,0.000,-0.008,0.008
73.00,720.00,32.00,689.00,32.00,688.99,0.000,-0.007,0.007
230.00,720.00,32.00,689.00,32.00,688.99,0.000,-0.008,0.008
1147.00,720.00,32.00,689.00,32.00,688.98,0.001,-0.018,0.018
83.00,721.00,32.00,689.00,32.00,688.99,0.000,-0.007,0.007
814.00,721.00,32.00,689.00,32.00,688.99,0.001,-0.012,0.012
231.00,722.00,32.00,689.00,32.00,688.99,0.000,-0.008,0.008
225.00,724.00,32.00,689.00,32.00,688.99,0.000,-0.007,0.007
1111.00,724.00,32.00,689.00,32.00,688.98,0.001,-0.017,0.017
1115.00,724.00,32.00,689.00,32.00,688.98,0.001,-0.017,0.017
1117.00,724.00,32.00,689.00,32.00,688.98,0.001,-0.017,0.017
1144.00,724.00,32.00,689.00,32.00,688.98,0.001,-0.018,0.018
1113.00,725.00,32.00,689.00,32.00,688.98,0.001,-0.017,0.017
290.00,726.00,32.00,689.00,32.00,688.99,0.000,-0.008,0.008
295.00,727.00,32.00,689.00,32.00,688.99,0.000,-0.008,0.008
438.00,727.00,32.00,689.00,32.00,688.99,0.000,-0.009,0.009
1091.00,727.00,32.00,689.00,32.00,688.98,0.001,-0.016,0.016
1093.00,727.00,32.00,689.00,32.00,688.98,0.001,-0.016,0.016
1117.00,727.00,32.00,689.00,32.00,688.98,0.001,-0.017,0.017
561.00,728.00,32.00,689.00,32.00,688.99,0.001,-0.009,0.009
563.00,728.00,32.00,689.00,32.00,688.99,0.001,-0.009,0.009
1088.00,728.00,32.00,689.00,32.00,688.98,0.001,-0.016,0.016
291.00,729.00,32.00,689.00,32.00,688.99,0.000,-0.008,0.008
436.00,729.00,32.00,689.00,32.00,688.99,0.000,-0.009,0.009
450.00,729.00,32.00,689.00,32.00,688.99,0.000,-0.009,0.009
558.00,729.00,32.00,689.00,32.00,688.99,0.001,-0.009,0.009
1091.00,729.00,32.00,689.00,32.00,688.98,0.001,-0.016,0.016
284.00,730.00,32.00,689.00,32.00,688.99,0.000,-0.008,0.008
556.00,730.00,32.00,689.00,32.00,688.99,0.001,-0.009,0.009
606.00,730.00,32.00,689.00,32.00,688.99,0.001,-0.010,0.010
1064.00,730.00,32.00,689.00,32.00,688.98,0.001,-0.016,0.016
1087.00,730.00,32.00,689.00,32.00,688.98,0.001,-0.016,0.016
254.00,731.00,32.00,689.00,32.00,688.99,0.000,-0.008,0.008
281.00,731.00,32.00,689.00,32.00,688.99,0.000,-0.008,0.008
714.00,731.00,32.00,689.00,32.00,688.99,0.001,-0.011,0.011
869.00,731.00,32.00,689.00,32.00,688.99,0.001,-0.012,0.012
1084.00,731.00,32.00,689.00,32.00,688.98,0.001,-0.016,0.016
1116.00,731.00,32.00,689.00,32.00,688.98,0.001,-0.017,0.017
300.00,732.00,32.00,689.00,32.00,688.99,0.000,-0.008,0.008
554.00,732.00,32.00,689.00,32.00,688.99,0.001,-0.009,0.009
287.00,733.00,32.00,689.00,32.00,688.99,0.000,-0.008,0.008
558.00,733.00,32.00,689.00,32.00,688.99,0.001,-0.009,0.009
684.00,733.00,32.00,689.00,32.00,688.99,0.001,-0.010,0.010
1093.00,733.00,32.00,689.00,32.00,688.98,0.001,-0.016,0.016
459.00,734.00,32.00,689.00,32.00,688.99,0.000,-0.009,0.009
1084.00,734.00,32.00,689.00,32.00,688.98,0.001,-0.016,0.016
1086.00,734.00,32.00,689.00,32.00,688.98,0.001,-0.016,0.016
107.00,735.00,32.00,689.00,32.00,688.99,0.000,-0.007,0.007
1083.00,736.00,32.00,689.00,32.00,688.98,0.001,-0.016,0.016
1087.00,737.00,32.00,689.00,32.00,688.98,0.001,-0.016,0.016
423.00,738.00,32.00,689.00,32.00,688.99,0.000,-0.008,0.008
437.00,738.00,32.00,689.00,32.00,688.99,0.000,-0.008,0.008
687.00,738.00,32.00,689.00,32.00,688.99,0.001,-0.010,0.010
1085.00,738.00,32.00,689.00,32.00,688.98,0.001,-0.016,0.016
421.00,739.00,32.00,689.00,32.00,688.99,0.000,-0.008,0.008
106.00,740.00,32.00,689.00,32.00,688.99,0.000,-0.007,0.007
425.00,741.00,32.00,689.00,32.00,688.99,0.000,-0.008,0.008
431.00,741.00,32.00,689.00,32.00,688.99,0.000,-0.008,0.008
687.00,741.00,32.00,689.00,32.00,688.99,0.001,-0.010,0.010
420.00,742.00,32.00,689.00,32.00,688.99,0.000,-0.008,0.008
417.00,743.00,32.00,689.00,32.00,688.99,0.000,-0.008,0.008
873.00,743.00,32.00,689.00,32.00,688.99,0.001,-0.012,0.012
72.00,744.00,32.00,689.00,32.00,688.99,0.000,-0.007,0.007
77.00,744.00,32.00,689.00,32.00,688.99,0.000,-0.007,0.007
103.00,744.00,32.00,689.00,32.00,688.99,0.000,-0.007,0.007
878.00,744.00,32.00,689.00,32.00,688.99,0.001,-0.012,0.012
426.00,745.00,32.00,689.00,32.00,688.99,0.000,-0.008,0.008
1184.00,745.00,32.00,689.00,32.00,688.98,0.001,-0.017,0.017
875.00,746.00,32.00,689.00,32.00,688.99,0.001,-0.012,0.012
71.00,747.00,32.00,689.00,32.00,688.99,0.000,-0.007,0.007
131.00,747.00,32.00,689.00,32.00,688.99,0.000,-0.007,0.007
422.00,747.00,32.00,689.00,32.00,688.99,0.000,-0.008,0.008
873.00,748.00,32.00,689.00,32.00,688.99,0.001,-0.012,0.012
875.00,749.00,32.00,689.00,32.00,688.99,0.001,-0.012,0.012
907.00,749.00,32.00,689.00,32.00,688.99,0.001,-0.012,0.012
77.00,750.00,32.00,689.00,32.00,688.99,0.000,-0.007,0.007
209.00,751.00,32.00,689.00,32.00,688.99,0.000,-0.007,0.007
846.00,751.00,32.00,689.00,32.00,688.99,0.001,-0.012,0.012
893.00,751.00,32.00,689.00,32.00,688.99,0.001,-0.012,0.012
1107.00,751.00,32.00,689.00,32.00,688.98,0.001,-0.015,0.015
815.00,752.00,32.00,689.00,32.00,688.99,0.001,-0.011,0.011
1101.00,752.00,32.00,689.00,32.00,688.98,0.001,-0.015,0.015
1183.00,752.00,32.00,689.00,32.00,688.98,0.001,-0.017,0.017
83.00,753.00,32.00,689.00,32.00,688.99,0.000,-0.007,0.007
1181.00,753.00,32.00,689.00,32.00,688.98,0.001,-0.017,0.017
219.00,754.00,32.00,689.00,32.00,688.99,0.000,-0.007,0.007
1103.00,754.00,32.00,689.00,32.00,688.98,0.001,-0.015,0.015
844.00,755.00,32.00,689.00,32.00,688.99,0.001,-0.011,0.011
874.00,755.00,32.00,689.00,32.00,688.99,0.001,-0.012,0.012
1101.00,756.00,32.00,689.00,32.00,688.99,0.001,-0.015,0.015
1176.00,756.00,32.00,689.00,32.00,688.98,0.001,-0.016,0.016
251.00,757.00,32.00,689.00,32.00,688.99,0.000,-0.007,0.007
558.00,757.00,32.00,689.00,32.00,688.99,0.001,-0.009,0.009
560.00,757.00,32.00,689.00,32.00,688.99,0.001,-0.009,0.009
809.00,757.00,32.00,689.00,32.00,688.99,0.001,-0.011,0.011
846.00,758.00,32.00,689.00,32.00,688.99,0.001,-0.011,0.011
1180.00,758.00,32.00,689.00,32.00,688.98,0.001,-0.016,0.016
277.00,759.00,32.00,689.00,32.00,688.99,0.000,-0.008,0.008
291.00,759.00,32.00,689.00,32.00,688.99,0.000,-0.008,0.008
814.00,759.00,32.00,689.00,32.00,688.99,0.001,-0.011,0.011
873.00,759.00,32.00,689.00,32.00,688.99,0.001,-0.012,0.012
1178.00,759.00,32.00,689.00,32.00,688.98,0.001,-0.016,0.016
296.00,760.00,32.00,689.00,32.00,688.99,0.000,-0.008,0.008
300.00,760.00,32.00,689.00,32.00,688.99,0.000,-0.008,0.008
551.00,760.00,32.00,689.00,32.00,688.99,0.001,-0.009,0.009
847.00,760.00,32.00,689.00,32.00,688.99,0.001,-0.011,0.011
281.00,761.00,32.00,689.00,32.00,688.99,0.000,-0.008,0.008
849.00,761.00,32.00,689.00,32.00,688.99,0.001,-0.011,0.011
292.00,762.00,32.00,689.00,32.00,688.99,0.000,-0.008,0.008
561.00,762.00,32.00,689.00,32.00,688.99,0.001,-0.009,0.009
712.00,763.00,32.00,689.00,32.00,688.99,0.001,-0.010,0.010
715.00,763.00,32.00,689.00,32.00,688.99,0.001,-0.010,0.010
847.00,763.00,32.00,689.00,32.00,688.99,0.001,-0.011,0.011
870.00,763.00,32.00,689.00,32.00,688.99,0.001,-0.012,0.012
707.00,764.00,32.00,689.00,32.00,688.99,0.001,-0.010,0.010
719.00,764.00,32.00,689.00,32.00,688.99,0.001,-0.010,0.010
747.00,764.00,32.00,689.00,32.00,688.99,0.001,-0.010,0.010
868.00,764.00,32.00,689.00,32.00,688.99,0.001,-0.011,0.011
922.00,764.00,32.00,689.00,32.00,688.99,0.001,-0.012,0.012
49.00,765.00,32.00,689.00,32.00,688.99,0.000,-0.007,0.007
283.00,765.00,32.00,689.00,32.00,688.99,0.000,-0.008,0.008
292.00,765.00,32.00,689.00,32.00,688.99,0.000,-0.008,0.008
558.00,765.00,32.00,689.00,32.00,688.99,0.001,-0.009,0.009
731.00,765.00,32.00,689.00,32.00,688.99,0.001,-0.010,0.010
744.00,765.00,32.00,689.00,32.00,688.99,0.001,-0.010,0.010
703.00,766.00,32.00,689.00,32.00,688.99,0.001,-0.010,0.010
868.00,766.00,32.00,689.00,32.00,688.99,0.001,-0.011,0.011
290.00,767.00,32.00,689.00,32.00,688.99,0.000,-0.008,0.008
421.00,767.00,32.00,689.00,32.00,688.99,0.000,-0.008,0.008
747.00,767.00,32.00,689.00,32.00,688.99,0.001,-0.010,0.010
751.00,767.00,32.00,689.00,32.00,688.99,0.001,-0.010,0.010
1206.00,767.00,32.00,689.00,32.00,688.98,0.001,-0.016,0.016
54.00,768.00,32.00,689.00,32.00,688.99,0.000,-0.007,0.007
304.00,768.00,32.00,689.00,32.00,688.99,0.000,-0.008,0.008
298.00,769.00,32.00,689.00,32.00,688.99,0.000,-0.008,0.008
300.00,769.00,32.00,689.00,32.00,688.99,0.000,-0.008,0.008
713.00,769.00,32.00,689.00,32.00,688.99,0.001,-0.010,0.010
717.00,769.00,32.00,689.00,32.00,688.99,0.001,-0.010,0.010
748.00,769.00,32.00,689.00,32.00,688.99,0.001,-0.010,0.010
873.00,769.00,32.00,689.00,32.00,688.99,0.001,-0.011,0.011
51.00,770.00,32.00,689.00,32.00,688.99,0.000,-0.007,0.007
295.00,770.00,32.00,689.00,32.00,688.99,0.000,-0.008,0.008
219.00,771.00,32.00,689.00,32.00,688.99,0.000,-0.007,0.007
54.00,772.00,32.00,689.00,32.00,688.99,0.000,-0.007,0.007
328.00,772.00,32.00,689.00,32.00,688.99,0.000,-0.008,0.008
745.00,772.00,32.00,689.00,32.00,688.99,0.001,-0.010,0.010
748.00,773.00,32.00,689.00,32.00,688.99,0.001,-0.010,0.010
787.00,773.00,32.00,689.00,32.00,688.99,0.001,-0.011,0.011
923.00,773.00,32.00,689.00,32.00,688.99,0.001,-0.012,0.012
216.00,774.00,32.00,689.00,32.00,688.99,0.000,-0.007,0.007
54.00,775.00,32.00,689.00,32.00,688.99,0.000,-0.007,0.007
220.00,775.00,32.00,689.00,32.00,688.99,0.000,-0.007,0.007
790.00,775.00,32.00,689.00,32.00,688.99,0.001,-0.010,0.011
923.00,776.00,32.00,689.00,32.00,688.99,0.001,-0.012,0.012
607.00,777.00,32.00,689.00,32.00,688.99,0.001,-0.009,0.009
1171.00,777.00,32.00,689.00,32.00,688.98,0.001,-0.015,0.015
75.00,778.00,32.00,689.00,32.00,688.99,0.000,-0.007,0.007
221.00,778.00,32.00,689.00,32.00,688.99,0.000,-0.007,0.007
608.00,779.00,32.00,689.00,32.00,688.99,0.001,-0.009,0.009
1169.00,779.00,32.00,689.00,32.00,688.98,0.001,-0.015,0.015
127.00,780.00,32.00,689.00,32.00,688.99,0.000,-0.007,0.007
602.00,781.00,32.00,689.00,32.00,688.99,0.001,-0.009,0.009
605.00,781.00,32.00,689.00,32.00,688.99,0.001,-0.009,0.009
526.00,782.00,32.00,689.00,32.00,688.99,0.000,-0.009,0.009
1163.00,782.00,32.00,689.00,32.00,688.99,0.001,-0.015,0.015
532.00,783.00,32.00,689.00,32.00,688.99,0.000,-0.009,0.009
1165.00,783.00,32.00,689.00,32.00,688.99,0.001,-0.015,0.015
606.00,785.00,32.00,689.00,32.00,688.99,0.001,-0.009,0.009
609.00,785.00,32.00,689.00,32.00,688.99,0.001,-0.009,0.009
967.00,785.00,32.00,689.00,32.00,688.99,0.001,-0.012,0.012
947.00,787.00,32.00,689.00,32.00,688.99,0.001,-0.012,0.012
564.00,788.00,32.00,689.00,32.00,688.99,0.000,-0.009,0.009
792.00,788.00,32.00,689.00,32.00,688.99,0.001,-0.010,0.010
1224.00,788.00,32.00,689.00,32.00,688.98,0.001,-0.016,0.016
1228.00,788.00,32.00,689.00,32.00,688.98,0.001,-0.016,0.016
1196.00,789.00,32.00,689.00,32.00,688.98,0.001,-0.015,0.015
72.00,790.00,32.00,689.00,32.00,688.99,0.000,-0.007,0.007
534.00,790.00,32.00,689.00,32.00,688.99,0.000,-0.009,0.009
793.00,790.00,32.00,689.00,32.00,688.99,0.001,-0.010,0.010
994.00,790.00,32.00,689.00,32.00,688.99,0.001,-0.012,0.012
33.00,791.00,32.00,689.00,32.00,688.99,0.000,-0.006,0.006
531.00,791.00,32.00,689.00,32.00,688.99,0.000,-0.009,0.009
567.00,791.00,32.00,689.00,32.00,688.99,0.000,-0.009,0.009
1194.00,791.00,32.00,689.00,32.00,688.99,0.001,-0.015,0.015
795.00,792.00,32.00,689.00,32.00,688.99,0.001,-0.010,0.010
72.00,793.00,32.00,689.00,32.00,688.99,0.000,-0.007,0.007
608.00,793.00,32.00,689.00,32.00,688.99,0.000,-0.009,0.009
793.00,793.00,32.00,689.00,32.00,688.99,0.001,-0.010,0.010
976.00,793.00,32.00,689.00,32.00,688.99,0.001,-0.012,0.012
994.00,793.00,32.00,689.00,32.00,688.99,0.001,-0.012,0.012
1193.00,793.00,32.00,689.00,32.00,688.99,0.001,-0.015,0.015
941.00,794.00,32.00,689.00,32.00,688.99,0.001,-0.012,0.012
72.00,795.00,32.00,689.00,32.00,688.99,0.000,-0.007,0.007
668.00,795.00,32.00,689.00,32.00,688.99,0.001,-0.009,0.009
946.00,795.00,32.00,689.00,32.00,688.99,0.001,-0.012,0.012
991.00,795.00,32.00,689.00,32.00,688.99,0.001,-0.012,0.012
304.00,796.00,32.00,689.00,32.00,688.99,0.000,-0.007,0.007
309.00,796.00,32.00,689.00,32.00,688.99,0.000,-0.007,0.007
994.00,796.00,32.00,689.00,32.00,688.99,0.001,-0.012,0.012
77.00,797.00,32.00,689.00,32.00,688.99,0.000,-0.007,0.007
996.00,797.00,32.00,689.00,32.00,688.99,0.001,-0.012,0.012
130.00,798.00,32.00,689.00,32.00,688.99,0.000,-0.007,0.007
667.00,798.00,32.00,689.00,32.00,688.99,0.001,-0.009,0.009
965.00,798.00,32.00,689.00,32.00,688.99,0.001,-0.012,0.012
989.00,798.00,32.00,689.00,32.00,688.99,0.001,-0.012,0.012
991.00,799.00,32.00,689.00,32.00,688.99,0.001,-0.012,0.012
1004.00,799.00,32.00,689.00,32.00,688.99,0.001,-0.012,0.012
79.00,800.00,32.00,689.00,32.00,688.99,0.000,-0.007,0.007
133.00,800.00,32.00,689.00,32.00,688.99,0.000,-0.007,0.007
631.00,800.00,32.00,689.00,32.00,688.99,0.000,-0.009,0.009
1001.00,800.00,32.00,689.00,32.00,688.99,0.001,-0.012,0.012
77.00,801.00,32.00,689.00,32.00,688.99,0.000,-0.007,0.007
127.00,801.00,32.00,689.00,32.00,688.99,0.000,-0.007,0.007
965.00,801.00,32.00,689.00,32.00,688.99,0.001,-0.012,0.012
999.00,801.00,32.00,689.00,32.00,688.99,0.001,-0.012,0.012
132.00,802.00,32.00,689.00,32.00,688.99,0.000,-0.007,0.007
555.00,802.00,32.00,689.00,32.00,688.99,0.000,-0.009,0.009
786.00,802.00,32.00,689.00,32.00,688.99,0.001,-0.010,0.010
76.00,803.00,32.00,689.00,32.00,688.99,0.000,-0.007,0.007
78.00,803.00,32.00,689.00,32.00,688.99,0.000,-0.007,0.007
580.00,803.00,32.00,689.00,32.00,688.99,0.000,-0.009,0.009
789.00,803.00,32.00,689.00,32.00,688.99,0.001,-0.010,0.010
807.00,803.00,32.00,689.00,32.00,688.99,0.001,-0.010,0.010
151.00,804.00,32.00,689.00,32.00,688.99,0.000,-0.007,0.007
586.00,804.00,32.00,689.00,32.00,688.99,0.000,-0.009,0.009
995.00,804.00,32.00,689.00,32.00,688.99,0.001,-0.012,0.012
128.00,805.00,32.00,689.00,32.00,688.99,0.000,-0.007,0.007
130.00,805.00,32.00,689.00,32.00,688.99,0.000,-0.007,0.007
551.00,805.00,32.00,689.00,32.00,688.99,0.000,-0.009,0.009
583.00,805.00,32.00,689.00,32.00,688.99,0.000,-0.009,0.009
1205.00,805.00,32.00,689.00,32.00,688.99,0.001,-0.014,0.014
1208.00,805.00,32.00,689.00,32.00,688.99,0.001,-0.014,0.014
791.00,806.00,32.00,689.00,32.00,688.99,0.001,-0.010,0.010
1225.00,806.00,32.00,689.00,32.00,688.99,0.001,-0.015,0.015
183.00,807.00,32.00,689.00,32.00,688.99,0.000,-0.007,0.007
190.00,807.00,32.00,689.00,32.00,688.99,0.000,-0.007,0.007
895.00,807.00,32.00,689.00,32.00,688.99,0.001,-0.011,0.011
922.00,807.00,32.00,689.00,32.00,688.99,0.001,-0.011,0.011
1210.00,807.00,32.00,689.00,32.00,688.99,0.001,-0.014,0.014
590.00,808.00,32.00,689.00,32.00,688.99,0.000,-0.009,0.009
588.00,809.00,32.00,689.00,32.00,688.99,0.000,-0.009,0.009
890.00,809.00,32.00,689.00,32.00,688.99,0.001,-0.011,0.011
1201.00,809.00,32.00,689.00,32.00,688.99,0.001,-0.014,0.014
1204.00,809.00,32.00,689.00,32.00,688.99,0.001,-0.014,0.014
823.00,810.00,32.00,689.00,32.00,688.99,0.001,-0.010,0.010
965.00,810.00,32.00,689.00,32.00,688.99,0.001,-0.011,0.011
1198.00,810.00,32.00,689.00,32.00,688.99,0.001,-0.014,0.014
1207.00,810.00,32.00,689.00,32.00,688.99,0.001,-0.014,0.014
57.00,811.00,32.00,689.00,32.00,688.99,0.000,-0.007,0.007
766.00,811.00,32.00,689.00,32.00,688.99,0.001,-0.010,0.010
896.00,811.00,32.00,689.00,32.00,688.99,0.001,-0.011,0.011
963.00,811.00,32.00,689.00,32.00,688.99,0.001,-0.011,0.011
1200.00,811.00,32.00,689.00,32.00,688.99,0.001,-0.014,0.014
555.00,812.00,32.00,689.00,32.00,688.99,0.000,-0.008,0.008
1207.00,812.00,32.00,689.00,32.00,688.99,0.001,-0.014,0.014
52.00,813.00,32.00,689.00,32.00,688.99,0.000,-0.006,0.006
55.00,813.00,32.00,689.00,32.00,688.99,0.000,-0.007,0.007
552.00,813.00,32.00,689.00,32.00,688.99,0.000,-0.008,0.008
767.00,813.00,32.00,689.00,32.00,688.99,0.001,-0.010,0.010
838.00,813.00,32.00,689.00,32.00,688.99,0.001,-0.010,0.010
891.00,813.00,32.00,689.00,32.00,688.99,0.001,-0.011,0.011
964.00,813.00,32.00,689.00,32.00,688.99,0.001,-0.011,0.011
183.00,814.00,32.00,689.00,32.00,688.99,0.000,-0.007,0.007
187.00,814.00,32.00,689.00,32.00,688.99,0.000,-0.007,0.007
125.00,815.00,32.00,689.00,32.00,688.99,0.000,-0.007,0.007
185.00,815.00,32.00,689.00,32.00,688.99,0.000,-0.007,0.007
750.00,815.00,32.00,689.00,32.00,688.99,0.001,-0.010,0.010
122.00,816.00,32.00,689.00,32.00,688.99,0.000,-0.007,0.007
128.00,816.00,32.00,689.00,32.00,688.99,0.000,-0.007,0.007
1021.00,816.00,32.00,689.00,32.00,688.99,0.001,-0.012,0.012
1202.00,816.00,32.00,689.00,32.00,688.99,0.001,-0.014,0.014
1208.00,816.00,32.00,689.00,32.00,688.99,0.001,-0.014,0.014
1205.00,817.00,32.00,689.00,32.00,688.99,0.001,-0.014,0.014
120.00,818.00,32.00,689.00,32.00,688.99,0.000,-0.007,0.007
128.00,818.00,32.00,689.00,32.00,688.99,0.000,-0.007,0.007
836.00,818.00,32.00,689.00,32.00,688.99,0.001,-0.010,0.010
1205.00,819.00,32.00,689.00,32.00,688.99,0.001,-0.014,0.014
124.00,820.00,32.00,689.00,32.00,688.99,0.000,-0.007,0.007
51.00,821.00,32.00,689.00,32.00,688.99,0.000,-0.006,0.006
135.00,822.00,32.00,689.00,32.00,688.99,0.000,-0.007,0.007
212.00,822.00,32.00,689.00,32.00,688.99,0.000,-0.007,0.007
385.00,822.00,32.00,689.00,32.00,688.99,0.000,-0.008,0.008
555.00,822.00,32.00,689.00,32.00,688.99,0.000,-0.008,0.008
130.00,823.00,32.00,689.00,32.00,688.99,0.000,-0.007,0.007
557.00,823.00,32.00,689.00,32.00,688.99,0.000,-0.008,0.008
207.00,824.00,32.00,689.00,32.00,688.99,0.000,-0.007,0.007
385.00,825.00,32.00,689.00,32.00,688.99,0.000,-0.008,0.008
555.00,825.00,32.00,689.00,32.00,688.99,0.000,-0.008,0.008
207.00,826.00,32.00,689.00,32.00,688.99,0.000,-0.007,0.007
664.00,826.00,32.00,689.00,32.00,688.99,0.000,-0.009,0.009
210.00,827.00,32.00,689.00,32.00,688.99,0.000,-0.007,0.007
402.00,827.00,32.00,689.00,32.00,688.99,0.000,-0.008,0.008
404.00,828.00,32.00,689.00,32.00,688.99,0.000,-0.008,0.008
606.00,828.00,32.00,689.00,32.00,688.99,0.000,-0.009,0.009
132.00,829.00,32.00,689.00,32.00,688.99,0.000,-0.007,0.007
169.00,829.00,32.00,689.00,32.00,688.99,0.000,-0.007,0.007
382.00,829.00,32.00,689.00,32.00,688.99,0.000,-0.008,0.008
387.00,830.00,32.00,689.00,32.00,688.99,0.000,-0.008,0.008
407.00,830.00,32.00,689.00,32.00,688.99,0.000,-0.008,0.008
713.00,830.00,32.00,689.00,32.00,688.99,0.001,-0.009,0.009
747.00,830.00,32.00,689.00,32.00,688.99,0.001,-0.009,0.009
171.00,831.00,32.00,689.00,32.00,688.99,0.000,-0.007,0.007
137.00,832.00,32.00,689.00,32.00,688.99,0.000,-0.007,0.007
146.00,832.00,32.00,689.00,32.00,688.99,0.000,-0.007,0.007
406.00,832.00,32.00,689.00,32.00,688.99,0.000,-0.008,0.008
378.00,833.00,32.00,689.00,32.00,688.99,0.000,-0.008,0.008
380.00,833.00,32.00,689.00,32.00,688.99,0.000,-0.008,0.008
385.00,833.00,32.00,689.00,32.00,688.99,0.000,-0.008,0.008
749.00,833.00,32.00,689.00,32.00,688.99,0.001,-0.009,0.009
1019.00,833.00,32.00,689.00,32.00,688.99,0.001,-0.011,0.011
203.00,834.00,32.00,689.00,32.00,688.99,0.000,-0.007,0.007
405.00,834.00,32.00,689.00,32.00,688.99,0.000,-0.008,0.008
427.00,835.00,32.00,689.00,32.00,688.99,0.000,-0.008,0.008
601.00,835.00,32.00,689.00,32.00,688.99,0.000,-0.009,0.009
131.00,836.00,32.00,689.00,32.00,688.99,0.000,-0.007,0.007
380.00,836.00,32.00,689.00,32.00,688.99,0.000,-0.008,0.008
383.00,836.00,32.00,689.00,32.00,688.99,0.000,-0.008,0.008
410.00,836.00,32.00,689.00,32.00,688.99,0.000,-0.008,0.008
746.00,836.00,32.00,689.00,32.00,688.99,0.001,-0.009,0.009
1041.00,836.00,32.00,689.00,32.00,688.99,0.001,-0.012,0.012
141.00,838.00,32.00,689.00,32.00,688.99,0.000,-0.007,0.007
151.00,838.00,32.00,689.00,32.00,688.99,0.000,-0.007,0.007
424.00,838.00,32.00,689.00,32.00,688.99,0.000,-0.008,0.008
1017.00,838.00,32.00,689.00,32.00,688.99,0.001,-0.011,0.011
1035.00,838.00,32.00,689.00,32.00,688.99,0.001,-0.011,0.011
284.00,839.00,32.00,689.00,32.00,688.99,0.000,-0.007,0.007
1198.00,839.00,32.00,689.00,32.00,688.99,0.001,-0.013,0.013
1201.00,839.00,32.00,689.00,32.00,688.99,0.001,-0.013,0.013
138.00,840.00,32.00,689.00,32.00,688.99,0.000,-0.007,0.007
404.00,840.00,32.00,689.00,32.00,688.99,0.000,-0.008,0.008
429.00,840.00,32.00,689.00,32.00,688.99,0.000,-0.008,0.008
433.00,840.00,32.00,689.00,32.00,688.99,0.000,-0.008,0.008
1018.00,840.00,32.00,689.00,32.00,688.99,0.001,-0.011,0.011
277.00,841.00,32.00,689.00,32.00,688.99,0.000,-0.007,0.007
408.00,841.00,32.00,689.00,32.00,688.99,0.000,-0.008,0.008
426.00,841.00,32.00,689.00,32.00,688.99,0.000,-0.008,0.008
477.00,841.00,32.00,689.00,32.00,688.99,0.000,-0.008,0.008
1005.00,841.00,32.00,689.00,32.00,688.99,0.001,-0.011,0.011
135.00,842.00,32.00,689.00,32.00,688.99,0.000,-0.007,0.007
1023.00,842.00,32.00,689.00,32.00,688.99,0.001,-0.011,0.011
1030.00,842.00,32.00,689.00,32.00,688.99,0.001,-0.011,0.011
1033.00,842.00,32.00,689.00,32.00,688.99,0.001,-0.011,0.011
1193.00,842.00,32.00,689.00,32.00,688.99,0.001,-0.013,0.013
1197.00,842.00,32.00,689.00,32.00,688.99,0.001,-0.013,0.013
273.00,843.00,32.00,689.00,32.00,688.99,0.000,-0.007,0.007
404.00,843.00,32.00,689.00,32.00,688.99,0.000,-0.008,0.008
1010.00,843.00,32.00,689.00,32.00,688.99,0.001,-0.011,0.011
1017.00,843.00,32.00,689.00,32.00,688.99,0.001,-0.011,0.011
1204.00,843.00,32.00,689.00,32.00,688.99,0.001,-0.013,0.013
401.00,844.00,32.00,689.00,32.00,688.99,0.000,-0.008,0.008
408.00,844.00,32.00,689.00,32.00,688.99,0.000,-0.008,0.008
473.00,844.00,32.00,689.00,32.00,688.99,0.000,-0.008,0.008
1039.00,844.00,32.00,689.00,32.00,688.99,0.001,-0.011,0.011
1173.00,844.00,32.00,689.00,32.00,688.99,0.001,-0.013,0.013
1184.00,844.00,32.00,689.00,32.00,688.99,0.001,-0.013,0.013
1188.00,844.00,32.00,689.00,32.00,688.99,0.001,-0.013,0.013
1194.00,844.00,32.00,689.00,32.00,688.99,0.001,-0.013,0.013
1201.00,844.00,32.00,689.00,32.00,688.99,0.001,-0.013,0.013
403.00,845.00,32.00,689.00,32.00,688.99,0.000,-0.008,0.008
469.00,845.00,32.00,689.00,32.00,688.99,0.000,-0.008,0.008
1030.00,845.00,32.00,689.00,32.00,688.99,0.001,-0.011,0.011
1204.00,845.00,32.00,689.00,32.00,688.99,0.001,-0.013,0.013
382.00,846.00,32.00,689.00,32.00,688.99,0.000,-0.008,0.008
385.00,846.00,32.00,689.00,32.00,688.99,0.000,-0.008,0.008
408.00,846.00,32.00,689.00,32.00,688.99,0.000,-0.008,0.008
1020.00,846.00,32.00,689.00,32.00,688.99,0.001,-0.011,0.011
1171.00,846.00,32.00,689.00,32.00,688.99,0.001,-0.013,0.013
378.00,847.00,32.00,689.00,32.00,688.99,0.000,-0.008,0.008
427.00,847.00,32.00,689.00,32.00,688.99,0.000,-0.008,0.008
489.00,847.00,32.00,689.00,32.00,688.99,0.000,-0.008,0.008
1004.00,847.00,32.00,689.00,32.00,688.99,0.001,-0.011,0.011
1010.00,847.00,32.00,689.00,32.00,688.99,0.001,-0.011,0.011
1196.00,847.00,32.00,689.00,32.00,688.99,0.001,-0.013,0.013
383.00,848.00,32.00,689.00,32.00,688.99,0.000,-0.008,0.008
388.00,848.00,32.00,689.00,32.00,688.99,0.000,-0.008,0.008
406.00,848.00,32.00,689.00,32.00,688.99,0.000,-0.008,0.008
429.00,848.00,32.00,689.00,32.00,688.99,0.000,-0.008,0.008
479.00,848.00,32.00,689.00,32.00,688.99,0.000,-0.008,0.008
374.00,849.00,32.00,689.00,32.00,688.99,0.000,-0.008,0.008
398.00,849.00,32.00,689.00,32.00,688.99,0.000,-0.008,0.008
477.00,849.00,32.00,689.00,32.00,688.99,0.000,-0.008,0.008
1176.00,849.00,32.00,689.00,32.00,688.99,0.001,-0.013,0.013
378.00,850.00,32.00,689.00,32.00,688.99,0.000,-0.008,0.008
381.00,850.00,32.00,689.00,32.00,688.99,0.000,-0.008,0.008
387.00,851.00,32.00,689.00,32.00,688.99,0.000,-0.008,0.008
1029.00,851.00,32.00,689.00,32.00,688.99,0.001,-0.011,0.011
1172.00,851.00,32.00,689.00,32.00,688.99,0.001,-0.013,0.013
1188.00,851.00,32.00,689.00,32.00,688.99,0.001,-0.013,0.013
302.00,852.00,32.00,689.00,32.00,688.99,0.000,-0.007,0.007
475.00,852.00,32.00,689.00,32.00,688.99,0.000,-0.008,0.008
479.00,852.00,32.00,689.00,32.00,688.99,0.000,-0.008,0.008
484.00,852.00,32.00,689.00,32.00,688.99,0.000,-0.008,0.008
1190.00,852.00,32.00,689.00,32.00,688.99,0.001,-0.013,0.013
626.00,853.00,32.00,689.00,32.00,688.99,0.000,-0.009,0.009
632.00,853.00,32.00,689.00,32.00,688.99,0.000,-0.009,0.009
286.00,854.00,32.00,689.00,32.00,688.99,0.000,-0.007,0.007
289.00,855.00,32.00,689.00,32.00,688.99,0.000,-0.007,0.007
304.00,855.00,32.00,689.00,32.00,688.99,0.000,-0.007,0.007
296.00,856.00,32.00,689.00,32.00,688.99,0.000,-0.007,0.007
382.00,856.00,32.00,689.00,32.00,688.99,0.000,-0.008,0.008
303.00,859.00,32.00,689.00,32.00,688.99,0.000,-0.007,0.007
382.00,859.00,32.00,689.00,32.00,688.99,0.000,-0.007,0.007
386.00,859.00,32.00,689.00,32.00,688.99,0.000,-0.008,0.008
900.00,861.00,32.00,689.00,32.00,688.99,0.001,-0.010,0.010
920.00,861.00,32.00,689.00,32.00,688.99,0.001,-0.010,0.010
895.00,862.00,32.00,689.00,32.00,688.99,0.001,-0.010,0.010
922.00,862.00,32.00,689.00,32.00,688.99,0.001,-0.010,0.010
298.00,863.00,32.00,689.00,32.00,688.99,0.000,-0.007,0.007
1203.00,863.00,32.00,689.00,32.00,688.99,0.001,-0.013,0.013
912.00,864.00,32.00,689.00,32.00,688.99,0.001,-0.010,0.010
1200.00,864.00,32.00,689.00,32.00,688.99,0.001,-0.012,0.012
1213.00,865.00,32.00,689.00,32.00,688.99,0.001,-0.013,0.013
1218.00,865.00,32.00,689.00,32.00,688.99,0.001,-0.013,0.013
924.00,868.00,32.00,689.00,32.00,688.99,0.001,-0.010,0.010
1198.00,869.00,32.00,689.00,32.00,688.99,0.001,-0.012,0.012
910.00,870.00,32.00,689.00,32.00,688.99,0.001,-0.010,0.010
1203.00,870.00,32.00,689.00,32.00,688.99,0.001,-0.012,0.012
199.00,872.00,32.00,689.00,32.00,688.99,0.000,-0.007,0.007
1205.00,873.00,32.00,689.00,32.00,688.99,0.001,-0.012,0.012
910.00,874.00,32.00,689.00,32.00,688.99,0.001,-0.010,0.010
64.00,878.00,32.00,689.00,32.00,688.99,0.000,-0.006,0.006
63.00,880.00,32.00,689.00,32.00,688.99,0.000,-0.006,0.006
703.00,880.00,32.00,689.00,32.00,688.99,0.000,-0.009,0.009
61.00,883.00,32.00,689.00,32.00,688.99,0.000,-0.006,0.006
68.00,883.00,32.00,689.00,32.00,688.99,0.000,-0.006,0.006
846.00,886.00,32.00,689.00,32.00,688.99,0.001,-0.009,0.009
694.00,887.00,32.00,689.00,32.00,688.99,0.000,-0.009,0.009
98.00,889.00,32.00,689.00,32.00,688.99,0.000,-0.006,0.006
887.00,889.00,32.00,689.00,32.00,688.99,0.001,-0.010,0.010
890.00,889.00,32.00,689.00,32.00,688.99,0.001,-0.010,0.010
699.00,890.00,32.00,689.00,32.00,688.99,0.000,-0.009,0.009
894.00,890.00,32.00,689.00,32.00,688.99,0.001,-0.010,0.010
889.00,891.00,32.00,689.00,32.00,688.99,0.001,-0.010,0.010
795.00,892.00,32.00,689.00,32.00,688.99,0.000,-0.009,0.009
1026.00,892.00,32.00,689.00,32.00,688.99,0.001,-0.010,0.010
886.00,894.00,32.00,689.00,32.00,688.99,0.001,-0.010,0.010
156.00,896.00,32.00,689.00,32.00,688.99,0.000,-0.007,0.007
898.00,896.00,32.00,689.00,32.00,688.99,0.001,-0.010,0.010
900.00,896.00,32.00,689.00,32.00,688.99,0.001,-0.010,0.010
903.00,896.00,32.00,689.00,32.00,688.99,0.001,-0.010,0.010
797.00,897.00,32.00,689.00,32.00,688.99,0.000,-0.009,0.009
801.00,898.00,32.00,689.00,32.00,688.99,0.000,-0.009,0.009
903.00,898.00,32.00,689.00,32.00,688.99,0.001,-0.010,0.010
795.00,899.00,32.00,689.00,32.00,688.99,0.000,-0.009,0.009
837.00,899.00,32.00,689.00,32.00,688.99,0.000,-0.009,0.009
841.00,899.00,32.00,689.00,32.00,688.99,0.000,-0.009,0.009
1007.00,899.00,32.00,689.00,32.00,688.99,0.001,-0.010,0.010
129.00,900.00,32.00,689.00,32.00,688.99,0.000,-0.007,0.007
797.00,900.00,32.00,689.00,32.00,688.99,0.000,-0.009,0.009
834.00,901.00,32.00,689.00,32.00,688.99,0.000,-0.009,0.009
839.00,901.00,32.00,689.00,32.00,688.99,0.000,-0.009,0.009
128.00,902.00,32.00,689.00,32.00,688.99,0.000,-0.007,0.007
1004.00,902.00,32.00,689.00,32.00,688.99,0.001,-0.010,0.010
622.00,903.00,32.00,689.00,32.00,688.99,0.000,-0.008,0.008
625.00,903.00,32.00,689.00,32.00,688.99,0.000,-0.008,0.008
627.00,903.00,32.00,689.00,32.00,688.99,0.000,-0.008,0.008
630.00,903.00,32.00,689.00,32.00,688.99,0.000,-0.008,0.008
828.00,903.00,32.00,689.00,32.00,688.99,0.000,-0.009,0.009
835.00,903.00,32.00,689.00,32.00,688.99,0.000,-0.009,0.009
981.00,903.00,32.00,689.00,32.00,688.99,0.001,-0.010,0.010
620.00,905.00,32.00,689.00,32.00,688.99,0.000,-0.008,0.008
629.00,905.00,32.00,689.00,32.00,688.99,0.000,-0.008,0.008
796.00,905.00,32.00,689.00,32.00,688.99,0.000,-0.009,0.009
801.00,905.00,32.00,689.00,32.00,688.99,0.000,-0.009,0.009
834.00,905.00,32.00,689.00,32.00,688.99,0.000,-0.009,0.009
618.00,906.00,32.00,689.00,32.00,688.99,0.000,-0.008,0.008
624.00,906.00,32.00,689.00,32.00,688.99,0.000,-0.008,0.008
831.00,906.00,32.00,689.00,32.00,688.99,0.000,-0.009,0.009
998.00,906.00,32.00,689.00,32.00,688.99,0.001,-0.010,0.010
622.00,907.00,32.00,689.00,32.00,688.99,0.000,-0.008,0.008
828.00,907.00,32.00,689.00,32.00,688.99,0.000,-0.009,0.009
1001.00,907.00,32.00,689.00,32.00,688.99,0.001,-0.010,0.010
804.00,908.00,32.00,689.00,32.00,688.99,0.000,-0.009,0.009
831.00,908.00,32.00,689.00,32.00,688.99,0.000,-0.009,0.009
1004.00,908.00,32.00,689.00,32.00,688.99,0.001,-0.010,0.010
619.00,909.00,32.00,689.00,32.00,688.99,0.000,-0.008,0.008
1006.00,909.00,32.00,689.00,32.00,688.99,0.001,-0.010,0.010
1203.00,909.00,32.00,689.00,32.00,688.99,0.001,-0.012,0.012
835.00,910.00,32.00,689.00,32.00,688.99,0.000,-0.009,0.009
1207.00,910.00,32.00,689.00,32.00,688.99,0.001,-0.012,0.012
588.00,911.00,32.00,689.00,32.00,688.99,0.000,-0.008,0.008
930.00,911.00,32.00,689.00,32.00,688.99,0.001,-0.010,0.010
1203.00,911.00,32.00,689.00,32.00,688.99,0.001,-0.011,0.011
294.00,912.00,32.00,689.00,32.00,688.99,0.000,-0.007,0.007
591.00,912.00,32.00,689.00,32.00,688.99,0.000,-0.008,0.008
932.00,912.00,32.00,689.00,32.00,688.99,0.001,-0.010,0.010
621.00,913.00,32.00,689.00,32.00,688.99,0.000,-0.008,0.008
927.00,913.00,32.00,689.00,32.00,688.99,0.001,-0.010,0.010
932.00,915.00,32.00,689.00,32.00,688.99,0.001,-0.010,0.010
229.00,917.00,32.00,689.00,32.00,688.99,0.000,-0.007,0.007
235.00,918.00,32.00,689.00,32.00,688.99,0.000,-0.007,0.007
324.00,918.00,32.00,689.00,32.00,688.99,0.000,-0.007,0.007
854.00,918.00,32.00,689.00,32.00,688.99,0.000,-0.009,0.009
858.00,918.00,32.00,689.00,32.00,688.99,0.000,-0.009,0.009
1201.00,918.00,32.00,689.00,32.00,688.99,0.001,-0.011,0.011
228.00,920.00,32.00,689.00,32.00,688.99,0.000,-0.007,0.007
282.00,920.00,32.00,689.00,32.00,688.99,0.000,-0.007,0.007
326.00,920.00,32.00,689.00,32.00,688.99,0.000,-0.007,0.007
980.00,922.00,32.00,689.00,32.00,688.99,0.001,-0.010,0.010
282.00,923.00,32.00,689.00,32.00,688.99,0.000,-0.007,0.007
854.00,923.00,32.00,689.00,32.00,688.99,0.000,-0.009,0.009
145.00,924.00,32.00,689.00,32.00,688.99,0.000,-0.007,0.007
254.00,924.00,32.00,689.00,32.00,688.99,0.000,-0.007,0.007
275.00,924.00,32.00,689.00,32.00,688.99,0.000,-0.007,0.007
287.00,924.00,32.00,689.00,32.00,688.99,0.000,-0.007,0.007
326.00,924.00,32.00,689.00,32.00,688.99,0.000,-0.007,0.007
143.00,925.00,32.00,689.00,32.00,688.99,0.000,-0.007,0.007
238.00,925.00,32.00,689.00,32.00,688.99,0.000,-0.007,0.007
264.00,925.00,32.00,689.00,32.00,688.99,0.000,-0.007,0.007
1201.00,925.00,32.00,689.00,32.00,688.99,0.001,-0.011,0.011
256.00,926.00,32.00,689.00,32.00,688.99,0.000,-0.007,0.007
275.00,926.00,32.00,689.00,32.00,688.99,0.000,-0.007,0.007
278.00,926.00,32.00,689.00,32.00,688.99,0.000,-0.007,0.007
283.00,926.00,32.00,689.00,32.00,688.99,0.000,-0.007,0.007
429.00,926.00,32.00,689.00,32.00,688.99,0.000,-0.007,0.007
1130.00,926.00,32.00,689.00,32.00,688.99,0.001,-0.011,0.011
1205.00,926.00,32.00,689.00,32.00,688.99,0.001,-0.011,0.011
251.00,927.00,32.00,689.00,32.00,688.99,0.000,-0.007,0.007
273.00,928.00,32.00,689.00,32.00,688.99,0.000,-0.007,0.007
1203.00,928.00,32.00,689.00,32.00,688.99,0.001,-0.011,0.011
229.00,929.00,32.00,689.00,32.00,688.99,0.000,-0.007,0.007
253.00,929.00,32.00,689.00,32.00,688.99,0.000,-0.007,0.007
235.00,930.00,32.00,689.00,32.00,688.99,0.000,-0.007,0.007
257.00,930.00,32.00,689.00,32.00,688.99,0.000,-0.007,0.007
1055.00,931.00,32.00,689.00,32.00,688.99,0.001,-0.010,0.010
1131.00,931.00,32.00,689.00,32.00,688.99,0.001,-0.011,0.011
713.00,932.00,32.00,689.00,32.00,688.99,0.000,-0.008,0.008
1057.00,932.00,32.00,689.00,32.00,688.99,0.001,-0.010,0.010
610.00,933.00,32.00,689.00,32.00,688.99,0.000,-0.008,0.008
717.00,934.00,32.00,689.00,32.00,688.99,0.000,-0.008,0.008
927.00,934.00,32.00,689.00,32.00,688.99,0.000,-0.009,0.009
1155.00,934.00,32.00,689.00,32.00,688.99,0.001,-0.011,0.011
258.00,935.00,32.00,689.00,32.00,688.99,0.000,-0.007,0.007
601.00,935.00,32.00,689.00,32.00,688.99,0.000,-0.008,0.008
926.00,936.00,32.00,689.00,32.00,688.99,0.000,-0.009,0.009
160.00,937.00,32.00,689.00,32.00,688.99,0.000,-0.007,0.007
261.00,937.00,32.00,689.00,32.00,688.99,0.000,-0.007,0.007
718.00,937.00,32.00,689.00,32.00,688.99,0.000,-0.008,0.008
1153.00,937.00,32.00,689.00,32.00,688.99,0.001,-0.011,0.011
1163.00,937.00,32.00,689.00,32.00,688.99,0.001,-0.011,0.011
709.00,938.00,32.00,689.00,32.00,688.99,0.000,-0.008,0.008
713.00,938.00,32.00,689.00,32.00,688.99,0.000,-0.008,0.008
845.00,938.00,32.00,689.00,32.00,688.99,0.000,-0.009,0.009
1158.00,938.00,32.00,689.00,32.00,688.99,0.001,-0.011,0.011
258.00,939.00,32.00,689.00,32.00,688.99,0.000,-0.007,0.007
309.00,939.00,32.00,689.00,32.00,688.99,0.000,-0.007,0.007
602.00,939.00,32.00,689.00,32.00,688.99,0.000,-0.008,0.008
782.00,939.00,32.00,689.00,32.00,688.99,0.000,-0.009,0.009
842.00,939.00,32.00,689.00,32.00,688.99,0.000,-0.009,0.009
710.00,940.00,32.00,689.00,32.00,688.99,0.000,-0.008,0.008
784.00,940.00,32.00,689.00,32.00,688.99,0.000,-0.009,0.009
158.00,941.00,32.00,689.00,32.00,688.99,0.000,-0.007,0.007
162.00,941.00,32.00,689.00,32.00,688.99,0.000,-0.007,0.007
313.00,941.00,32.00,689.00,32.00,688.99,0.000,-0.007,0.007
712.00,941.00,32.00,689.00,32.00,688.99,0.000,-0.008,0.008
715.00,941.00,32.00,689.00,32.00,688.99,0.000,-0.008,0.008
717.00,941.00,32.00,689.00,32.00,688.99,0.000,-0.008,0.008
1151.00,941.00,32.00,689.00,32.00,688.99,0.001,-0.011,0.011
1159.00,941.00,32.00,689.00,32.00,688.99,0.001,-0.011,0.011
257.00,942.00,32.00,689.00,32.00,688.99,0.000,-0.007,0.007
1161.00,942.00,32.00,689.00,32.00,688.99,0.001,-0.011,0.011
206.00,943.00,32.00,689.00,32.00,688.99,0.000,-0.007,0.007
261.00,943.00,32.00,689.00,32.00,688.99,0.000,-0.007,0.007
313.00,943.00,32.00,689.00,32.00,688.99,0.000,-0.007,0.007
714.00,943.00,32.00,689.00,32.00,688.99,0.000,-0.008,0.008
137.00,944.00,32.00,689.00,32.00,688.99,0.000,-0.006,0.006
162.00,944.00,32.00,689.00,32.00,688.99,0.000,-0.007,0.007
164.00,944.00,32.00,689.00,32.00,688.99,0.000,-0.007,0.007
203.00,944.00,32.00,689.00,32.00,688.99,0.000,-0.007,0.007
255.00,944.00,32.00,689.00,32.00,688.99,0.000,-0.007,0.007
1198.00,944.00,32.00,689.00,32.00,688.99,0.001,-0.011,0.011
461.00,945.00,32.00,689.00,32.00,688.99,0.000,-0.007,0.007
624.00,945.00,32.00,689.00,32.00,688.99,0.000,-0.008,0.008
1201.00,945.00,32.00,689.00,32.00,688.99,0.001,-0.011,0.011
122.00,946.00,32.00,689.00,32.00,688.99,0.000,-0.006,0.006
128.00,946.00,32.00,689.00,32.00,688.99,0.000,-0.006,0.006
205.00,946.00,32.00,689.00,32.00,688.99,0.000,-0.007,0.007
260.00,946.00,32.00,689.00,32.00,688.99,0.000,-0.007,0.007
306.00,946.00,32.00,689.00,32.00,688.99,0.000,-0.007,0.007
312.00,947.00,32.00,689.00,32.00,688.99,0.000,-0.007,0.007
462.00,947.00,32.00,689.00,32.00,688.99,0.000,-0.007,0.007
626.00,947.00,32.00,689.00,32.00,688.99,0.000,-0.008,0.008
1133.00,947.00,32.00,689.00,32.00,688.99,0.001,-0.010,0.010
1153.00,947.00,32.00,689.00,32.00,688.99,0.001,-0.011,0.011
1201.00,947.00,32.00,689.00,32.00,688.99,0.001,-0.011,0.011
1135.00,948.00,32.00,689.00,32.00,688.99,0.001,-0.010,0.010
123.00,949.00,32.00,689.00,32.00,688.99,0.000,-0.006,0.006
126.00,949.00,32.00,689.00,32.00,688.99,0.000,-0.006,0.006
130.00,949.00,32.00,689.00,32.00,688.99,0.000,-0.006,0.006
204.00,949.00,32.00,689.00,32.00,688.99,0.000,-0.007,0.007
257.00,949.00,32.00,689.00,32.00,688.99,0.000,-0.007,0.007
553.00,949.00,32.00,689.00,32.00,688.99,0.000,-0.008,0.008
581.00,950.00,32.00,689.00,32.00,688.99,0.000,-0.008,0.008
132.00,951.00,32.00,689.00,32.00,688.99,0.000,-0.006,0.006
456.00,951.00,32.00,689.00,32.00,688.99,0.000,-0.007,0.007
1151.00,951.00,32.00,689.00,32.00,688.99,0.001,-0.010,0.011
421.00,952.00,32.00,689.00,32.00,688.99,0.000,-0.007,0.007
453.00,953.00,32.00,689.00,32.00,688.99,0.000,-0.007,0.007
458.00,954.00,32.00,689.00,32.00,688.99,0.000,-0.007,0.007
460.00,955.00,32.00,689.00,32.00,688.99,0.000,-0.007,0.007
867.00,955.00,32.00,689.00,32.00,688.99,0.000,-0.009,0.009
412.00,956.00,32.00,689.00,32.00,688.99,0.000,-0.007,0.007
416.00,956.00,32.00,689.00,32.00,688.99,0.000,-0.007,0.007
464.00,956.00,32.00,689.00,32.00,688.99,0.000,-0.007,0.007
552.00,956.00,32.00,689.00,32.00,688.99,0.000,-0.008,0.008
929.00,956.00,32.00,689.00,32.00,688.99,0.000,-0.009,0.009
164.00,957.00,32.00,689.00,32.00,688.99,0.000,-0.007,0.007
420.00,957.00,32.00,689.00,32.00,688.99,0.000,-0.007,0.007
457.00,957.00,32.00,689.00,32.00,688.99,0.000,-0.007,0.007
1134.00,957.00,32.00,689.00,32.00,688.99,0.001,-0.010,0.010
415.00,958.00,32.00,689.00,32.00,688.99,0.000,-0.007,0.007
543.00,958.00,32.00,689.00,32.00,688.99,0.000,-0.008,0.008
548.00,958.00,32.00,689.00,32.00,688.99,0.000,-0.008,0.008
552.00,958.00,32.00,689.00,32.00,688.99,0.000,-0.008,0.008
902.00,958.00,32.00,689.00,32.00,688.99,0.000,-0.009,0.009
1132.00,958.00,32.00,689.00,32.00,688.99,0.001,-0.010,0.010
1191.00,958.00,32.00,689.00,32.00,688.99,0.001,-0.011,0.011
872.00,959.00,32.00,689.00,32.00,688.99,0.000,-0.009,0.009
935.00,959.00,32.00,689.00,32.00,688.99,0.000,-0.009,0.009
1134.00,959.00,32.00,689.00,32.00,688.99,0.001,-0.010,0.010
414.00,960.00,32.00,689.00,32.00,688.99,0.000,-0.007,0.007
899.00,960.00,32.00,689.00,32.00,688.99,0.000,-0.009,0.009
1130.00,960.00,32.00,689.00,32.00,688.99,0.001,-0.010,0.010
541.00,961.00,32.00,689.00,32.00,688.99,0.000,-0.008,0.008
545.00,961.00,32.00,689.00,32.00,688.99,0.000,-0.008,0.008
554.00,961.00,32.00,689.00,32.00,688.99,0.000,-0.008,0.008
903.00,961.00,32.00,689.00,32.00,688.99,0.000,-0.009,0.009
548.00,962.00,32.00,689.00,32.00,688.99,0.000,-0.008,0.008
550.00,962.00,32.00,689.00,32.00,688.99,0.000,-0.008,0.008
869.00,962.00,32.00,689.00,32.00,688.99,0.000,-0.009,0.009
1129.00,962.00,32.00,689.00,32.00,688.99,0.001,-0.010,0.010
1134.00,962.00,32.00,689.00,32.00,688.99,0.001,-0.010,0.010
413.00,963.00,32.00,689.00,32.00,688.99,0.000,-0.007,0.007
1137.00,963.00,32.00,689.00,32.00,688.99,0.001,-0.010,0.010
285.00,964.00,32.00,689.00,32.00,688.99,0.000,-0.007,0.007
545.00,964.00,32.00,689.00,32.00,688.99,0.000,-0.008,0.008
553.00,964.00,32.00,689.00,32.00,688.99,0.000,-0.008,0.008
235.00,965.00,32.00,689.00,32.00,688.99,0.000,-0.007,0.007
307.00,965.00,32.00,689.00,32.00,688.99,0.000,-0.007,0.007
517.00,965.00,32.00,689.00,32.00,688.99,0.000,-0.008,0.008
898.00,965.00,32.00,689.00,32.00,688.99,0.000,-0.009,0.009
867.00,967.00,32.00,689.00,32.00,688.99,0.000,-0.009,0.009
520.00,968.00,32.00,689.00,32.00,688.99,0.000,-0.008,0.008
550.00,968.00,32.00,689.00,32.00,688.99,0.000,-0.008,0.008
860.00,968.00,32.00,689.00,32.00,688.99,0.000,-0.009,0.009
865.00,968.00,32.00,689.00,32.00,688.99,0.000,-0.009,0.009
1137.00,968.00,32.00,689.00,32.00,688.99,0.001,-0.010,0.010
46.00,970.00,32.00,689.00,32.00,688.99,0.000,-0.006,0.006
50.00,970.00,32.00,689.00,32.00,688.99,0.000,-0.006,0.006
512.00,970.00,32.00,689.00,32.00,688.99,0.000,-0.007,0.007
236.00,971.00,32.00,689.00,32.00,688.99,0.000,-0.007,0.007
518.00,971.00,32.00,689.00,32.00,688.99,0.000,-0.008,0.008
1222.00,971.00,32.00,689.00,32.00,688.99,0.001,-0.011,0.011
505.00,972.00,32.00,689.00,32.00,688.99,0.000,-0.007,0.007
871.00,972.00,32.00,689.00,32.00,688.99,0.000,-0.009,0.009
42.00,973.00,32.00,689.00,32.00,688.99,0.000,-0.006,0.006
850.00,973.00,32.00,689.00,32.00,688.99,0.000,-0.009,0.009
52.00,974.00,32.00,689.00,32.00,688.99,0.000,-0.006,0.006
1193.00,974.00,32.00,689.00,32.00,688.99,0.001,-0.010,0.010
852.00,975.00,32.00,689.00,32.00,688.99,0.000,-0.009,0.009
873.00,975.00,32.00,689.00,32.00,688.99,0.000,-0.009,0.009
51.00,976.00,32.00,689.00,32.00,688.99,0.000,-0.006,0.006
1189.00,977.00,32.00,689.00,32.00,688.99,0.001,-0.010,0.010
850.00,978.00,32.00,689.00,32.00,688.99,0.000,-0.009,0.009
1187.00,978.00,32.00,689.00,32.00,688.99,0.001,-0.010,0.010
857.00,979.00,32.00,689.00,32.00,688.99,0.000,-0.009,0.009
865.00,979.00,32.00,689.00,32.00,688.99,0.000,-0.009,0.009
1195.00,979.00,32.00,689.00,32.00,688.99,0.001,-0.010,0.010
327.00,980.00,32.00,689.00,32.00,688.99,0.000,-0.007,0.007
859.00,980.00,32.00,689.00,32.00,688.99,0.000,-0.009,0.009
867.00,980.00,32.00,689.00,32.00,688.99,0.000,-0.009,0.009
855.00,981.00,32.00,689.00,32.00,688.99,0.000,-0.009,0.009
873.00,981.00,32.00,689.00,32.00,688.99,0.000,-0.009,0.009
323.00,982.00,32.00,689.00,32.00,688.99,0.000,-0.007,0.007
326.00,982.00,32.00,689.00,32.00,688.99,0.000,-0.007,0.007
328.00,984.00,32.00,689.00,32.00,688.99,0.000,-0.007,0.007
574.00,985.00,32.00,689.00,32.00,688.99,0.000,-0.008,0.008
227.00,986.00,32.00,689.00,32.00,688.99,0.000,-0.007,0.007
330.00,986.00,32.00,689.00,32.00,688.99,0.000,-0.007,0.007
360.00,986.00,32.00,689.00,32.00,688.99,0.000,-0.007,0.007
189.00,987.00,32.00,689.00,32.00,688.99,0.000,-0.007,0.007
574.00,987.00,32.00,689.00,32.00,688.99,0.000,-0.008,0.008
229.00,988.00,32.00,689.00,32.00,688.99,0.000,-0.007,0.007
363.00,988.00,32.00,689.00,32.00,688.99,0.000,-0.007,0.007
570.00,988.00,32.00,689.00,32.00,688.99,0.000,-0.008,0.008
74.00,989.00,32.00,689.00,32.00,688.99,0.000,-0.006,0.006
187.00,989.00,32.00,689.00,32.00,688.99,0.000,-0.007,0.007
360.00,989.00,32.00,689.00,32.00,688.99,0.000,-0.007,0.007
358.00,990.00,32.00,689.00,32.00,688.99,0.000,-0.007,0.007
565.00,990.00,32.00,689.00,32.00,688.99,0.000,-0.008,0.008
1048.00,990.00,32.00,689.00,32.00,688.99,0.000,-0.009,0.009
179.00,991.00,32.00,689.00,32.00,688.99,0.000,-0.007,0.007
182.00,991.00,32.00,689.00,32.00,688.99,0.000,-0.007,0.007
233.00,991.00,32.00,689.00,32.00,688.99,0.000,-0.007,0.007
231.00,992.00,32.00,689.00,32.00,688.99,0.000,-0.007,0.007
529.00,992.00,32.00,689.00,32.00,688.99,0.000,-0.007,0.007
828.00,992.00,32.00,689.00,32.00,688.99,0.000,-0.008,0.008
840.00,992.00,32.00,689.00,32.00,688.99,0.000,-0.009,0.009
848.00,992.00,32.00,689.00,32.00,688.99,0.000,-0.009,0.009
228.00,993.00,32.00,689.00,32.00,688.99,0.000,-0.007,0.007
359.00,993.00,32.00,689.00,32.00,688.99,0.000,-0.007,0.007
1047.00,993.00,32.00,689.00,32.00,688.99,0.000,-0.009,0.009
698.00,994.00,32.00,689.00,32.00,688.99,0.000,-0.008,0.008
835.00,994.00,32.00,689.00,32.00,688.99,0.000,-0.008,0.008
51.00,995.00,32.00,689.00,32.00,688.99,0.000,-0.006,0.006
830.00,995.00,32.00,689.00,32.00,688.99,0.000,-0.008,0.008
837.00,995.00,32.00,689.00,32.00,688.99,0.000,-0.008,0.008
189.00,996.00,32.00,689.00,32.00,688.99,0.000,-0.007,0.007
531.00,996.00,32.00,689.00,32.00,688.99,0.000,-0.007,0.007
1204.00,996.00,32.00,689.00,32.00,688.99,0.001,-0.010,0.010
90.00,997.00,32.00,689.00,32.00,688.99,0.000,-0.006,0.006
55.00,998.00,32.00,689.00,32.00,688.99,0.000,-0.006,0.006
228.00,999.00,32.00,689.00,32.00,688.99,0.000,-0.007,0.007
527.00,999.00,32.00,689.00,32.00,688.99,0.000,-0.007,0.007
697.00,999.00,32.00,689.00,32.00,688.99,0.000,-0.008,0.008
1204.00,999.00,32.00,689.00,32.00,688.99,0.001,-0.010,0.010
528.00,1001.00,32.00,689.00,32.00,688.99,0.000,-0.007,0.007
1207.00,1001.00,32.00,689.00,32.00,688.99,0.001,-0.010,0.010
51.00,1002.00,32.00,689.00,32.00,688.99,0.000,-0.006,0.006
222.00,1004.00,32.00,689.00,32.00,688.99,0.000,-0.007,0.007
735.00,1004.00,32.00,689.00,32.00,688.99,0.000,-0.008,0.008
211.00,1006.00,32.00,689.00,32.00,688.99,0.000,-0.007,0.007
87.00,1007.00,32.00,689.00,32.00,688.99,0.000,-0.006,0.006
87.00,1009.00,32.00,689.00,32.00,688.99,0.000,-0.006,0.006
208.00,1009.00,32.00,689.00,32.00,688.99,0.000,-0.007,0.007
222.00,1009.00,32.00,689.00,32.00,688.99,0.000,-0.007,0.007
736.00,1009.00,32.00,689.00,32.00,688.99,0.000,-0.008,0.008
206.00,1010.00,32.00,689.00,32.00,688.99,0.000,-0.007,0.007
219.00,1011.00,32.00,689.00,32.00,688.99,0.000,-0.007,0.007
334.00,1011.00,32.00,689.00,32.00,688.99,0.000,-0.007,0.007
363.00,1011.00,32.00,689.00,32.00,688.99,0.000,-0.007,0.007
372.00,1011.00,32.00,689.00,32.00,688.99,0.000,-0.007,0.007
1230.00,1011.00,32.00,689.00,32.00,688.99,0.001,-0.010,0.010
734.00,1012.00,32.00,689.00,32.00,688.99,0.000,-0.008,0.008
739.00,1012.00,32.00,689.00,32.00,688.99,0.000,-0.008,0.008
209.00,1013.00,32.00,689.00,32.00,688.99,0.000,-0.007,0.007
375.00,1013.00,32.00,689.00,32.00,688.99,0.000,-0.007,0.007
363.00,1014.00,32.00,689.00,32.00,688.99,0.000,-0.007,0.007
992.00,1014.00,32.00,689.00,32.00,688.99,0.000,-0.009,0.009
1190.00,1014.00,32.00,689.00,32.00,688.99,0.001,-0.010,0.010
369.00,1015.00,32.00,689.00,32.00,688.99,0.000,-0.007,0.007
373.00,1016.00,32.00,689.00,32.00,688.99,0.000,-0.007,0.007
741.00,1016.00,32.00,689.00,32.00,688.99,0.000,-0.008,0.008
1029.00,1017.00,32.00,689.00,32.00,688.99,0.000,-0.009,0.009
554.00,1019.00,32.00,689.00,32.00,688.99,0.000,-0.007,0.007
558.00,1019.00,32.00,689.00,32.00,688.99,0.000,-0.007,0.007
550.00,1020.00,32.00,689.00,32.00,688.99,0.000,-0.007,0.007
552.00,1020.00,32.00,689.00,32.00,688.99,0.000,-0.007,0.007
995.00,1020.00,32.00,689.00,32.00,688.99,0.000,-0.009,0.009
1123.00,1020.00,32.00,689.00,32.00,688.99,0.000,-0.010,0.010
557.00,1021.00,32.00,689.00,32.00,688.99,0.000,-0.007,0.007
998.00,1021.00,32.00,689.00,32.00,688.99,0.000,-0.009,0.009
185.00,1022.00,32.00,689.00,32.00,688.99,0.000,-0.006,0.006
554.00,1022.00,32.00,689.00,32.00,688.99,0.000,-0.007,0.007
644.00,1022.00,32.00,689.00,32.00,688.99,0.000,-0.008,0.008
646.00,1023.00,32.00,689.00,32.00,688.99,0.000,-0.008,0.008
1028.00,1023.00,32.00,689.00,32.00,688.99,0.000,-0.009,0.009
556.00,1024.00,32.00,689.00,32.00,688.99,0.000,-0.007,0.007
182.00,1025.00,32.00,689.00,32.00,688.99,0.000,-0.006,0.006
187.00,1025.00,32.00,689.00,32.00,688.99,0.000,-0.006,0.006
554.00,1025.00,32.00,689.00,32.00,688.99,0.000,-0.007,0.007
1026.00,1025.00,32.00,689.00,32.00,688.99,0.000,-0.009,0.009
106.00,1026.00,32.00,689.00,32.00,688.99,0.000,-0.006,0.006
1032.00,1027.00,32.00,689.00,32.00,688.99,0.000,-0.009,0.009
166.00,1028.00,32.00,689.00,32.00,688.99,0.000,-0.006,0.006
710.00,1028.00,32.00,689.00,32.00,688.99,0.000,-0.008,0.008
917.00,1028.00,32.00,689.00,32.00,688.99,0.000,-0.009,0.009
191.00,1029.00,32.00,689.00,32.00,688.99,0.000,-0.006,0.006
193.00,1030.00,32.00,689.00,32.00,688.99,0.000,-0.006,0.006
1023.00,1030.00,32.00,689.00,32.00,688.99,0.000,-0.009,0.009
916.00,1031.00,32.00,689.00,32.00,688.99,0.000,-0.009,0.009
705.00,1032.00,32.00,689.00,32.00,688.99,0.000,-0.008,0.008
184.00,1033.00,32.00,689.00,32.00,688.99,0.000,-0.006,0.006
241.00,1033.00,32.00,689.00,32.00,688.99,0.000,-0.007,0.007
622.00,1034.00,32.00,689.00,32.00,688.99,0.000,-0.008,0.008
708.00,1035.00,32.00,689.00,32.00,688.99,0.000,-0.008,0.008
234.00,1036.00,32.00,689.00,32.00,688.99,0.000,-0.007,0.007
241.00,1036.00,32.00,689.00,32.00,688.99,0.000,-0.007,0.007
779.00,1038.00,32.00,689.00,32.00,688.99,0.000,-0.008,0.008
709.00,1039.00,32.00,689.00,32.00,688.99,0.000,-0.008,0.008
369.00,1040.00,32.00,689.00,32.00,688.99,0.000,-0.007,0.007
217.00,1041.00,32.00,689.00,32.00,688.99,0.000,-0.007,0.007
740.00,1041.00,32.00,689.00,32.00,688.99,0.000,-0.008,0.008
781.00,1043.00,32.00,689.00,32.00,688.99,0.000,-0.008,0.008
207.00,1045.00,32.00,689.00,32.00,688.99,0.000,-0.007,0.007
211.00,1045.00,32.00,689.00,32.00,688.99,0.000,-0.007,0.007
204.00,1046.00,32.00,689.00,32.00,688.99,0.000,-0.006,0.006
218.00,1046.00,32.00,689.00,32.00,688.99,0.000,-0.007,0.007
666.00,1046.00,32.00,689.00,32.00,688.99,0.000,-0.008,0.008
669.00,1047.00,32.00,689.00,32.00,688.99,0.000,-0.008,0.008
209.00,1048.00,32.00,689.00,32.00,688.99,0.000,-0.007,0.007
363.00,1048.00,32.00,689.00,32.00,688.99,0.000,-0.007,0.007
366.00,1048.00,32.00,689.00,32.00,688.99,0.000,-0.007,0.007
206.00,1049.00,32.00,689.00,32.00,688.99,0.000,-0.006,0.006
215.00,1049.00,32.00,689.00,32.00,688.99,0.000,-0.007,0.007
369.00,1049.00,32.00,689.00,32.00,688.99,0.000,-0.007,0.007
667.00,1049.00,32.00,689.00,32.00,688.99,0.000,-0.008,0.008
1163.00,1049.00,32.00,689.00,32.00,688.99,0.000,-0.010,0.010
1166.00,1049.00,32.00,689.00,32.00,688.99,0.000,-0.010,0.010
1168.00,1050.00,32.00,689.00,32.00,688.99,0.000,-0.010,0.010
214.00,1051.00,32.00,689.00,32.00,688.99,0.000,-0.007,0.007
639.00,1052.00,32.00,689.00,32.00,688.99,0.000,-0.008,0.008
1169.00,1052.00,32.00,689.00,32.00,688.99,0.000,-0.010,0.010
208.00,1053.00,32.00,689.00,32.00,688.99,0.000,-0.006,0.006
215.00,1053.00,32.00,689.00,32.00,688.99,0.000,-0.007,0.007
1165.00,1053.00,32.00,689.00,32.00,688.99,0.000,-0.009,0.009
1169.00,1054.00,32.00,689.00,32.00,688.99,0.000,-0.010,0.010
661.00,1055.00,32.00,689.00,32.00,688.99,0.000,-0.008,0.008
1168.00,1056.00,32.00,689.00,32.00,688.99,0.000,-0.009,0.009
639.00,1065.00,32.00,689.00,32.00,688.99,0.000,-0.008,0.008
852.00,1077.00,32.00,689.00,32.00,688.99,0.000,-0.008,0.008
448.00,1078.00,32.00,689.00,32.00,688.99,0.000,-0.007,0.007
454.00,1079.00,32.00,689.00,32.00,688.99,0.000,-0.007,0.007
452.00,1081.00,32.00,689.00,32.00,688.99,0.000,-0.007,0.007
454.00,1081.00,32.00,689.00,32.00,688.99,0.000,-0.007,0.007
447.00,1083.00,32.00,689.00,32.00,688.99,0.000,-0.007,0.007
456.00,1083.00,32.00,689.00,32.00,688.99,0.000,-0.007,0.007
450.00,1084.00,32.00,689.00,32.00,688.99,0.000,-0.007,0.007
453.00,1084.00,32.00,689.00,32.00,688.99,0.000,-0.007,0.007
621.00,1084.00,32.00,689.00,32.00,688.99,0.000,-0.007,0.007
460.00,1085.00,32.00,689.00,32.00,688.99,0.000,-0.007,0.007
616.00,1085.00,32.00,689.00,32.00,688.99,0.000,-0.007,0.007
1161.00,1085.00,32.00,689.00,32.00,688.99,0.000,-0.009,0.009
382.00,1086.00,32.00,689.00,32.00,688.99,0.000,-0.007,0.007
534.00,1086.00,32.00,689.00,32.00,688.99,0.000,-0.007,0.007
858.00,1086.00,32.00,689.00,32.00,688.99,0.000,-0.008,0.008
460.00,1087.00,32.00,689.00,32.00,688.99,0.000,-0.007,0.007
540.00,1087.00,32.00,689.00,32.00,688.99,0.000,-0.007,0.007
855.00,1087.00,32.00,689.00,32.00,688.99,0.000,-0.008,0.008
1162.00,1090.00,32.00,689.00,32.00,688.99,0.000,-0.009,0.009
551.00,1091.00,32.00,689.00,32.00,688.99,0.000,-0.007,0.007
1160.00,1091.00,32.00,689.00,32.00,688.99,0.000,-0.009,0.009
344.00,1092.00,32.00,689.00,32.00,688.99,0.000,-0.007,0.007
348.00,1093.00,32.00,689.00,32.00,688.99,0.000,-0.007,0.007
539.00,1093.00,32.00,689.00,32.00,688.99,0.000,-0.007,0.007
1161.00,1093.00,32.00,689.00,32.00,688.99,0.000,-0.009,0.009
535.00,1095.00,32.00,689.00,32.00,688.99,0.000,-0.007,0.007
820.00,1096.00,32.00,689.00,32.00,688.99,0.000,-0.008,0.008
987.00,1096.00,32.00,689.00,32.00,688.99,0.000,-0.008,0.008
344.00,1097.00,32.00,689.00,32.00,688.99,0.000,-0.007,0.007
538.00,1097.00,32.00,689.00,32.00,688.99,0.000,-0.007,0.007
544.00,1097.00,32.00,689.00,32.00,688.99,0.000,-0.007,0.007
552.00,1097.00,32.00,689.00,32.00,688.99,0.000,-0.007,0.007
540.00,1098.00,32.00,689.00,32.00,688.99,0.000,-0.007,0.007
821.00,1099.00,32.00,689.00,32.00,688.99,0.000,-0.008,0.008
829.00,1099.00,32.00,689.00,32.00,688.99,0.000,-0.008,0.008
986.00,1100.00,32.00,689.00,32.00,688.99,0.000,-0.008,0.008
989.00,1100.00,32.00,689.00,32.00,688.99,0.000,-0.008,0.008
540.00,1101.00,32.00,689.00,32.00,688.99,0.000,-0.007,0.007
1161.00,1101.00,32.00,689.00,32.00,688.99,0.000,-0.009,0.009
1163.00,1102.00,32.00,689.00,32.00,688.99,0.000,-0.009,0.009
1158.00,1104.00,32.00,689.00,32.00,688.99,0.000,-0.009,0.009
1161.00,1104.00,32.00,689.00,32.00,688.99,0.000,-0.009,0.009
986.00,1105.00,32.00,689.00,32.00,688.99,0.000,-0.008,0.008
1161.00,1106.00,32.00,689.00,32.00,688.99,0.000,-0.009,0.009
1016.00,1107.00,32.00,689.00,32.00,688.99,0.000,-0.009,0.009
1010.00,1108.00,32.00,689.00,32.00,688.99,0.000,-0.008,0.008
438.00,1109.00,32.00,689.00,32.00,688.99,0.000,-0.007,0.007
1014.00,1110.00,32.00,689.00,32.00,688.99,0.000,-0.008,0.008
437.00,1111.00,32.00,689.00,32.00,688.99,0.000,-0.007,0.007
1017.00,1112.00,32.00,689.00,32.00,688.99,0.000,-0.008,0.008
439.00,1113.00,32.00,689.00,32.00,688.99,0.000,-0.007,0.007
1011.00,1113.00,32.00,689.00,32.00,688.99,0.000,-0.008,0.008
1025.00,1113.00,32.00,689.00,32.00,688.99,0.000,-0.009,0.009
1020.00,1114.00,32.00,689.00,32.00,688.99,0.000,-0.008,0.008
1023.00,1114.00,32.00,689.00,32.00,688.99,0.000,-0.008,0.008
1007.00,1115.00,32.00,689.00,32.00,688.99,0.000,-0.008,0.008
1087.00,1115.00,32.00,689.00,32.00,688.99,0.000,-0.009,0.009
1093.00,1115.00,32.00,689.00,32.00,688.99,0.000,-0.009,0.009
1095.00,1115.00,32.00,689.00,32.00,688.99,0.000,-0.009,0.009
333.00,1116.00,32.00,689.00,32.00,688.99,0.000,-0.007,0.007
838.00,1116.00,32.00,689.00,32.00,688.99,0.000,-0.008,0.008
847.00,1116.00,32.00,689.00,32.00,688.99,0.000,-0.008,0.008
1012.00,1116.00,32.00,689.00,32.00,688.99,0.000,-0.008,0.008
1021.00,1116.00,32.00,689.00,32.00,688.99,0.000,-0.008,0.008
834.00,1117.00,32.00,689.00,32.00,688.99,0.000,-0.008,0.008
903.00,1117.00,32.00,689.00,32.00,688.99,0.000,-0.008,0.008
1016.00,1117.00,32.00,689.00,32.00,688.99,0.000,-0.008,0.008
1091.00,1117.00,32.00,689.00,32.00,688.99,0.000,-0.009,0.009
380.00,1118.00,32.00,689.00,32.00,688.99,0.000,-0.007,0.007
851.00,1118.00,32.00,689.00,32.00,688.99,0.000,-0.008,0.008
905.00,1118.00,32.00,689.00,32.00,688.99,0.000,-0.008,0.008
907.00,1118.00,32.00,689.00,32.00,688.99,0.000,-0.008,0.008
1057.00,1118.00,32.00,689.00,32.00,688.99,0.000,-0.009,0.009
1064.00,1118.00,32.00,689.00,32.00,688.99,0.000,-0.009,0.009
1095.00,1118.00,32.00,689.00,32.00,688.99,0.000,-0.009,0.009
327.00,1119.00,32.00,689.00,32.00,688.99,0.000,-0.007,0.007
534.00,1119.00,32.00,689.00,32.00,688.99,0.000,-0.007,0.007
1055.00,1119.00,32.00,689.00,32.00,688.99,0.000,-0.009,0.009
536.00,1120.00,32.00,689.00,32.00,688.99,0.000,-0.007,0.007
837.00,1120.00,32.00,689.00,32.00,688.99,0.000,-0.008,0.008
1026.00,1120.00,32.00,689.00,32.00,688.99,0.000,-0.008,0.008
1090.00,1120.00,32.00,689.00,32.00,688.99,0.000,-0.009,0.009
1095.00,1120.00,32.00,689.00,32.00,688.99,0.000,-0.009,0.009
835.00,1121.00,32.00,689.00,32.00,688.99,0.000,-0.008,0.008
1032.00,1121.00,32.00,689.00,32.00,688.99,0.000,-0.008,0.008
1100.00,1121.00,32.00,689.00,32.00,688.99,0.000,-0.009,0.009
334.00,1122.00,32.00,689.00,32.00,688.99,0.000,-0.007,0.007
1063.00,1122.00,32.00,689.00,32.00,688.99,0.000,-0.009,0.009
1096.00,1122.00,32.00,689.00,32.00,688.99,0.000,-0.009,0.009
355.00,1123.00,32.00,689.00,32.00,688.99,0.000,-0.007,0.007
535.00,1123.00,32.00,689.00,32.00,688.99,0.000,-0.007,0.007
830.00,1123.00,32.00,689.00,32.00,688.99,0.000,-0.008,0.008
840.00,1123.00,32.00,689.00,32.00,688.99,0.000,-0.008,0.008
856.00,1123.00,32.00,689.00,32.00,688.99,0.000,-0.008,0.008
358.00,1124.00,32.00,689.00,32.00,688.99,0.000,-0.007,0.007
1016.00,1124.00,32.00,689.00,32.00,688.99,0.000,-0.008,0.008
1024.00,1124.00,32.00,689.00,32.00,688.99,0.000,-0.008,0.008
1066.00,1124.00,32.00,689.00,32.00,688.99,0.000,-0.009,0.009
835.00,1125.00,32.00,689.00,32.00,688.99,0.000,-0.008,0.008
928.00,1125.00,32.00,689.00,32.00,688.99,0.000,-0.008,0.008
356.00,1126.00,32.00,689.00,32.00,688.99,0.000,-0.007,0.007
361.00,1126.00,32.00,689.00,32.00,688.99,0.000,-0.007,0.007
1020.00,1126.00,32.00,689.00,32.00,688.99,0.000,-0.008,0.008
354.00,1127.00,32.00,689.00,32.00,688.99,0.000,-0.007,0.007
928.00,1127.00,32.00,689.00,32.00,688.99,0.000,-0.008,0.008
1027.00,1127.00,32.00,689.00,32.00,688.99,0.000,-0.008,0.008
68.00,1128.00,32.00,689.00,32.00,688.99,0.000,-0.006,0.006
357.00,1128.00,32.00,689.00,32.00,688.99,0.000,-0.007,0.007
832.00,1128.00,32.00,689.00,32.00,688.99,0.000,-0.008,0.008
1066.00,1128.00,32.00,689.00,32.00,688.99,0.000,-0.009,0.009
1019.00,1130.00,32.00,689.00,32.00,688.99,0.000,-0.008,0.008
1032.00,1130.00,32.00,689.00,32.00,688.99,0.000,-0.008,0.008
864.00,1131.00,32.00,689.00,32.00,688.99,0.000,-0.008,0.008
918.00,1132.00,32.00,689.00,32.00,688.99,0.000,-0.008,0.008
931.00,1132.00,32.00,689.00,32.00,688.99,0.000,-0.008,0.008
1028.00,1133.00,32.00,689.00,32.00,688.99,0.000,-0.008,0.008
71.00,1134.00,32.00,689.00,32.00,688.99,0.000,-0.006,0.006
358.00,1134.00,32.00,689.00,32.00,688.99,0.000,-0.007,0.007
1023.00,1134.00,32.00,689.00,32.00,688.99,0.000,-0.008,0.008
912.00,1135.00,32.00,689.00,32.00,688.99,0.000,-0.008,0.008
920.00,1135.00,32.00,689.00,32.00,688.99,0.000,-0.008,0.008
1031.00,1135.00,32.00,689.00,32.00,688.99,0.000,-0.008,0.008
870.00,1136.00,32.00,689.00,32.00,688.99,0.000,-0.008,0.008
916.00,1137.00,32.00,689.00,32.00,688.99,0.000,-0.008,0.008
908.00,1138.00,32.00,689.00,32.00,688.99,0.000,-0.008,0.008
923.00,1138.00,32.00,689.00,32.00,688.99,0.000,-0.008,0.008
870.00,1139.00,32.00,689.00,32.00,688.99,0.000,-0.008,0.008
874.00,1139.00,32.00,689.00,32.00,688.99,0.000,-0.008,0.008
911.00,1139.00,32.00,689.00,32.00,688.99,0.000,-0.008,0.008
913.00,1139.00,32.00,689.00,32.00,688.99,0.000,-0.008,0.008
908.00,1141.00,32.00,689.00,32.00,688.99,0.000,-0.008,0.008
1089.00,1141.00,32.00,689.00,32.00,688.99,0.000,-0.009,0.009
889.00,1142.00,32.00,689.00,32.00,688.99,0.000,-0.008,0.008
940.00,1142.00,32.00,689.00,32.00,688.99,0.000,-0.008,0.008
1086.00,1142.00,32.00,689.00,32.00,688.99,0.000,-0.009,0.009
835.00,1143.00,32.00,689.00,32.00,688.99,0.000,-0.008,0.008
1086.00,1145.00,32.00,689.00,32.00,688.99,0.000,-0.009,0.009
1088.00,1145.00,32.00,689.00,32.00,688.99,0.000,-0.009,0.009
827.00,1147.00,32.00,689.00,32.00,688.99,0.000,-0.008,0.008
1082.00,1147.00,32.00,689.00,32.00,688.99,0.000,-0.009,0.009
882.00,1148.00,32.00,689.00,32.00,688.99,0.000,-0.008,0.008
994.00,1149.00,32.00,689.00,32.00,688.99,0.000,-0.008,0.008
1136.00,1153.00,32.00,689.00,32.00,688.99,0.000,-0.009,0.009
493.00,1154.00,32.00,689.00,32.00,688.99,0.000,-0.007,0.007
494.00,1157.00,32.00,689.00,32.00,688.99,0.000,-0.007,0.007
533.00,1157.00,32.00,689.00,32.00,688.99,0.000,-0.007,0.007
531.00,1158.00,32.00,689.00,32.00,688.99,0.000,-0.007,0.007
535.00,1158.00,32.00,689.00,32.00,688.99,0.000,-0.007,0.007
492.00,1159.00,32.00,689.00,32.00,688.99,0.000,-0.007,0.007
496.00,1159.00,32.00,689.00,32.00,688.99,0.000,-0.007,0.007
504.00,1159.00,32.00,689.00,32.00,688.99,0.000,-0.007,0.007
447.00,1161.00,32.00,689.00,32.00,688.99,0.000,-0.007,0.007
536.00,1161.00,32.00,689.00,32.00,688.99,0.000,-0.007,0.007
755.00,1161.00,32.00,689.00,32.00,688.99,0.000,-0.008,0.008
1137.00,1161.00,32.00,689.00,32.00,688.99,0.000,-0.009,0.009
753.00,1162.00,32.00,689.00,32.00,688.99,0.000,-0.008,0.008
450.00,1163.00,32.00,689.00,32.00,688.99,0.000,-0.007,0.007
500.00,1163.00,32.00,689.00,32.00,688.99,0.000,-0.007,0.007
533.00,1163.00,32.00,689.00,32.00,688.99,0.000,-0.007,0.007
759.00,1163.00,32.00,689.00,32.00,688.99,0.000,-0.008,0.008
757.00,1164.00,32.00,689.00,32.00,688.99,0.000,-0.008,0.008
1067.00,1165.00,32.00,689.00,32.00,688.99,0.000,-0.008,0.008
1112.00,1165.00,32.00,689.00,32.00,688.99,0.000,-0.009,0.009
754.00,1166.00,32.00,689.00,32.00,688.99,0.000,-0.008,0.008
916.00,1166.00,32.00,689.00,32.00,688.99,0.000,-0.008,0.008
1070.00,1168.00,32.00,689.00,32.00,688.99,0.000,-0.008,0.008
915.00,1169.00,32.00,689.00,32.00,688.99,0.000,-0.008,0.008
924.00,1169.00,32.00,689.00,32.00,688.99,0.000,-0.008,0.008
1108.00,1169.00,32.00,689.00,32.00,688.99,0.000,-0.008,0.008
754.00,1170.00,32.00,689.00,32.00,688.99,0.000,-0.008,0.008
1065.00,1170.00,32.00,689.00,32.00,688.99,0.000,-0.008,0.008
752.00,1171.00,32.00,689.00,32.00,688.99,0.000,-0.008,0.008
1076.00,1171.00,32.00,689.00,32.00,688.99,0.000,-0.008,0.008
756.00,1172.00,32.00,689.00,32.00,688.99,0.000,-0.008,0.008
1063.00,1173.00,32.00,689.00,32.00,688.99,0.000,-0.008,0.008
1073.00,1173.00,32.00,689.00,32.00,688.99,0.000,-0.008,0.008
1108.00,1173.00,32.00,689.00,32.00,688.99,0.000,-0.008,0.008
1111.00,1173.00,32.00,689.00,32.00,688.99,0.000,-0.008,0.008
469.00,1174.00,32.00,689.00,32.00,688.99,0.000,-0.007,0.007
1114.00,1174.00,32.00,689.00,32.00,688.99,0.000,-0.008,0.008
1015.00,1175.00,32.00,689.00,32.00,688.99,0.000,-0.008,0.008
1116.00,1176.00,32.00,689.00,32.00,688.99,0.000,-0.008,0.008
467.00,1177.00,32.00,689.00,32.00,688.99,0.000,-0.007,0.007
1108.00,1177.00,32.00,689.00,32.00,688.99,0.000,-0.008,0.008
784.00,1178.00,32.00,689.00,32.00,688.99,0.000,-0.008,0.008
817.00,1178.00,32.00,689.00,32.00,688.99,0.000,-0.008,0.008
996.00,1178.00,32.00,689.00,32.00,688.99,0.000,-0.008,0.008
1009.00,1178.00,32.00,689.00,32.00,688.99,0.000,-0.008,0.008
788.00,1179.00,32.00,689.00,32.00,688.99,0.000,-0.008,0.008
1015.00,1179.00,32.00,689.00,32.00,688.99,0.000,-0.008,0.008
790.00,1180.00,32.00,689.00,32.00,688.99,0.000,-0.008,0.008
817.00,1180.00,32.00,689.00,32.00,688.99,0.000,-0.008,0.008
995.00,1180.00,32.00,689.00,32.00,688.99,0.000,-0.008,0.008
999.00,1180.00,32.00,689.00,32.00,688.99,0.000,-0.008,0.008
1018.00,1180.00,32.00,689.00,32.00,688.99,0.000,-0.008,0.008
1107.00,1180.00,32.00,689.00,32.00,688.99,0.000,-0.008,0.008
782.00,1181.00,32.00,689.00,32.00,688.99,0.000,-0.008,0.008
787.00,1181.00,32.00,689.00,32.00,688.99,0.000,-0.008,0.008
1037.00,1181.00,32.00,689.00,32.00,688.99,0.000,-0.008,0.008
1041.00,1182.00,32.00,689.00,32.00,688.99,0.000,-0.008,0.008
480.00,1183.00,32.00,689.00,32.00,688.99,0.000,-0.007,0.007
998.00,1183.00,32.00,689.00,32.00,688.99,0.000,-0.008,0.008
1015.00,1183.00,32.00,689.00,32.00,688.99,0.000,-0.008,0.008
1019.00,1183.00,32.00,689.00,32.00,688.99,0.000,-0.008,0.008
1035.00,1183.00,32.00,689.00,32.00,688.99,0.000,-0.008,0.008
815.00,1184.00,32.00,689.00,32.00,688.99,0.000,-0.008,0.008
819.00,1184.00,32.00,689.00,32.00,688.99,0.000,-0.008,0.008
1013.00,1184.00,32.00,689.00,32.00,688.99,0.000,-0.008,0.008
1021.00,1184.00,32.00,689.00,32.00,688.99,0.000,-0.008,0.008
783.00,1185.00,32.00,689.00,32.00,688.99,0.000,-0.008,0.008
788.00,1185.00,32.00,689.00,32.00,688.99,0.000,-0.008,0.008
808.00,1185.00,32.00,689.00,32.00,688.99,0.000,-0.008,0.008
811.00,1185.00,32.00,689.00,32.00,688.99,0.000,-0.008,0.008
1112.00,1185.00,32.00,689.00,32.00,688.99,0.000,-0.008,0.008
785.00,1186.00,32.00,689.00,32.00,688.99,0.000,-0.008,0.008
791.00,1186.00,32.00,689.00,32.00,688.99,0.000,-0.008,0.008
1010.00,1186.00,32.00,689.00,32.00,688.99,0.000,-0.008,0.008
1015.00,1186.00,32.00,689.00,32.00,688.99,0.000,-0.008,0.008
518.00,1187.00,32.00,689.00,32.00,688.99,0.000,-0.007,0.007
789.00,1187.00,32.00,689.00,32.00,688.99,0.000,-0.008,0.008
806.00,1187.00,32.00,689.00,32.00,688.99,0.000,-0.008,0.008
980.00,1187.00,32.00,689.00,32.00,688.99,0.000,-0.008,0.008
983.00,1187.00,32.00,689.00,32.00,688.99,0.000,-0.008,0.008
1021.00,1187.00,32.00,689.00,32.00,688.99,0.000,-0.008,0.008
1037.00,1187.00,32.00,689.00,32.00,688.99,0.000,-0.008,0.008
1040.00,1187.00,32.00,689.00,32.00,688.99,0.000,-0.008,0.008
1017.00,1188.00,32.00,689.00,32.00,688.99,0.000,-0.008,0.008
1019.00,1188.00,32.00,689.00,32.00,688.99,0.000,-0.008,0.008
1125.00,1188.00,32.00,689.00,32.00,688.99,0.000,-0.008,0.008
487.00,1189.00,32.00,689.00,32.00,688.99,0.000,-0.007,0.007
518.00,1189.00,32.00,689.00,32.00,688.99,0.000,-0.007,0.007
765.00,1189.00,32.00,689.00,32.00,688.99,0.000,-0.008,0.008
809.00,1189.00,32.00,689.00,32.00,688.99,0.000,-0.008,0.008
1163.00,1189.00,32.00,689.00,32.00,688.99,0.000,-0.009,0.009
537.00,1190.00,32.00,689.00,32.00,688.99,0.000,-0.007,0.007
813.00,1190.00,32.00,689.00,32.00,688.99,0.000,-0.008,0.008
1015.00,1190.00,32.00,689.00,32.00,688.99,0.000,-0.008,0.008
1127.00,1190.00,32.00,689.00,32.00,688.99,0.000,-0.008,0.008
980.00,1191.00,32.00,689.00,32.00,688.99,0.000,-0.008,0.008
534.00,1192.00,32.00,689.00,32.00,688.99,0.000,-0.007,0.007
539.00,1192.00,32.00,689.00,32.00,688.99,0.000,-0.007,0.007
904.00,1192.00,32.00,689.00,32.00,688.99,0.000,-0.008,0.008
767.00,1193.00,32.00,689.00,32.00,688.99,0.000,-0.007,0.007
895.00,1193.00,32.00,689.00,32.00,688.99,0.000,-0.008,0.008
898.00,1193.00,32.00,689.00,32.00,688.99,0.000,-0.008,0.008
979.00,1193.00,32.00,689.00,32.00,688.99,0.000,-0.008,0.008
1059.00,1193.00,32.00,689.00,32.00,688.99,0.000,-0.008,0.008
518.00,1194.00,32.00,689.00,32.00,688.99,0.000,-0.007,0.007
890.00,1194.00,32.00,689.00,32.00,688.99,0.000,-0.008,0.008
902.00,1194.00,32.00,689.00,32.00,688.99,0.000,-0.008,0.008
912.00,1194.00,32.00,689.00,32.00,688.99,0.000,-0.008,0.008
1087.00,1194.00,32.00,689.00,32.00,688.99,0.000,-0.008,0.008
823.00,1195.00,32.00,689.00,32.00,688.99,0.000,-0.008,0.008
895.00,1195.00,32.00,689.00,32.00,688.99,0.000,-0.008,0.008
521.00,1196.00,32.00,689.00,32.00,688.99,0.000,-0.007,0.007
897.00,1196.00,32.00,689.00,32.00,688.99,0.000,-0.008,0.008
907.00,1196.00,32.00,689.00,32.00,688.99,0.000,-0.008,0.008
1060.00,1196.00,32.00,689.00,32.00,688.99,0.000,-0.008,0.008
1089.00,1196.00,32.00,689.00,32.00,688.99,0.000,-0.008,0.008
518.00,1197.00,32.00,689.00,32.00,688.99,0.000,-0.007,0.007
894.00,1197.00,32.00,689.00,32.00,688.99,0.000,-0.008,0.008
911.00,1197.00,32.00,689.00,32.00,688.99,0.000,-0.008,0.008
1058.00,1197.00,32.00,689.00,32.00,688.99,0.000,-0.008,0.008
1094.00,1197.00,32.00,689.00,32.00,688.99,0.000,-0.008,0.008
1167.00,1197.00,32.00,689.00,32.00,688.99,0.000,-0.009,0.009
823.00,1198.00,32.00,689.00,32.00,688.99,0.000,-0.008,0.008
830.00,1198.00,32.00,689.00,32.00,688.99,0.000,-0.008,0.008
827.00,1199.00,32.00,689.00,32.00,688.99,0.000,-0.008,0.008
834.00,1199.00,32.00,689.00,32.00,688.99,0.000,-0.008,0.008
898.00,1199.00,32.00,689.00,32.00,688.99,0.000,-0.008,0.008
908.00,1199.00,32.00,689.00,32.00,688.99,0.000,-0.008,0.008
1055.00,1199.00,32.00,689.00,32.00,688.99,0.000,-0.008,0.008
1058.00,1199.00,32.00,689.00,32.00,688.99,0.000,-0.008,0.008
754.00,1200.00,32.00,689.00,32.00,688.99,0.000,-0.007,0.007
803.00,1200.00,32.00,689.00,32.00,688.99,0.000,-0.008,0.008
901.00,1200.00,32.00,689.00,32.00,688.99,0.000,-0.008,0.008
1007.00,1200.00,32.00,689.00,32.00,688.99,0.000,-0.008,0.008
1011.00,1200.00,32.00,689.00,32.00,688.99,0.000,-0.008,0.008
1060.00,1200.00,32.00,689.00,32.00,688.99,0.000,-0.008,0.008
1143.00,1200.00,32.00,689.00,32.00,688.99,0.000,-0.008,0.008
821.00,1201.00,32.00,689.00,32.00,688.99,0.000,-0.008,0.008
825.00,1201.00,32.00,689.00,32.00,688.99,0.000,-0.008,0.008
835.00,1201.00,32.00,689.00,32.00,688.99,0.000,-0.008,0.008
830.00,1202.00,32.00,689.00,32.00,688.99,0.000,-0.008,0.008
833.00,1202.00,32.00,689.00,32.00,688.99,0.000,-0.008,0.008
1006.00,1202.00,32.00,689.00,32.00,688.99,0.000,-0.008,0.008
1008.00,1202.00,32.00,689.00,32.00,688.99,0.000,-0.008,0.008
808.00,1203.00,32.00,689.00,32.00,688.99,0.000,-0.008,0.008
897.00,1203.00,32.00,689.00,32.00,688.99,0.000,-0.008,0.008
899.00,1203.00,32.00,689.00,32.00,688.99,0.000,-0.008,0.008
1003.00,1203.00,32.00,689.00,32.00,688.99,0.000,-0.008,0.008
802.00,1204.00,32.00,689.00,32.00,688.99,0.000,-0.008,0.008
814.00,1204.00,32.00,689.00,32.00,688.99,0.000,-0.008,0.008
836.00,1204.00,32.00,689.00,32.00,688.99,0.000,-0.008,0.008
890.00,1204.00,32.00,689.00,32.00,688.99,0.000,-0.008,0.008
40.00,1205.00,32.00,689.00,32.00,688.99,0.000,-0.006,0.006
754.00,1205.00,32.00,689.00,32.00,688.99,0.000,-0.007,0.007
797.00,1205.00,32.00,689.00,32.00,688.99,0.000,-0.008,0.008
820.00,1205.00,32.00,689.00,32.00,688.99,0.000,-0.008,0.008
828.00,1205.00,32.00,689.00,32.00,688.99,0.000,-0.008,0.008
830.00,1205.00,32.00,689.00,32.00,688.99,0.000,-0.008,0.008
1006.00,1205.00,32.00,689.00,32.00,688.99,0.000,-0.008,0.008
745.00,1206.00,32.00,689.00,32.00,688.99,0.000,-0.007,0.007
806.00,1206.00,32.00,689.00,32.00,688.99,0.000,-0.008,0.008
816.00,1206.00,32.00,689.00,32.00,688.99,0.000,-0.008,0.008
833.00,1206.00,32.00,689.00,32.00,688.99,0.000,-0.008,0.008
830.00,1207.00,32.00,689.00,32.00,688.99,0.000,-0.008,0.008
744.00,1208.00,32.00,689.00,32.00,688.99,0.000,-0.007,0.007
746.00,1208.00,32.00,689.00,32.00,688.99,0.000,-0.007,0.007
742.00,1209.00,32.00,689.00,32.00,688.99,0.000,-0.007,0.007
757.00,1209.00,32.00,689.00,32.00,688.99,0.000,-0.007,0.007
836.00,1209.00,32.00,689.00,32.00,688.99,0.000,-0.008,0.008
803.00,1210.00,32.00,689.00,32.00,688.99,0.000,-0.008,0.008
806.00,1210.00,32.00,689.00,32.00,688.99,0.000,-0.008,0.008
1183.00,1210.00,32.00,689.00,32.00,688.99,0.000,-0.009,0.009
743.00,1211.00,32.00,689.00,32.00,688.99,0.000,-0.007,0.007
800.00,1211.00,32.00,689.00,32.00,688.99,0.000,-0.008,0.008
837.00,1211.00,32.00,689.00,32.00,688.99,0.000,-0.008,0.008
824.00,1212.00,32.00,689.00,32.00,688.99,0.000,-0.008,0.008
834.00,1212.00,32.00,689.00,32.00,688.99,0.000,-0.008,0.008
988.00,1212.00,32.00,689.00,32.00,688.99,0.000,-0.008,0.008
219.00,1213.00,32.00,689.00,32.00,688.99,0.000,-0.006,0.006
223.00,1213.00,32.00,689.00,32.00,688.99,0.000,-0.006,0.006
985.00,1213.00,32.00,689.00,32.00,688.99,0.000,-0.008,0.008
738.00,1214.00,32.00,689.00,32.00,688.99,0.000,-0.007,0.007
396.00,1215.00,32.00,689.00,32.00,688.99,0.000,-0.007,0.007
535.00,1215.00,32.00,689.00,32.00,688.99,0.000,-0.007,0.007
1142.00,1215.00,32.00,689.00,32.00,688.99,0.000,-0.008,0.008
398.00,1216.00,32.00,689.00,32.00,688.99,0.000,-0.007,0.007
544.00,1216.00,32.00,689.00,32.00,688.99,0.000,-0.007,0.007
824.00,1216.00,32.00,689.00,32.00,688.99,0.000,-0.008,0.008
829.00,1216.00,32.00,689.00,32.00,688.99,0.000,-0.008,0.008
541.00,1218.00,32.00,689.00,32.00,688.99,0.000,-0.007,0.007
824.00,1219.00,32.00,689.00,32.00,688.99,0.000,-0.008,0.008
229.00,1220.00,32.00,689.00,32.00,688.99,0.000,-0.006,0.006
536.00,1221.00,32.00,689.00,32.00,688.99,0.000,-0.007,0.007
542.00,1221.00,32.00,689.00,32.00,688.99,0.000,-0.007,0.007
1165.00,1221.00,32.00,689.00,32.00,688.99,0.000,-0.008,0.008
226.00,1222.00,32.00,689.00,32.00,688.99,0.000,-0.006,0.006
544.00,1222.00,32.00,689.00,32.00,688.99,0.000,-0.007,0.007
898.00,1222.00,32.00,689.00,32.00,688.99,0.000,-0.008,0.008
916.00,1222.00,32.00,689.00,32.00,688.99,0.000,-0.008,0.008
1167.00,1223.00,32.00,689.00,32.00,688.99,0.000,-0.008,0.008
915.00,1225.00,32.00,689.00,32.00,688.99,0.000,-0.008,0.008
895.00,1227.00,32.00,689.00,32.00,688.99,0.000,-0.008,0.008
905.00,1227.00,32.00,689.00,32.00,688.99,0.000,-0.008,0.008
198.00,1229.00,32.00,689.00,32.00,688.99,0.000,-0.006,0.006
740.00,1229.00,32.00,689.00,32.00,688.99,0.000,-0.007,0.007
40.00,1230.00,32.00,689.00,32.00,688.99,0.000,-0.006,0.006
1157.00,1230.00,32.00,689.00,32.00,688.99,0.000,-0.008,0.008
1164.00,1230.00,32.00,689.00,32.00,688.99,0.000,-0.008,0.008
1167.00,1231.00,32.00,689.00,32.00,688.99,0.000,-0.008,0.008
366.00,1232.00,32.00,689.00,32.00,688.99,0.000,-0.007,0.007
1160.00,1232.00,32.00,689.00,32.00,688.99,0.000,-0.008,0.008
48.00,1233.00,32.00,689.00,32.00,688.99,0.000,-0.006,0.006
394.00,1233.00,32.00,689.00,32.00,688.99,0.000,-0.007,0.007
750.00,1233.00,32.00,689.00,32.00,688.99,0.000,-0.007,0.007
754.00,1233.00,32.00,689.00,32.00,688.99,0.000,-0.007,0.007
37.00,1234.00,32.00,689.00,32.00,688.99,0.000,-0.006,0.006
44.00,1234.00,32.00,689.00,32.00,688.99,0.000,-0.006,0.006
365.00,1234.00,32.00,689.00,32.00,688.99,0.000,-0.007,0.007
392.00,1234.00,32.00,689.00,32.00,688.99,0.000,-0.007,0.007
759.00,1234.00,32.00,689.00,32.00,688.99,0.000,-0.007,0.007
755.00,1235.00,32.00,689.00,32.00,688.99,0.000,-0.007,0.007
55.00,1236.00,32.00,689.00,32.00,688.99,0.000,-0.006,0.006
464.00,1236.00,32.00,689.00,32.00,688.99,0.000,-0.007,0.007
440.00,1237.00,32.00,689.00,32.00,688.99,0.000,-0.007,0.007
469.00,1237.00,32.00,689.00,32.00,688.99,0.000,-0.007,0.007
757.00,1237.00,32.00,689.00,32.00,688.99,0.000,-0.007,0.007
745.00,1238.00,32.00,689.00,32.00,688.99,0.000,-0.007,0.007
395.00,1239.00,32.00,689.00,32.00,688.99,0.000,-0.007,0.007
431.00,1239.00,32.00,689.00,32.00,688.99,0.000,-0.007,0.007
442.00,1239.00,32.00,689.00,32.00,688.99,0.000,-0.007,0.007
467.00,1239.00,32.00,689.00,32.00,688.99,0.000,-0.007,0.007
761.00,1239.00,32.00,689.00,32.00,688.99,0.000,-0.007,0.007
49.00,1240.00,32.00,689.00,32.00,688.99,0.000,-0.006,0.006
51.00,1240.00,32.00,689.00,32.00,688.99,0.000,-0.006,0.006
90.00,1240.00,32.00,689.00,32.00,688.99,0.000,-0.006,0.006
393.00,1240.00,32.00,689.00,32.00,688.99,0.000,-0.007,0.007
389.00,1241.00,32.00,689.00,32.00,688.99,0.000,-0.007,0.007
442.00,1241.00,32.00,689.00,32.00,688.99,0.000,-0.007,0.007
466.00,1241.00,32.00,689.00,32.00,688.99,0.000,-0.007,0.007
476.00,1241.00,32.00,689.00,32.00,688.99,0.000,-0.007,0.007
755.00,1241.00,32.00,689.00,32.00,688.99,0.000,-0.007,0.007
838.00,1241.00,32.00,689.00,32.00,688.99,0.000,-0.008,0.008
50.00,1242.00,32.00,689.00,32.00,688.99,0.000,-0.006,0.006
54.00,1242.00,32.00,689.00,32.00,688.99,0.000,-0.006,0.006
56.00,1242.00,32.00,689.00,32.00,688.99,0.000,-0.006,0.006
219.00,1242.00,32.00,689.00,32.00,688.99,0.000,-0.006,0.006
396.00,1242.00,32.00,689.00,32.00,688.99,0.000,-0.007,0.007
459.00,1242.00,32.00,689.00,32.00,688.99,0.000,-0.007,0.007
221.00,1243.00,32.00,689.00,32.00,688.99,0.000,-0.006,0.006
387.00,1243.00,32.00,689.00,32.00,688.99,0.000,-0.007,0.007
645.00,1243.00,32.00,689.00,32.00,688.99,0.000,-0.007,0.007
843.00,1243.00,32.00,689.00,32.00,688.99,0.000,-0.008,0.008
869.00,1243.00,32.00,689.00,32.00,688.99,0.000,-0.008,0.008
54.00,1244.00,32.00,689.00,32.00,688.99,0.000,-0.006,0.006
217.00,1244.00,32.00,689.00,32.00,688.99,0.000,-0.006,0.006
423.00,1244.00,32.00,689.00,32.00,688.99,0.000,-0.007,0.007
429.00,1244.00,32.00,689.00,32.00,688.99,0.000,-0.007,0.007
457.00,1244.00,32.00,689.00,32.00,688.99,0.000,-0.007,0.007
464.00,1244.00,32.00,689.00,32.00,688.99,0.000,-0.007,0.007
480.00,1244.00,32.00,689.00,32.00,688.99,0.000,-0.007,0.007
863.00,1244.00,32.00,689.00,32.00,688.99,0.000,-0.008,0.008
871.00,1244.00,32.00,689.00,32.00,688.99,0.000,-0.008,0.008
214.00,1245.00,32.00,689.00,32.00,688.99,0.000,-0.006,0.006
867.00,1245.00,32.00,689.00,32.00,688.99,0.000,-0.008,0.008
89.00,1246.00,32.00,689.00,32.00,688.99,0.000,-0.006,0.006
478.00,1246.00,32.00,689.00,32.00,688.99,0.000,-0.007,0.007
843.00,1246.00,32.00,689.00,32.00,688.99,0.000,-0.008,0.008
858.00,1246.00,32.00,689.00,32.00,688.99,0.000,-0.008,0.008
211.00,1247.00,32.00,689.00,32.00,688.99,0.000,-0.006,0.006
393.00,1247.00,32.00,689.00,32.00,688.99,0.000,-0.007,0.007
391.00,1248.00,32.00,689.00,32.00,688.99,0.000,-0.007,0.007
892.00,1248.00,32.00,689.00,32.00,688.99,0.000,-0.008,0.008
425.00,1250.00,32.00,689.00,32.00,688.99,0.000,-0.007,0.007
675.00,1250.00,32.00,689.00,32.00,688.99,0.000,-0.007,0.007
899.00,1250.00,32.00,689.00,32.00,688.99,0.000,-0.008,0.008
420.00,1251.00,32.00,689.00,32.00,688.99,0.000,-0.007,0.007
423.00,1251.00,32.00,689.00,32.00,688.99,0.000,-0.007,0.007
473.00,1252.00,32.00,689.00,32.00,688.99,0.000,-0.007,0.007
652.00,1252.00,32.00,689.00,32.00,688.99,0.000,-0.007,0.007
800.00,1252.00,32.00,689.00,32.00,688.99,0.000,-0.007,0.007
897.00,1252.00,32.00,689.00,32.00,688.99,0.000,-0.008,0.008
994.00,1252.00,32.00,689.00,32.00,688.99,0.000,-0.008,0.008
900.00,1253.00,32.00,689.00,32.00,688.99,0.000,-0.008,0.008
391.00,1254.00,32.00,689.00,32.00,688.99,0.000,-0.007,0.007
483.00,1254.00,32.00,689.00,32.00,688.99,0.000,-0.007,0.007
804.00,1254.00,32.00,689.00,32.00,688.99,0.000,-0.007,0.007
893.00,1254.00,32.00,689.00,32.00,688.99,0.000,-0.008,0.008
478.00,1255.00,32.00,689.00,32.00,688.99,0.000,-0.007,0.007
649.00,1255.00,32.00,689.00,32.00,688.99,0.000,-0.007,0.007
654.00,1256.00,32.00,689.00,32.00,688.99,0.000,-0.007,0.007
807.00,1256.00,32.00,689.00,32.00,688.99,0.000,-0.007,0.007
795.00,1257.00,32.00,689.00,32.00,688.99,0.000,-0.007,0.007
423.00,1258.00,32.00,689.00,32.00,688.99,0.000,-0.007,0.007
472.00,1259.00,32.00,689.00,32.00,688.99,0.000,-0.007,0.007
102.00,1260.00,32.00,689.00,32.00,688.99,0.000,-0.006,0.006
415.00,1260.00,32.00,689.00,32.00,688.99,0.000,-0.007,0.007
484.00,1260.00,32.00,689.00,32.00,688.99,0.000,-0.007,0.007
797.00,1260.00,32.00,689.00,32.00,688.99,0.000,-0.007,0.007
423.00,1261.00,32.00,689.00,32.00,688.99,0.000,-0.007,0.007
420.00,1262.00,32.00,689.00,32.00,688.99,0.000,-0.007,0.007
648.00,1262.00,32.00,689.00,32.00,688.99,0.000,-0.007,0.007
656.00,1262.00,32.00,689.00,32.00,688.99,0.000,-0.007,0.007
797.00,1262.00,32.00,689.00,32.00,688.99,0.000,-0.007,0.007
364.00,1263.00,32.00,689.00,32.00,688.99,0.000,-0.007,0.007
417.00,1263.00,32.00,689.00,32.00,688.99,0.000,-0.007,0.007
421.00,1265.00,32.00,689.00,32.00,688.99,0.000,-0.007,0.007
645.00,1265.00,32.00,689.00,32.00,688.99,0.000,-0.007,0.007
367.00,1266.00,32.00,689.00,32.00,688.99,0.000,-0.007,0.007
413.00,1266.00,32.00,689.00,32.00,688.99,0.000,-0.007,0.007
417.00,1266.00,32.00,689.00,32.00,688.99,0.000,-0.007,0.007
1043.00,1266.00,32.00,689.00,32.00,688.99,0.000,-0.008,0.008
365.00,1267.00,32.00,689.00,32.00,688.99,0.000,-0.007,0.007
805.00,1267.00,32.00,689.00,32.00,688.99,0.000,-0.007,0.007
645.00,1268.00,32.00,689.00,32.00,688.99,0.000,-0.007,0.007
763.00,1268.00,32.00,689.00,32.00,688.99,0.000,-0.007,0.007
1043.00,1269.00,32.00,689.00,32.00,688.99,0.000,-0.008,0.008
369.00,1270.00,32.00,689.00,32.00,688.99,0.000,-0.007,0.007
414.00,1270.00,32.00,689.00,32.00,688.99,0.000,-0.007,0.007
766.00,1270.00,32.00,689.00,32.00,688.99,0.000,-0.007,0.007
909.00,1270.00,32.00,689.00,32.00,688.99,0.000,-0.008,0.008
1041.00,1270.00,32.00,689.00,32.00,688.99,0.000,-0.008,0.008
220.00,1272.00,32.00,689.00,32.00,688.99,0.000,-0.006,0.006
226.00,1272.00,32.00,689.00,32.00,688.99,0.000,-0.006,0.006
681.00,1273.00,32.00,689.00,32.00,688.99,0.000,-0.007,0.007
643.00,1274.00,32.00,689.00,32.00,688.99,0.000,-0.007,0.007
419.00,1275.00,32.00,689.00,32.00,688.99,0.000,-0.007,0.007
100.00,1276.00,32.00,689.00,32.00,688.99,0.000,-0.006,0.006
675.00,1276.00,32.00,689.00,32.00,688.99,0.000,-0.007,0.007
785.00,1276.00,32.00,689.00,32.00,688.99,0.000,-0.007,0.007
96.00,1277.00,32.00,689.00,32.00,688.99,0.000,-0.006,0.006
218.00,1277.00,32.00,689.00,32.00,688.99,0.000,-0.006,0.006
677.00,1278.00,32.00,689.00,32.00,688.99,0.000,-0.007,0.007
74.00,1279.00,32.00,689.00,32.00,688.99,0.000,-0.006,0.006
655.00,1281.00,32.00,689.00,32.00,688.99,0.000,-0.007,0.007
602.00,1282.00,32.00,689.00,32.00,688.99,0.000,-0.007,0.007
792.00,1282.00,32.00,689.00,32.00,688.99,0.000,-0.007,0.007
655.00,1284.00,32.00,689.00,32.00,688.99,0.000,-0.007,0.007
95.00,1285.00,32.00,689.00,32.00,688.99,0.000,-0.006,0.006
600.00,1285.00,32.00,689.00,32.00,688.99,0.000,-0.007,0.007
815.00,1285.00,32.00,689.00,32.00,688.99,0.000,-0.007,0.007
101.00,1286.00,32.00,689.00,32.00,688.99,0.000,-0.006,0.006
389.00,1286.00,32.00,689.00,32.00,688.99,0.000,-0.007,0.007
600.00,1287.00,32.00,689.00,32.00,688.99,0.000,-0.007,0.007
602.00,1287.00,32.00,689.00,32.00,688.99,0.000,-0.007,0.007
790.00,1287.00,32.00,689.00,32.00,688.99,0.000,-0.007,0.007
311.00,1288.00,32.00,689.00,32.00,688.99,0.000,-0.006,0.006
420.00,1289.00,32.00,689.00,32.00,688.99,0.000,-0.007,0.007
539.00,1289.00,32.00,689.00,32.00,688.99,0.000,-0.007,0.007
541.00,1289.00,32.00,689.00,32.00,688.99,0.000,-0.007,0.007
103.00,1290.00,32.00,689.00,32.00,688.99,0.000,-0.006,0.006
425.00,1292.00,32.00,689.00,32.00,688.99,0.000,-0.007,0.007
196.00,1293.00,32.00,689.00,32.00,688.99,0.000,-0.006,0.006
422.00,1293.00,32.00,689.00,32.00,688.99,0.000,-0.007,0.007
317.00,1294.00,32.00,689.00,32.00,688.99,0.000,-0.006,0.006
573.00,1294.00,32.00,689.00,32.00,688.99,0.000,-0.007,0.007
755.00,1294.00,32.00,689.00,32.00,688.99,0.000,-0.007,0.007
630.00,1295.00,32.00,689.00,32.00,688.99,0.000,-0.007,0.007
890.00,1295.00,32.00,689.00,32.00,688.99,0.000,-0.008,0.008
401.00,1296.00,32.00,689.00,32.00,688.99,0.000,-0.007,0.007
657.00,1296.00,32.00,689.00,32.00,688.99,0.000,-0.007,0.007
206.00,1297.00,32.00,689.00,32.00,688.99,0.000,-0.006,0.006
214.00,1297.00,32.00,689.00,32.00,688.99,0.000,-0.006,0.006
396.00,1297.00,32.00,689.00,32.00,688.99,0.000,-0.007,0.007
399.00,1297.00,32.00,689.00,32.00,688.99,0.000,-0.007,0.007
754.00,1297.00,32.00,689.00,32.00,688.99,0.000,-0.007,0.007
888.00,1297.00,32.00,689.00,32.00,688.99,0.000,-0.007,0.007
39.00,1298.00,32.00,689.00,32.00,688.99,0.000,-0.006,0.006
48.00,1298.00,32.00,689.00,32.00,688.99,0.000,-0.006,0.006
204.00,1298.00,32.00,689.00,32.00,688.99,0.000,-0.006,0.006
570.00,1298.00,32.00,689.00,32.00,688.99,0.000,-0.007,0.007
752.00,1298.00,32.00,689.00,32.00,688.99,0.000,-0.007,0.007
892.00,1298.00,32.00,689.00,32.00,688.99,0.000,-0.008,0.008
895.00,1298.00,32.00,689.00,32.00,688.99,0.000,-0.008,0.008
197.00,1299.00,32.00,689.00,32.00,688.99,0.000,-0.006,0.006
208.00,1299.00,32.00,689.00,32.00,688.99,0.000,-0.006,0.006
565.00,1299.00,32.00,689.00,32.00,688.99,0.000,-0.007,0.007
37.00,1300.00,32.00,689.00,32.00,688.99,0.000,-0.006,0.006
573.00,1300.00,32.00,689.00,32.00,688.99,0.000,-0.007,0.007
655.00,1300.00,32.00,689.00,32.00,688.99,0.000,-0.007,0.007
892.00,1300.00,32.00,689.00,32.00,688.99,0.000,-0.008,0.008
71.00,1301.00,32.00,689.00,32.00,688.99,0.000,-0.006,0.006
235.00,1301.00,32.00,689.00,32.00,688.99,0.000,-0.006,0.006
889.00,1301.00,32.00,689.00,32.00,688.99,0.000,-0.007,0.007
39.00,1302.00,32.00,689.00,32.00,688.99,0.000,-0.006,0.006
43.00,1302.00,32.00,689.00,32.00,688.99,0.000,-0.006,0.006
68.00,1302.00,32.00,689.00,32.00,688.99,0.000,-0.006,0.006
195.00,1302.00,32.00,689.00,32.00,688.99,0.000,-0.006,0.006
567.00,1302.00,32.00,689.00,32.00,688.99,0.000,-0.007,0.007
657.00,1302.00,32.00,689.00,32.00,688.99,0.000,-0.007,0.007
894.00,1302.00,32.00,689.00,32.00,688.99,0.000,-0.008,0.008
201.00,1303.00,32.00,689.00,32.00,688.99,0.000,-0.006,0.006
565.00,1303.00,32.00,689.00,32.00,688.99,0.000,-0.007,0.007
569.00,1303.00,32.00,689.00,32.00,688.99,0.000,-0.007,0.007
897.00,1303.00,32.00,689.00,32.00,688.99,0.000,-0.008,0.008
924.00,1303.00,32.00,689.00,32.00,688.99,0.000,-0.008,0.008
44.00,1304.00,32.00,689.00,32.00,688.99,0.000,-0.006,0.006
69.00,1304.00,32.00,689.00,32.00,688.99,0.000,-0.006,0.006
74.00,1304.00,32.00,689.00,32.00,688.99,0.000,-0.006,0.006
888.00,1304.00,32.00,689.00,32.00,688.99,0.000,-0.007,0.007
922.00,1304.00,32.00,689.00,32.00,688.99,0.000,-0.008,0.008
205.00,1305.00,32.00,689.00,32.00,688.99,0.000,-0.006,0.006
296.00,1305.00,32.00,689.00,32.00,688.99,0.000,-0.006,0.006
68.00,1307.00,32.00,689.00,32.00,688.99,0.000,-0.006,0.006
228.00,1307.00,32.00,689.00,32.00,688.99,0.000,-0.006,0.006
232.00,1307.00,32.00,689.00,32.00,688.99,0.000,-0.006,0.006
298.00,1307.00,32.00,689.00,32.00,688.99,0.000,-0.006,0.006
889.00,1307.00,32.00,689.00,32.00,688.99,0.000,-0.007,0.007
71.00,1309.00,32.00,689.00,32.00,688.99,0.000,-0.006,0.006
76.00,1309.00,32.00,689.00,32.00,688.99,0.000,-0.006,0.006
874.00,1309.00,32.00,689.00,32.00,688.99,0.000,-0.007,0.007
572.00,1310.00,32.00,689.00,32.00,688.99,0.000,-0.007,0.007
80.00,1311.00,32.00,689.00,32.00,688.99,0.000,-0.006,0.006
511.00,1311.00,32.00,689.00,32.00,688.99,0.000,-0.007,0.007
569.00,1311.00,32.00,689.00,32.00,688.99,0.000,-0.007,0.007
800.00,1311.00,32.00,689.00,32.00,688.99,0.000,-0.007,0.007
73.00,1312.00,32.00,689.00,32.00,688.99,0.000,-0.006,0.006
76.00,1312.00,32.00,689.00,32.00,688.99,0.000,-0.006,0.006
1196.00,1312.00,32.00,689.00,32.00,688.99,0.000,-0.008,0.008
296.00,1313.00,32.00,689.00,32.00,688.99,0.000,-0.006,0.006
799.00,1313.00,32.00,689.00,32.00,688.99,0.000,-0.007,0.007
862.00,1313.00,32.00,689.00,32.00,688.99,0.000,-0.007,0.007
71.00,1314.00,32.00,689.00,32.00,688.99,0.000,-0.006,0.006
82.00,1314.00,32.00,689.00,32.00,688.99,0.000,-0.006,0.006
300.00,1314.00,32.00,689.00,32.00,688.99,0.000,-0.006,0.006
425.00,1314.00,32.00,689.00,32.00,688.99,0.000,-0.007,0.007
804.00,1314.00,32.00,689.00,32.00,688.99,0.000,-0.007,0.007
1233.00,1314.00,32.00,689.00,32.00,688.99,0.000,-0.008,0.008
78.00,1315.00,32.00,689.00,32.00,688.99,0.000,-0.006,0.006
865.00,1315.00,32.00,689.00,32.00,688.99,0.000,-0.007,0.007
207.00,1316.00,32.00,689.00,32.00,688.99,0.000,-0.006,0.006
202.00,1317.00,32.00,689.00,32.00,688.99,0.000,-0.006,0.006
299.00,1317.00,32.00,689.00,32.00,688.99,0.000,-0.006,0.006
865.00,1317.00,32.00,689.00,32.00,688.99,0.000,-0.007,0.007
874.00,1317.00,32.00,689.00,32.00,688.99,0.000,-0.007,0.007
1233.00,1317.00,32.00,689.00,32.00,688.99,0.000,-0.008,0.008
204.00,1318.00,32.00,689.00,32.00,688.99,0.000,-0.006,0.006
861.00,1318.00,32.00,689.00,32.00,688.99,0.000,-0.007,0.007
83.00,1319.00,32.00,689.00,32.00,688.99,0.000,-0.006,0.006
176.00,1319.00,32.00,689.00,32.00,688.99,0.000,-0.006,0.006
806.00,1319.00,32.00,689.00,32.00,688.99,0.000,-0.007,0.007
75.00,1320.00,32.00,689.00,32.00,688.99,0.000,-0.006,0.006
178.00,1320.00,32.00,689.00,32.00,688.99,0.000,-0.006,0.006
550.00,1320.00,32.00,689.00,32.00,688.99,0.000,-0.007,0.007
859.00,1320.00,32.00,689.00,32.00,688.99,0.000,-0.007,0.007
863.00,1320.00,32.00,689.00,32.00,688.99,0.000,-0.007,0.007
807.00,1321.00,32.00,689.00,32.00,688.99,0.000,-0.007,0.007
83.00,1322.00,32.00,689.00,32.00,688.99,0.000,-0.006,0.006
180.00,1322.00,32.00,689.00,32.00,688.99,0.000,-0.006,0.006
771.00,1322.00,32.00,689.00,32.00,688.99,0.000,-0.007,0.007
81.00,1323.00,32.00,689.00,32.00,688.99,0.000,-0.006,0.006
206.00,1323.00,32.00,689.00,32.00,688.99,0.000,-0.006,0.006
69.00,1324.00,32.00,689.00,32.00,688.99,0.000,-0.006,0.006
174.00,1324.00,32.00,689.00,32.00,688.99,0.000,-0.006,0.006
178.00,1324.00,32.00,689.00,32.00,688.99,0.000,-0.006,0.006
802.00,1324.00,32.00,689.00,32.00,688.99,0.000,-0.007,0.007
76.00,1325.00,32.00,689.00,32.00,688.99,0.000,-0.006,0.006
80.00,1325.00,32.00,689.00,32.00,688.99,0.000,-0.006,0.006
206.00,1325.00,32.00,689.00,32.00,688.99,0.000,-0.006,0.006
870.00,1325.00,32.00,689.00,32.00,688.99,0.000,-0.007,0.007
50.00,1326.00,32.00,689.00,32.00,688.99,0.000,-0.006,0.006
209.00,1326.00,32.00,689.00,32.00,688.99,0.000,-0.006,0.006
768.00,1327.00,32.00,689.00,32.00,688.99,0.000,-0.007,0.007
770.00,1327.00,32.00,689.00,32.00,688.99,0.000,-0.007,0.007
44.00,1328.00,32.00,689.00,32.00,688.99,0.000,-0.006,0.006
419.00,1328.00,32.00,689.00,32.00,688.99,0.000,-0.007,0.007
53.00,1329.00,32.00,689.00,32.00,688.99,0.000,-0.006,0.006
75.00,1329.00,32.00,689.00,32.00,688.99,0.000,-0.006,0.006
78.00,1329.00,32.00,689.00,32.00,688.99,0.000,-0.006,0.006
174.00,1329.00,32.00,689.00,32.00,688.99,0.000,-0.006,0.006
206.00,1329.00,32.00,689.00,32.00,688.99,0.000,-0.006,0.006
50.00,1330.00,32.00,689.00,32.00,688.99,0.000,-0.006,0.006
420.00,1330.00,32.00,689.00,32.00,688.99,0.000,-0.007,0.007
893.00,1330.00,32.00,689.00,32.00,688.99,0.000,-0.007,0.007
176.00,1331.00,32.00,689.00,32.00,688.99,0.000,-0.006,0.006
775.00,1334.00,32.00,689.00,32.00,688.99,0.000,-0.007,0.007
898.00,1334.00,32.00,689.00,32.00,688.99,0.000,-0.007,0.007
993.00,1334.00,32.00,689.00,32.00,688.99,0.000,-0.008,0.008
439.00,1335.00,32.00,689.00,32.00,688.99,0.000,-0.007,0.007
772.00,1335.00,32.00,689.00,32.00,688.99,0.000,-0.007,0.007
894.00,1335.00,32.00,689.00,32.00,688.99,0.000,-0.007,0.007
990.00,1335.00,32.00,689.00,32.00,688.99,0.000,-0.008,0.008
285.00,1336.00,32.00,689.00,32.00,688.99,0.000,-0.006,0.006
767.00,1336.00,32.00,689.00,32.00,688.99,0.000,-0.007,0.007
899.00,1336.00,32.00,689.00,32.00,688.99,0.000,-0.007,0.007
995.00,1336.00,32.00,689.00,32.00,688.99,0.000,-0.008,0.008
49.00,1337.00,32.00,689.00,32.00,688.99,0.000,-0.006,0.006
436.00,1337.00,32.00,689.00,32.00,688.99,0.000,-0.007,0.007
764.00,1337.00,32.00,689.00,32.00,688.99,0.000,-0.007,0.007
983.00,1337.00,32.00,689.00,32.00,688.99,0.000,-0.008,0.008
1004.00,1337.00,32.00,689.00,32.00,688.99,0.000,-0.008,0.008
1124.00,1337.00,32.00,689.00,32.00,688.99,0.000,-0.008,0.008
434.00,1338.00,32.00,689.00,32.00,688.99,0.000,-0.007,0.007
761.00,1338.00,32.00,689.00,32.00,688.99,0.000,-0.007,0.007
775.00,1338.00,32.00,689.00,32.00,688.99,0.000,-0.007,0.007
897.00,1338.00,32.00,689.00,32.00,688.99,0.000,-0.007,0.007
980.00,1338.00,32.00,689.00,32.00,688.99,0.000,-0.008,0.008
985.00,1338.00,32.00,689.00,32.00,688.99,0.000,-0.008,0.008
308.00,1339.00,32.00,689.00,32.00,688.99,0.000,-0.006,0.006
442.00,1339.00,32.00,689.00,32.00,688.99,0.000,-0.007,0.007
988.00,1339.00,32.00,689.00,32.00,688.99,0.000,-0.008,0.008
311.00,1340.00,32.00,689.00,32.00,688.99,0.000,-0.006,0.006
539.00,1340.00,32.00,689.00,32.00,688.99,0.000,-0.007,0.007
773.00,1340.00,32.00,689.00,32.00,688.99,0.000,-0.007,0.007
978.00,1340.00,32.00,689.00,32.00,688.99,0.000,-0.008,0.008
983.00,1340.00,32.00,689.00,32.00,688.99,0.000,-0.008,0.008
986.00,1340.00,32.00,689.00,32.00,688.99,0.000,-0.008,0.008
990.00,1340.00,32.00,689.00,32.00,688.99,0.000,-0.008,0.008
1124.00,1340.00,32.00,689.00,32.00,688.99,0.000,-0.008,0.008
1210.00,1340.00,32.00,689.00,32.00,688.99,0.000,-0.008,0.008
308.00,1341.00,32.00,689.00,32.00,688.99,0.000,-0.006,0.006
761.00,1341.00,32.00,689.00,32.00,688.99,0.000,-0.007,0.007
992.00,1341.00,32.00,689.00,32.00,688.99,0.000,-0.008,0.008
452.00,1342.00,32.00,689.00,32.00,688.99,0.000,-0.007,0.007
847.00,1342.00,32.00,689.00,32.00,688.99,0.000,-0.007,0.007
989.00,1342.00,32.00,689.00,32.00,688.99,0.000,-0.008,0.008
1193.00,1342.00,32.00,689.00,32.00,688.99,0.000,-0.008,0.008
1213.00,1342.00,32.00,689.00,32.00,688.99,0.000,-0.008,0.008
983.00,1343.00,32.00,689.00,32.00,688.99,0.000,-0.008,0.008
997.00,1343.00,32.00,689.00,32.00,688.99,0.000,-0.008,0.008
1018.00,1343.00,32.00,689.00,32.00,688.99,0.000,-0.008,0.008
991.00,1344.00,32.00,689.00,32.00,688.99,0.000,-0.008,0.008
202.00,1345.00,32.00,689.00,32.00,688.99,0.000,-0.006,0.006
844.00,1345.00,32.00,689.00,32.00,688.99,0.000,-0.007,0.007
980.00,1345.00,32.00,689.00,32.00,688.99,0.000,-0.008,0.008
989.00,1345.00,32.00,689.00,32.00,688.99,0.000,-0.008,0.008
206.00,1346.00,32.00,689.00,32.00,688.99,0.000,-0.006,0.006
407.00,1346.00,32.00,689.00,32.00,688.99,0.000,-0.007,0.007
975.00,1346.00,32.00,689.00,32.00,688.99,0.000,-0.008,0.008
1198.00,1346.00,32.00,689.00,32.00,688.99,0.000,-0.008,0.008
766.00,1347.00,32.00,689.00,32.00,688.99,0.000,-0.007,0.007
971.00,1347.00,32.00,689.00,32.00,688.99,0.000,-0.008,0.008
983.00,1347.00,32.00,689.00,32.00,688.99,0.000,-0.008,0.008
1049.00,1347.00,32.00,689.00,32.00,688.99,0.000,-0.008,0.008
1202.00,1347.00,32.00,689.00,32.00,688.99,0.000,-0.008,0.008
209.00,1348.00,32.00,689.00,32.00,688.99,0.000,-0.006,0.006
762.00,1348.00,32.00,689.00,32.00,688.99,0.000,-0.007,0.007
1047.00,1348.00,32.00,689.00,32.00,688.99,0.000,-0.008,0.008
998.00,1349.00,32.00,689.00,32.00,688.99,0.000,-0.008,0.008
1144.00,1349.00,32.00,689.00,32.00,688.99,0.000,-0.008,0.008
209.00,1350.00,32.00,689.00,32.00,688.99,0.000,-0.006,0.006
212.00,1350.00,32.00,689.00,32.00,688.99,0.000,-0.006,0.006
773.00,1350.00,32.00,689.00,32.00,688.99,0.000,-0.007,0.007
1003.00,1350.00,32.00,689.00,32.00,688.99,0.000,-0.008,0.008
1043.00,1350.00,32.00,689.00,32.00,688.99,0.000,-0.008,0.008
1142.00,1350.00,32.00,689.00,32.00,688.99,0.000,-0.008,0.008
207.00,1351.00,32.00,689.00,32.00,688.99,0.000,-0.006,0.006
885.00,1352.00,32.00,689.00,32.00,688.99,0.000,-0.007,0.007
1218.00,1352.00,32.00,689.00,32.00,688.99,0.000,-0.008,0.008
207.00,1353.00,32.00,689.00,32.00,688.99,0.000,-0.006,0.006
745.00,1353.00,32.00,689.00,32.00,688.99,0.000,-0.007,0.007
773.00,1353.00,32.00,689.00,32.00,688.99,0.000,-0.007,0.007
890.00,1353.00,32.00,689.00,32.00,688.99,0.000,-0.007,0.007
1074.00,1354.00,32.00,689.00,32.00,688.99,0.000,-0.008,0.008
741.00,1355.00,32.00,689.00,32.00,688.99,0.000,-0.007,0.007
747.00,1355.00,32.00,689.00,32.00,688.99,0.000,-0.007,0.007
1076.00,1356.00,32.00,689.00,32.00,688.99,0.000,-0.008,0.008
741.00,1357.00,32.00,689.00,32.00,688.99,0.000,-0.007,0.007
743.00,1357.00,32.00,689.00,32.00,688.99,0.000,-0.007,0.007
1068.00,1357.00,32.00,689.00,32.00,688.99,0.000,-0.008,0.008
747.00,1358.00,32.00,689.00,32.00,688.99,0.000,-0.007,0.007
1050.00,1360.00,32.00,689.00,32.00,688.99,0.000,-0.008,0.008
457.00,1361.00,32.00,689.00,32.00,688.99,0.000,-0.007,0.007
450.00,1362.00,32.00,689.00,32.00,688.99,0.000,-0.007,0.007
657.00,1362.00,32.00,689.00,32.00,688.99,0.000,-0.007,0.007
836.00,1362.00,32.00,689.00,32.00,688.99,0.000,-0.007,0.007
1048.00,1362.00,32.00,689.00,32.00,688.99,0.000,-0.008,0.008
1072.00,1362.00,32.00,689.00,32.00,688.99,0.000,-0.008,0.008
247.00,1363.00,32.00,689.00,32.00,688.99,0.000,-0.006,0.006
653.00,1363.00,32.00,689.00,32.00,688.99,0.000,-0.007,0.007
240.00,1364.00,32.00,689.00,32.00,688.99,0.000,-0.006,0.006
245.00,1364.00,32.00,689.00,32.00,688.99,0.000,-0.006,0.006
251.00,1364.00,32.00,689.00,32.00,688.99,0.000,-0.006,0.006
297.00,1364.00,32.00,689.00,32.00,688.99,0.000,-0.006,0.006
447.00,1364.00,32.00,689.00,32.00,688.99,0.000,-0.007,0.007
649.00,1364.00,32.00,689.00,32.00,688.99,0.000,-0.007,0.007
663.00,1364.00,32.00,689.00,32.00,688.99,0.000,-0.007,0.007
1119.00,1364.00,32.00,689.00,32.00,688.99,0.000,-0.008,0.008
242.00,1365.00,32.00,689.00,32.00,688.99,0.000,-0.006,0.006
457.00,1365.00,32.00,689.00,32.00,688.99,0.000,-0.007,0.007
656.00,1365.00,32.00,689.00,32.00,688.99,0.000,-0.007,0.007
1039.00,1365.00,32.00,689.00,32.00,688.99,0.000,-0.008,0.008
981.00,1366.00,32.00,689.00,32.00,688.99,0.000,-0.008,0.008
1114.00,1366.00,32.00,689.00,32.00,688.99,0.000,-0.008,0.008
1121.00,1366.00,32.00,689.00,32.00,688.99,0.000,-0.008,0.008
248.00,1367.00,32.00,689.00,32.00,688.99,0.000,-0.006,0.006
297.00,1367.00,32.00,689.00,32.00,688.99,0.000,-0.006,0.006
421.00,1367.00,32.00,689.00,32.00,688.99,0.000,-0.007,0.007
653.00,1367.00,32.00,689.00,32.00,688.99,0.000,-0.007,0.007
660.00,1367.00,32.00,689.00,32.00,688.99,0.000,-0.007,0.007
1047.00,1367.00,32.00,689.00,32.00,688.99,0.000,-0.008,0.008
1118.00,1367.00,32.00,689.00,32.00,688.99,0.000,-0.008,0.008
241.00,1368.00,32.00,689.00,32.00,688.99,0.000,-0.006,0.006
245.00,1368.00,32.00,689.00,32.00,688.99,0.000,-0.006,0.006
440.00,1368.00,32.00,689.00,32.00,688.99,0.000,-0.007,0.007
656.00,1368.00,32.00,689.00,32.00,688.99,0.000,-0.007,0.007
869.00,1368.00,32.00,689.00,32.00,688.99,0.000,-0.007,0.007
982.00,1368.00,32.00,689.00,32.00,688.99,0.000,-0.008,0.008
1045.00,1368.00,32.00,689.00,32.00,688.99,0.000,-0.008,0.008
1164.00,1368.00,32.00,689.00,32.00,688.99,0.000,-0.008,0.008
442.00,1369.00,32.00,689.00,32.00,688.99,0.000,-0.007,0.007
653.00,1369.00,32.00,689.00,32.00,688.99,0.000,-0.007,0.007
891.00,1369.00,32.00,689.00,32.00,688.99,0.000,-0.007,0.007
1115.00,1369.00,32.00,689.00,32.00,688.99,0.000,-0.008,0.008
1166.00,1369.00,32.00,689.00,32.00,688.99,0.000,-0.008,0.008
218.00,1370.00,32.00,689.00,32.00,688.99,0.000,-0.006,0.006
237.00,1370.00,32.00,689.00,32.00,688.99,0.000,-0.006,0.006
432.00,1370.00,32.00,689.00,32.00,688.99,0.000,-0.007,0.007
437.00,1370.00,32.00,689.00,32.00,688.99,0.000,-0.007,0.007
861.00,1370.00,32.00,689.00,32.00,688.99,0.000,-0.007,0.007
866.00,1370.00,32.00,689.00,32.00,688.99,0.000,-0.007,0.007
977.00,1370.00,32.00,689.00,32.00,688.99,0.000,-0.008,0.008
1118.00,1370.00,32.00,689.00,32.00,688.99,0.000,-0.008,0.008
1123.00,1370.00,32.00,689.00,32.00,688.99,0.000,-0.008,0.008
1169.00,1370.00,32.00,689.00,32.00,688.99,0.000,-0.008,0.008
1175.00,1370.00,32.00,689.00,32.00,688.99,0.000,-0.008,0.008
1202.00,1370.00,32.00,689.00,32.00,688.99,0.000,-0.008,0.008
426.00,1371.00,32.00,689.00,32.00,688.99,0.000,-0.007,0.007
656.00,1371.00,32.00,689.00,32.00,688.99,0.000,-0.007,0.007
1165.00,1371.00,32.00,689.00,32.00,688.99,0.000,-0.008,0.008
982.00,1372.00,32.00,689.00,32.00,688.99,0.000,-0.008,0.008
636.00,1373.00,32.00,689.00,32.00,688.99,0.000,-0.007,0.007
1103.00,1373.00,32.00,689.00,32.00,688.99,0.000,-0.008,0.008
1113.00,1373.00,32.00,689.00,32.00,688.99,0.000,-0.008,0.008
1202.00,1373.00,32.00,689.00,32.00,688.99,0.000,-0.008,0.008
633.00,1374.00,32.00,689.00,32.00,688.99,0.000,-0.007,0.007
223.00,1375.00,32.00,689.00,32.00,688.99,0.000,-0.006,0.006
430.00,1375.00,32.00,689.00,32.00,688.99,0.000,-0.007,0.007
976.00,1375.00,32.00,689.00,32.00,688.99,0.000,-0.007,0.007
1109.00,1375.00,32.00,689.00,32.00,688.99,0.000,-0.008,0.008
1111.00,1375.00,32.00,689.00,32.00,688.99,0.000,-0.008,0.008
1199.00,1375.00,32.00,689.00,32.00,688.99,0.000,-0.008,0.008
211.00,1376.00,32.00,689.00,32.00,688.99,0.000,-0.006,0.006
221.00,1376.00,32.00,689.00,32.00,688.99,0.000,-0.006,0.006
979.00,1376.00,32.00,689.00,32.00,688.99,0.000,-0.008,0.008
987.00,1376.00,32.00,689.00,32.00,688.99,0.000,-0.008,0.008
1168.00,1376.00,32.00,689.00,32.00,688.99,0.000,-0.008,0.008
856.00,1377.00,32.00,689.00,32.00,688.99,0.000,-0.007,0.007
1215.00,1377.00,32.00,689.00,32.00,688.99,0.000,-0.008,0.008
858.00,1378.00,32.00,689.00,32.00,688.99,0.000,-0.007,0.007
864.00,1378.00,32.00,689.00,32.00,688.99,0.000,-0.007,0.007
211.00,1379.00,32.00,689.00,32.00,688.99,0.000,-0.006,0.006
867.00,1379.00,32.00,689.00,32.00,688.99,0.000,-0.007,0.007
978.00,1379.00,32.00,689.00,32.00,688.99,0.000,-0.007,0.007
1219.00,1379.00,32.00,689.00,32.00,688.99,0.000,-0.008,0.008
860.00,1380.00,32.00,689.00,32.00,688.99,0.000,-0.007,0.007
976.00,1380.00,32.00,689.00,32.00,688.99,0.000,-0.007,0.007
1215.00,1380.00,32.00,689.00,32.00,688.99,0.000,-0.008,0.008
214.00,1381.00,32.00,689.00,32.00,688.99,0.000,-0.006,0.006
910.00,1383.00,32.00,689.00,32.00,688.99,0.000,-0.007,0.007
1216.00,1383.00,32.00,689.00,32.00,688.99,0.000,-0.008,0.008
861.00,1386.00,32.00,689.00,32.00,688.99,0.000,-0.007,0.007
662.00,1387.00,32.00,689.00,32.00,688.99,0.000,-0.007,0.007
834.00,1387.00,32.00,689.00,32.00,688.99,0.000,-0.007,0.007
830.00,1388.00,32.00,689.00,32.00,688.99,0.000,-0.007,0.007
826.00,1389.00,32.00,689.00,32.00,688.99,0.000,-0.007,0.007
457.00,1390.00,32.00,689.00,32.00,688.99,0.000,-0.007,0.007
837.00,1390.00,32.00,689.00,32.00,688.99,0.000,-0.007,0.007
454.00,1393.00,32.00,689.00,32.00,688.99,0.000,-0.007,0.007
458.00,1393.00,32.00,689.00,32.00,688.99,0.000,-0.007,0.007
650.00,1393.00,32.00,689.00,32.00,688.99,0.000,-0.007,0.007
830.00,1393.00,32.00,689.00,32.00,688.99,0.000,-0.007,0.007
885.00,1396.00,32.00,689.00,32.00,688.99,0.000,-0.007,0.007
236.00,1397.00,32.00,689.00,32.00,688.99,0.000,-0.006,0.006
461.00,1397.00,32.00,689.00,32.00,688.99,0.000,-0.007,0.007
1120.00,1398.00,32.00,689.00,32.00,688.99,0.000,-0.008,0.008
895.00,1399.00,32.00,689.00,32.00,688.99,0.000,-0.007,0.007
202.00,1400.00,32.00,689.00,32.00,688.99,0.000,-0.006,0.006
236.00,1400.00,32.00,689.00,32.00,688.99,0.000,-0.006,0.006
407.00,1400.00,32.00,689.00,32.00,688.99,0.000,-0.006,0.006
869.00,1401.00,32.00,689.00,32.00,688.99,0.000,-0.007,0.007
402.00,1402.00,32.00,689.00,32.00,688.99,0.000,-0.006,0.006
888.00,1402.00,32.00,689.00,32.00,688.99,0.000,-0.007,0.007
199.00,1403.00,32.00,689.00,32.00,688.99,0.000,-0.006,0.006
232.00,1403.00,32.00,689.00,32.00,688.99,0.000,-0.006,0.006
399.00,1403.00,32.00,689.00,32.00,688.99,0.000,-0.006,0.006
406.00,1403.00,32.00,689.00,32.00,688.99,0.000,-0.006,0.006
96.00,1404.00,32.00,689.00,32.00,688.99,0.000,-0.006,0.006
202.00,1404.00,32.00,689.00,32.00,688.99,0.000,-0.006,0.006
695.00,1404.00,32.00,689.00,32.00,688.99,0.000,-0.007,0.007
1188.00,1404.00,32.00,689.00,32.00,688.99,0.000,-0.008,0.008
94.00,1405.00,32.00,689.00,32.00,688.99,0.000,-0.006,0.006
204.00,1405.00,32.00,689.00,32.00,688.99,0.000,-0.006,0.006
206.00,1405.00,32.00,689.00,32.00,688.99,0.000,-0.006,0.006
402.00,1405.00,32.00,689.00,32.00,688.99,0.000,-0.006,0.006
197.00,1407.00,32.00,689.00,32.00,688.99,0.000,-0.006,0.006
406.00,1407.00,32.00,689.00,32.00,688.99,0.000,-0.006,0.006
689.00,1407.00,32.00,689.00,32.00,688.99,0.000,-0.007,0.007
157.00,1408.00,32.00,689.00,32.00,688.99,0.000,-0.006,0.006
782.00,1408.00,32.00,689.00,32.00,688.99,0.000,-0.007,0.007
700.00,1409.00,32.00,689.00,32.00,688.99,0.000,-0.007,0.007
780.00,1409.00,32.00,689.00,32.00,688.99,0.000,-0.007,0.007
170.00,1410.00,32.00,689.00,32.00,688.99,0.000,-0.006,0.006
209.00,1410.00,32.00,689.00,32.00,688.99,0.000,-0.006,0.006
399.00,1410.00,32.00,689.00,32.00,688.99,0.000,-0.006,0.006
154.00,1411.00,32.00,689.00,32.00,688.99,0.000,-0.006,0.006
168.00,1411.00,32.00,689.00,32.00,688.99,0.000,-0.006,0.006
791.00,1412.00,32.00,689.00,32.00,688.99,0.000,-0.007,0.007
171.00,1413.00,32.00,689.00,32.00,688.99,0.000,-0.006,0.006
434.00,1413.00,32.00,689.00,32.00,688.99,0.000,-0.006,0.006
786.00,1413.00,32.00,689.00,32.00,688.99,0.000,-0.007,0.007
912.00,1413.00,32.00,689.00,32.00,688.99,0.000,-0.007,0.007
56.00,1414.00,32.00,689.00,32.00,688.99,0.000,-0.006,0.006
1089.00,1414.00,32.00,689.00,32.00,688.99,0.000,-0.008,0.008
60.00,1415.00,32.00,689.00,32.00,688.99,0.000,-0.006,0.006
786.00,1415.00,32.00,689.00,32.00,688.99,0.000,-0.007,0.007
790.00,1415.00,32.00,689.00,32.00,688.99,0.000,-0.007,0.007
916.00,1415.00,32.00,689.00,32.00,688.99,0.000,-0.007,0.007
1096.00,1415.00,32.00,689.00,32.00,688.99,0.000,-0.008,0.008
1099.00,1415.00,32.00,689.00,32.00,688.99,0.000,-0.008,0.008
172.00,1416.00,32.00,689.00,32.00,688.99,0.000,-0.006,0.006
784.00,1416.00,32.00,689.00,32.00,688.99,0.000,-0.007,0.007
1096.00,1417.00,32.00,689.00,32.00,688.99,0.000,-0.008,0.008
166.00,1418.00,32.00,689.00,32.00,688.99,0.000,-0.006,0.006
782.00,1418.00,32.00,689.00,32.00,688.99,0.000,-0.007,0.007
917.00,1418.00,32.00,689.00,32.00,688.99,0.000,-0.007,0.007
430.00,1419.00,32.00,689.00,32.00,688.99,0.000,-0.006,0.006
779.00,1419.00,32.00,689.00,32.00,688.99,0.000,-0.007,0.007
61.00,1420.00,32.00,689.00,32.00,688.99,0.000,-0.006,0.006
783.00,1421.00,32.00,689.00,32.00,688.99,0.000,-0.007,0.007
998.00,1421.00,32.00,689.00,32.00,688.99,0.000,-0.007,0.007
57.00,1422.00,32.00,689.00,32.00,688.99,0.000,-0.006,0.006
62.00,1422.00,32.00,689.00,32.00,688.99,0.000,-0.006,0.006
961.00,1422.00,32.00,689.00,32.00,688.99,0.000,-0.007,0.007
60.00,1423.00,32.00,689.00,32.00,688.99,0.000,-0.006,0.006
436.00,1424.00,32.00,689.00,32.00,688.99,0.000,-0.006,0.006
1139.00,1424.00,32.00,689.00,32.00,688.99,0.000,-0.008,0.008
1146.00,1424.00,32.00,689.00,32.00,688.99,0.000,-0.008,0.008
433.00,1425.00,32.00,689.00,32.00,688.99,0.000,-0.006,0.006
779.00,1425.00,32.00,689.00,32.00,688.99,0.000,-0.007,0.007
435.00,1426.00,32.00,689.00,32.00,688.99,0.000,-0.006,0.006
437.00,1426.00,32.00,689.00,32.00,688.99,0.000,-0.006,0.006
441.00,1428.00,32.00,689.00,32.00,688.99,0.000,-0.006,0.006
437.00,1429.00,32.00,689.00,32.00,688.99,0.000,-0.006,0.006
179.00,1430.00,32.00,689.00,32.00,688.99,0.000,-0.006,0.006
182.00,1431.00,32.00,689.00,32.00,688.99,0.000,-0.006,0.006
860.00,1431.00,32.00,689.00,32.00,688.99,0.000,-0.007,0.007
902.00,1432.00,32.00,689.00,32.00,688.99,0.000,-0.007,0.007
899.00,1433.00,32.00,689.00,32.00,688.99,0.000,-0.007,0.007
806.00,1434.00,32.00,689.00,32.00,688.99,0.000,-0.007,0.007
1000.00,1434.00,32.00,689.00,32.00,688.99,0.000,-0.007,0.007
861.00,1435.00,32.00,689.00,32.00,688.99,0.000,-0.007,0.007
1111.00,1437.00,32.00,689.00,32.00,688.99,0.000,-0.008,0.008
179.00,1438.00,32.00,689.00,32.00,688.99,0.000,-0.006,0.006
183.00,1438.00,32.00,689.00,32.00,688.99,0.000,-0.006,0.006
899.00,1438.00,32.00,689.00,32.00,688.99,0.000,-0.007,0.007
765.00,1439.00,32.00,689.00,32.00,688.99,0.000,-0.007,0.007
802.00,1440.00,32.00,689.00,32.00,688.99,0.000,-0.007,0.007
808.00,1440.00,32.00,689.00,32.00,688.99,0.000,-0.007,0.007
800.00,1441.00,32.00,689.00,32.00,688.99,0.000,-0.007,0.007
903.00,1441.00,32.00,689.00,32.00,688.99,0.000,-0.007,0.007
180.00,1442.00,32.00,689.00,32.00,688.99,0.000,-0.006,0.006
812.00,1442.00,32.00,689.00,32.00,688.99,0.000,-0.007,0.007
782.00,1443.00,32.00,689.00,32.00,688.99,0.000,-0.007,0.007
798.00,1443.00,32.00,689.00,32.00,688.99,0.000,-0.007,0.007
809.00,1443.00,32.00,689.00,32.00,688.99,0.000,-0.007,0.007
159.00,1444.00,32.00,689.00,32.00,688.99,0.000,-0.006,0.006
770.00,1444.00,32.00,689.00,32.00,688.99,0.000,-0.007,0.007
162.00,1445.00,32.00,689.00,32.00,688.99,0.000,-0.006,0.006
766.00,1445.00,32.00,689.00,32.00,688.99,0.000,-0.007,0.007
786.00,1445.00,32.00,689.00,32.00,688.99,0.000,-0.007,0.007
789.00,1445.00,32.00,689.00,32.00,688.99,0.000,-0.007,0.007
793.00,1445.00,32.00,689.00,32.00,688.99,0.000,-0.007,0.007
796.00,1445.00,32.00,689.00,32.00,688.99,0.000,-0.007,0.007
164.00,1446.00,32.00,689.00,32.00,688.99,0.000,-0.006,0.006
545.00,1447.00,32.00,689.00,32.00,688.99,0.000,-0.007,0.007
765.00,1447.00,32.00,689.00,32.00,688.99,0.000,-0.007,0.007
790.00,1447.00,32.00,689.00,32.00,688.99,0.000,-0.007,0.007
785.00,1449.00,32.00,689.00,32.00,688.99,0.000,-0.007,0.007
869.00,1450.00,32.00,689.00,32.00,688.99,0.000,-0.007,0.007
872.00,1452.00,32.00,689.00,32.00,688.99,0.000,-0.007,0.007
787.00,1453.00,32.00,689.00,32.00,688.99,0.000,-0.007,0.007
875.00,1453.00,32.00,689.00,32.00,688.99,0.000,-0.007,0.007
538.00,1454.00,32.00,689.00,32.00,688.99,0.000,-0.007,0.007
778.00,1454.00,32.00,689.00,32.00,688.99,0.000,-0.007,0.007
872.00,1454.00,32.00,689.00,32.00,688.99,0.000,-0.007,0.007
877.00,1454.00,32.00,689.00,32.00,688.99,0.000,-0.007,0.007
977.00,1454.00,32.00,689.00,32.00,688.99,0.000,-0.007,0.007
193.00,1456.00,32.00,689.00,32.00,688.99,0.000,-0.006,0.006
785.00,1456.00,32.00,689.00,32.00,688.99,0.000,-0.007,0.007
541.00,1457.00,32.00,689.00,32.00,688.99,0.000,-0.007,0.007
869.00,1457.00,32.00,689.00,32.00,688.99,0.000,-0.007,0.007
544.00,1458.00,32.00,689.00,32.00,688.99,0.000,-0.007,0.007
873.00,1458.00,32.00,689.00,32.00,688.99,0.000,-0.007,0.007
365.00,1459.00,32.00,689.00,32.00,688.99,0.000,-0.006,0.006
782.00,1459.00,32.00,689.00,32.00,688.99,0.000,-0.007,0.007
592.00,1460.00,32.00,689.00,32.00,688.99,0.000,-0.007,0.007
785.00,1460.00,32.00,689.00,32.00,688.99,0.000,-0.007,0.007
875.00,1460.00,32.00,689.00,32.00,688.99,0.000,-0.007,0.007
52.00,1461.00,32.00,689.00,32.00,688.99,0.000,-0.006,0.006
543.00,1461.00,32.00,689.00,32.00,688.99,0.000,-0.007,0.007
362.00,1462.00,32.00,689.00,32.00,688.99,0.000,-0.006,0.006
591.00,1463.00,32.00,689.00,32.00,688.99,0.000,-0.007,0.007
56.00,1465.00,32.00,689.00,32.00,688.99,0.000,-0.006,0.006
775.00,1465.00,32.00,689.00,32.00,688.99,0.000,-0.007,0.007
782.00,1466.00,32.00,689.00,32.00,688.99,0.000,-0.007,0.007
589.00,1467.00,32.00,689.00,32.00,688.99,0.000,-0.007,0.007
841.00,1467.00,32.00,689.00,32.00,688.99,0.000,-0.007,0.007
